hippo_id,smiles,inchikey,required_amount_mg,quoted_amount,quote_currency,quote_price,quote_lead_time_days,quote_supplier,quote_catalogue,quote_entry,quoted_smiles,quoted_purity,num_reaction_dependencies,num_product_dependencies,reaction_dependencies,product_dependencies,chemistry_types,scaffold_series
69515,NC1=NCCCS1,PQXQEOIFIUJLIE-UHFFFAOYSA-N,4.0,100.0,EUR,58.0,10,Enamine,Global catalog,EN300-221735,Br.NC1=NCCCS1,,4,4,"[86, 62350, 62352, 62357]","[734, 131917, 131919, 131924]",N-nucleophilic_aromatic_substitution,[734]
69516,CC(C)n1cc(Br)cn1,HYWPFIXULAMLRZ-UHFFFAOYSA-N,1.0,100.0,EUR,18.0,10,Enamine,Global catalog,EN300-206185,CC(C)n1cc(Br)cn1,,1,1,[86],[734],N-nucleophilic_aromatic_substitution,[734]
69859,CCS(=O)(=O)Cl,FRYHCSODNHYDPU-UHFFFAOYSA-N,9.0,100.0,EUR,18.0,10,Enamine,Global catalog,EN300-20630,CCS(=O)(=O)Cl,,9,9,"[357, 359, 380, 387, 389, 391, 392, 393, 395]","[772, 791, 808, 850, 852, 856, 890, 915, 3075]",Sulfonamide_Schotten-Baumann_with_amine_(intermolecular),"[772, 791, 808, 850, 852, 856, 890, 915, 3075]"
69970,COc1cccnc1CN,YYZWARUBOQAMQS-UHFFFAOYSA-N,1.0,100.0,EUR,91.0,10,Enamine,Global catalog,EN300-234756,COc1cccnc1CN,,1,1,[387],[772],Sulfonamide_Schotten-Baumann_with_amine_(intermolecular),[772]
69935,NCc1ncccc1F,QLRSPKRGYAGOEC-UHFFFAOYSA-N,1.0,100.0,EUR,18.0,10,Enamine,Global catalog,EN300-111522,Cl.Cl.NCc1ncccc1F,,1,1,[357],[791],Sulfonamide_Schotten-Baumann_with_amine_(intermolecular),[791]
69972,NCc1nc(Cl)ccc1Br,YTHRNMAFBYGWGU-UHFFFAOYSA-N,1.0,100.0,EUR,78.0,10,Enamine,Global catalog,EN300-6762324,Cl.NCc1nc(Cl)ccc1Br,,1,1,[389],[808],Sulfonamide_Schotten-Baumann_with_amine_(intermolecular),[808]
69974,Cc1cnccc1CN,DZMLSCJHELOPFT-UHFFFAOYSA-N,1.0,50.0,EUR,26.0,2,Enamine,EU stock,EN300-156128,Cc1cnccc1CN,,1,1,[391],[850],Sulfonamide_Schotten-Baumann_with_amine_(intermolecular),[850]
69975,Cc1cccnc1CN,QNLAYSBIWHHNIT-UHFFFAOYSA-N,1.0,100.0,EUR,18.0,10,Enamine,Global catalog,EN300-70011,Cc1cccnc1CN,,1,1,[392],[852],Sulfonamide_Schotten-Baumann_with_amine_(intermolecular),[852]
69976,Cc1cnc(CN)c(C)c1,PDCOMACPZBDJAI-UHFFFAOYSA-N,1.0,50.0,EUR,195.0,2,Enamine,EU stock,EN300-637439,Cc1cnc(CN)c(C)c1,,1,1,[393],[856],Sulfonamide_Schotten-Baumann_with_amine_(intermolecular),[856]
69871,CCS(=O)(=O)F,OIBMEBLCOQCFIT-UHFFFAOYSA-N,5.0,100.0,EUR,18.0,10,Enamine,Global catalog,EN300-53132,CCS(=O)(=O)F,,5,5,"[311, 358, 360, 369, 394]","[885, 886, 897, 1345, 7755]",Sulfonamide_Schotten-Baumann_with_amine_(intermolecular),"[885, 886, 897, 1345, 7755]"
69977,Cc1cc(C)c(CN)cn1,DCSKAVJDRSTGDL-UHFFFAOYSA-N,1.0,50.0,EUR,96.0,2,Enamine,EU stock,EN300-248908,Cc1cc(C)c(CN)cn1.Cl,,1,1,[394],[885],Sulfonamide_Schotten-Baumann_with_amine_(intermolecular),[885]
69936,NCc1ncccc1Cl,QPRZPKGMUJBNPY-UHFFFAOYSA-N,1.0,50.0,EUR,45.0,2,Enamine,EU stock,EN300-7423931,Cl.Cl.NCc1ncccc1Cl,,1,1,[358],[886],Sulfonamide_Schotten-Baumann_with_amine_(intermolecular),[886]
69937,NCc1ccncc1Cl,AAEMFCVTGBYCHP-UHFFFAOYSA-N,1.0,50.0,EUR,146.0,2,Enamine,EU stock,EN300-315954,NCc1ccncc1Cl,,1,1,[359],[890],Sulfonamide_Schotten-Baumann_with_amine_(intermolecular),[890]
69938,NCc1ccc(OCc2ccccn2)cc1,MOGOVNPLJXJTQM-UHFFFAOYSA-N,1.0,100.0,EUR,125.0,10,Enamine,Global catalog,EN300-44974,NCc1ccc(OCc2ccccn2)cc1,,1,1,[360],[897],Sulfonamide_Schotten-Baumann_with_amine_(intermolecular),[897]
69978,Cc1ccncc1CN,VLIQJGACTLGWCQ-UHFFFAOYSA-N,1.0,50.0,EUR,31.0,2,Enamine,EU stock,EN300-160160,Cc1ccncc1CN,,1,1,[395],[915],Sulfonamide_Schotten-Baumann_with_amine_(intermolecular),[915]
69839,CC(C)(N)CO,CBTVGIZVANVGBH-UHFFFAOYSA-N,3.0,100.0,EUR,18.0,10,Enamine,Global catalog,EN300-19785,CC(C)(N)CO,,3,3,"[287, 299, 373]","[1226, 1443, 2576]","Formation_of_urea_from_two_amines, Amidation","[1226, 1443, 2576]"
69955,O=C(O)c1cnc(-c2ccc(Cl)s2)s1,WVWISMXPOCOVOM-UHFFFAOYSA-N,1.0,50.0,EUR,129.0,2,Enamine,EU stock,EN300-55134,O=C(O)c1cnc(-c2ccc(Cl)s2)s1,,1,1,[373],[1226],Amidation,[1226]
69870,CNc1cccnc1,DBGFNLVRAFYZBI-UHFFFAOYSA-N,1.0,100.0,EUR,18.0,10,Enamine,Global catalog,EN300-75884,CNc1cccnc1,,1,1,[311],[1345],Sulfonamide_Schotten-Baumann_with_amine_(intermolecular),[1345]
69838,O=C(O)c1csc(-c2ccsc2)n1,JZSRMMAFRQYIHP-UHFFFAOYSA-N,1.0,50.0,EUR,58.0,2,Enamine,EU stock,EN300-14475,O=C(O)c1csc(-c2ccsc2)n1,,1,1,[287],[1443],Amidation,[1443]
13563,c1cc(C2CCNC2)no1,UPYSXYBXOWPKLL-UHFFFAOYSA-N,1.0,50.0,EUR,215.0,2,Enamine,EU stock,EN300-1704846,Cl.c1cc(C2CCNC2)no1,,1,1,[299],[2576],Formation_of_urea_from_two_amines,[2576]
69843,CC(N)c1ncccn1,GVPDKCZQAZOFJX-UHFFFAOYSA-N,1.0,50.0,EUR,71.0,2,Enamine,EU stock,EN300-1072130,CC(N)c1ncccn1.Cl.Cl,,1,1,[292],[2664],Sulfonamide_Schotten-Baumann_with_amine_(intermolecular),[2664]
69846,N#CCS(=O)(=O)Cl,QSOXEHOYDPAXTG-UHFFFAOYSA-N,3.0,50.0,EUR,65.0,2,Enamine,EU stock,EN300-50576,N#CCS(=O)(=O)Cl,,3,3,"[292, 329, 913]","[2664, 6543, 65264]",Sulfonamide_Schotten-Baumann_with_amine_(intermolecular),"[2664, 6543, 65264]"
69963,NCC1CC(=O)N(c2ccc(Cl)cc2)C1,QOLMBFOCCBCENO-UHFFFAOYSA-N,1.0,100.0,EUR,245.0,10,Enamine,Global catalog,EN300-1228766,Cl.NCC1CC(=O)N(c2ccc(Cl)cc2)C1,,1,1,[380],[3075],Sulfonamide_Schotten-Baumann_with_amine_(intermolecular),[3075]
70165,NCCN1CCCC1=O,HHEKNWQXFVOUNJ-UHFFFAOYSA-N,10.0,50.0,EUR,33.0,2,Enamine,EU stock,EN300-98214,NCCN1CCCC1=O,,10,10,"[555, 564, 567, 628, 630, 35960, 35985, 125605, 125622, 125630]","[4093, 41552, 41689, 65644, 65691, 70857, 105650, 105675, 195790, 195798]","Sulfonamide_Schotten-Baumann_with_amine_(intermolecular), Amidation","[4093, 65691]"
70172,O=C(O)C1(c2ccccn2)CC1,DHOWKIWZOCQDDV-UHFFFAOYSA-N,7.0,100.0,EUR,24.0,10,Enamine,Global catalog,EN300-193013,Cl.O=C(O)C1(c2ccccn2)CC1,,7,7,"[555, 125637, 125638, 125640, 126196, 126197, 126286]","[4093, 195805, 195806, 195808, 196364, 196365, 196454]",Amidation,[4093]
70163,O=C1CCCN1CC1CO1,ZNCCGGMWVUBVBO-UHFFFAOYSA-N,2.0,50.0,EUR,84.0,2,Enamine,EU stock,EN300-50559,O=C1CCCN1CC1CO1,,2,2,"[550, 558]","[4109, 43155]",Epoxide_+_amine_coupling,"[4109, 43155]"
70175,NC1(c2ccccn2)CC1,HRVLXTZHPZXHTR-UHFFFAOYSA-N,1.0,100.0,EUR,23.0,10,Enamine,Global catalog,EN300-202517,Cl.Cl.NC1(c2ccccn2)CC1,,1,1,[558],[4109],Epoxide_+_amine_coupling,[4109]
69841,CC(C)(C)O,DKGAVHZHDRPRBM-UHFFFAOYSA-N,1.0,100.0,EUR,18.0,10,Enamine,Global catalog,EN300-19307,CC(C)(C)O,,1,1,[312],[5550],Mitsunobu_reaction_with_amine_alcohol_and_thioalcohol,[5550]
69872,OCC(O)c1cscn1,BIPPHLOXPKTPOS-UHFFFAOYSA-N,1.0,100.0,EUR,240.0,10,Enamine,Global catalog,EN300-1588556,Cl.OCC(O)c1cscn1,,1,1,[312],[5550],Mitsunobu_reaction_with_amine_alcohol_and_thioalcohol,[5550]
69574,CC(N)c1cccnc1,IQVQNBXPYJGNEA-UHFFFAOYSA-N,1.0,100.0,EUR,18.0,10,Enamine,Global catalog,EN300-12752,CC(N)c1cccnc1,,1,1,[324],[6353],Sulfonamide_Schotten-Baumann_with_amine_(intermolecular),[6353]
69889,CCCS(=O)(=O)Cl,KPBSJEBFALFJTO-UHFFFAOYSA-N,1.0,100.0,EUR,18.0,10,Enamine,Global catalog,EN300-20712,CCCS(=O)(=O)Cl,,1,1,[324],[6353],Sulfonamide_Schotten-Baumann_with_amine_(intermolecular),[6353]
69878,CN(C)S(=O)(=O)Cl,JFCHSQDLLFJHOA-UHFFFAOYSA-N,1.0,100.0,EUR,18.0,10,Enamine,Global catalog,EN300-31750,CN(C)S(=O)(=O)Cl,,1,1,[328],[6527],Sulfonamide_Schotten-Baumann_with_amine_(intermolecular),[6527]
69896,CCC(N)c1ccncc1,VGFZORUFTNLGLI-UHFFFAOYSA-N,1.0,100.0,EUR,28.0,10,Enamine,Global catalog,EN300-84554,CCC(N)c1ccncc1,,1,1,[328],[6527],Sulfonamide_Schotten-Baumann_with_amine_(intermolecular),[6527]
69914,O=S(=O)(Cl)CCC(F)(F)C(F)F,OJONOGCEDDHBFT-UHFFFAOYSA-N,1.0,50.0,EUR,244.0,2,Enamine,EU stock,EN300-380658,O=S(=O)(Cl)CCC(F)(F)C(F)F,,1,1,[342],[6950],Sulfonamide_Schotten-Baumann_with_amine_(intermolecular),[6950]
69915,CCC(N)c1cccnc1,VQGKOCARCUCUMC-UHFFFAOYSA-N,1.0,100.0,EUR,18.0,10,Enamine,Global catalog,EN300-1240576,CCC(N)c1cccnc1,,1,1,[342],[6950],Sulfonamide_Schotten-Baumann_with_amine_(intermolecular),[6950]
69949,NCc1nc2cc(Cl)ccc2[nH]1,WVBPEUGZSSDGPT-UHFFFAOYSA-N,1.0,100.0,EUR,18.0,10,Enamine,Global catalog,EN300-74681,Cl.Cl.NCc1nc2cc(Cl)ccc2[nH]1,,1,1,[369],[7755],Sulfonamide_Schotten-Baumann_with_amine_(intermolecular),[7755]
69621,OB(O)c1ccncc1,QLULGIRFKAWHOJ-UHFFFAOYSA-N,1.0,100.0,EUR,18.0,10,Enamine,Global catalog,EN300-29529,OB(O)c1ccncc1,,1,1,[149],[8715],Sp2-sp2_Suzuki_coupling,[8715]
69622,Brc1cnc[nH]1,FHZALEJIENDROK-UHFFFAOYSA-N,1.0,100.0,EUR,18.0,10,Enamine,Global catalog,EN300-79484,Brc1c[nH]cn1,,1,1,[149],[8715],Sp2-sp2_Suzuki_coupling,[8715]
69698,NC(CO)Cc1cccnc1,XKBHUHOUKQVIHT-UHFFFAOYSA-N,1.0,50.0,EUR,36.0,2,Enamine,EU stock,EN300-174380,Cl.Cl.NC(CO)Cc1cccnc1,,1,1,[196],[9237],Amidation,[9237]
69699,C=C(Cn1ccnc1)C(=O)O,LVGCMSHXFMYULB-UHFFFAOYSA-N,1.0,50.0,EUR,233.0,2,Enamine,EU stock,EN300-307464,C=C(Cn1ccnc1)C(=O)O,,1,1,[196],[9237],Amidation,[9237]
69585,OCCCCC1CCCO1,USGLOBLTQVEPRF-UHFFFAOYSA-N,1.0,50.0,EUR,215.0,2,Enamine,EU stock,EN300-1634563,OCCCCC1CCCO1,,1,1,[128],[9420],Steglich_esterification,[9420]
69586,O=C(O)C=Cc1cscn1,IXZOCDJVRALXCG-UHFFFAOYSA-N,1.0,50.0,EUR,63.0,2,Enamine,EU stock,EN300-833065,O=C(O)/C=C/c1cscn1,,1,1,[128],[9420],Steglich_esterification,[9420]
69527,O=Cc1cc[nH]n1,ICFGFAUMBISMLR-UHFFFAOYSA-N,1.0,100.0,EUR,18.0,10,Enamine,Global catalog,EN300-36665,O=Cc1cc[nH]n1,,1,1,[190],[10275],Reductive_amination,[10275]
69689,NCC1COCC1O,MUTHVSUAOIYRHX-UHFFFAOYSA-N,1.0,50.0,EUR,132.0,2,Enamine,EU stock,EN300-386296,Cl.NC[C@@H]1COC[C@@H]1O,,1,1,[190],[10275],Reductive_amination,[10275]
69790,O=S(=O)(Cl)C1CCOC1,MVZIUOJNVVIOEY-UHFFFAOYSA-N,1.0,50.0,EUR,62.0,2,Enamine,EU stock,EN300-75790,O=S(=O)(Cl)C1CCOC1,,1,1,[256],[10412],Sulfonamide_Schotten-Baumann_with_amine_(intermolecular),[10412]
69791,COC(=O)CCNCc1cccnc1,VICHRUIARTZWPL-UHFFFAOYSA-N,1.0,100.0,EUR,255.0,10,Enamine,Global catalog,EN300-106381,COC(=O)CCNCc1cccnc1,,1,1,[256],[10412],Sulfonamide_Schotten-Baumann_with_amine_(intermolecular),[10412]
69775,Nc1cc(Cl)ccn1,RQMWVVBHJMUJNZ-UHFFFAOYSA-N,1.0,100.0,EUR,18.0,10,Enamine,Global catalog,EN300-64890,Nc1cc(Cl)ccn1,,1,1,[247],[12483],N-nucleophilic_aromatic_substitution,[12483]
69776,NCc1c[nH]cn1,MPCYZPCWSYUWMJ-UHFFFAOYSA-N,1.0,50.0,EUR,18.0,2,Enamine,EU stock,EN300-82476,Cl.Cl.NCc1c[nH]cn1,,1,1,[247],[12483],N-nucleophilic_aromatic_substitution,[12483]
69761,Cc1cnccc1N,VGJLGPCXUGIXRQ-UHFFFAOYSA-N,9.0,100.0,EUR,18.0,10,Enamine,Global catalog,EN300-67367,Cc1cnccc1N,,9,9,"[248, 470, 748, 56121, 56137, 56223, 95532, 95681, 96047]","[12548, 36458, 48678, 125439, 125455, 125541, 165652, 165801, 166167]","Formation_of_urea_from_two_amines, Reductive_amination, Amidation","[12548, 36458]"
69777,O=Cc1c[nH]cn1,ZQEXIXXJFSQPNA-UHFFFAOYSA-N,6.0,100.0,EUR,18.0,10,Enamine,Global catalog,EN300-50613,O=Cc1cnc[nH]1,,6,6,"[248, 55792, 55805, 55807, 55808, 56347]","[12548, 125110, 125123, 125125, 125126, 125665]",Reductive_amination,[12548]
70215,O=C(O)CCc1ccccn1,AZYKGQOIAGPVCK-UHFFFAOYSA-N,1.0,50.0,EUR,22.0,2,Enamine,EU stock,EN300-180887,Cl.O=C(O)CCc1ccccn1,,1,1,[588],[12690],Amidation,[12690]
70216,CC(C)(C(=O)O)n1cc(N)cn1,CQXZLWDLHZXRRO-UHFFFAOYSA-N,1.0,100.0,EUR,259.0,10,Enamine,Global catalog,EN300-155204,CC(C)(C(=O)O)n1cc(N)cn1.Cl,,1,1,[588],[12690],Amidation,[12690]
69802,O=C(O)c1cnc(-c2ccccn2)s1,VRFBRJSRHCNIAO-UHFFFAOYSA-N,4.0,50.0,EUR,129.0,2,Enamine,EU stock,EN300-66872,O=C(O)c1cnc(-c2ccccn2)s1,,4,4,"[262, 73552, 73567, 73580]","[13884, 144592, 144607, 144620]",Amidation,[13884]
69803,CC(C)CC(N)C(F)(F)F,GAIOQBNXIHMNHE-UHFFFAOYSA-N,2.0,50.0,EUR,121.0,2,Enamine,EU stock,EN300-7353619,CC(C)C[C@H](N)C(F)(F)F.Cl,,2,2,"[262, 73433]","[13884, 144473]",Amidation,[13884]
69681,O=C(O)c1ccc(-c2nc[nH]n2)nc1,KDDNFIYRWFSBIJ-UHFFFAOYSA-N,1.0,50.0,EUR,237.0,2,Enamine,EU stock,EN300-1628437,O=C(O)c1ccc(-c2nc[nH]n2)nc1,,1,1,[184],[16080],Amidation,[16080]
69682,CC(CN)c1ncc[nH]1,ZKVYCQSCJORSLS-UHFFFAOYSA-N,1.0,100.0,EUR,307.0,10,Enamine,Global catalog,EN300-1709110,CC(CN)c1ncc[nH]1.Cl.Cl,,1,1,[184],[16080],Amidation,[16080]
69578,CC(N)c1ncc[nH]1,IIRFPANPYNPFMC-UHFFFAOYSA-N,1.0,50.0,EUR,56.0,2,Enamine,EU stock,EN300-184401,CC(N)c1ncc[nH]1.Cl.Cl,,1,1,[186],[19774],Amidation,[19774]
69683,O=C(O)c1ccnc(-n2cccc2)c1,ZMSXYMJKQAQXOQ-UHFFFAOYSA-N,5.0,50.0,EUR,142.0,2,Enamine,EU stock,EN300-105056,O=C(O)c1ccnc(-n2cccc2)c1,,5,5,"[186, 23637, 23641, 23664, 23666]","[19774, 94777, 94781, 94804, 94806]",Amidation,[19774]
70744,O=C(O)c1cn[nH]c1,IMBBXSASDSZJSX-UHFFFAOYSA-N,2.0,100.0,EUR,18.0,10,Enamine,Global catalog,EN300-41863,O=C(O)c1cn[nH]c1,,2,2,"[1029, 40023]","[20299, 109893]",Amidation,[20299]
70745,Nc1cccnc1C1CC1,NGRGXPFVMHVYBT-UHFFFAOYSA-N,5.0,100.0,EUR,91.0,10,Enamine,Global catalog,EN300-396176,Nc1cccnc1C1CC1,,5,5,"[1029, 40118, 40147, 40167, 40390]","[20299, 109988, 110017, 110037, 110260]",Amidation,[20299]
69640,Nc1c[nH]nc1-c1nccs1,PYZVIAANOFKCGJ-UHFFFAOYSA-N,1.0,50.0,EUR,171.0,2,Enamine,EU stock,EN300-183348,Nc1c[nH]nc1-c1nccs1,,1,1,[976],[23289],Amidation,[23289]
70680,CC(CC(=O)O)N1CCCCC1=O,AOJXLWLOLXBHKZ-UHFFFAOYSA-N,1.0,50.0,EUR,173.0,2,Enamine,EU stock,EN300-157943,CC(CC(=O)O)N1CCCCC1=O,,1,1,[976],[23289],Amidation,[23289]
69755,O=C(O)c1ccncc1,TWBYWOBDOCUKOW-UHFFFAOYSA-N,5.0,100.0,EUR,18.0,10,Enamine,Global catalog,EN300-19169,O=C(O)c1ccncc1,,5,5,"[428, 429, 6927, 6928, 6931]","[28013, 29639, 77434, 77435, 77438]",Amidation,[29639]
70029,Cc1ccc(N)c2cccnc12,PILPIITVELSUBH-UHFFFAOYSA-N,1.0,50.0,EUR,18.0,2,Enamine,EU stock,EN300-28970,Cc1ccc(N)c2cccnc12,,1,1,[428],[28013],Amidation,[28013]
70368,OCCN1CCCc2ccccc21,PXVIVYWHHZOPGK-UHFFFAOYSA-N,4.0,50.0,EUR,123.0,2,Enamine,EU stock,EN300-91774,OCCN1CCCc2ccccc21,,4,4,"[709, 710, 120412, 120801]","[27991, 28106, 190482, 190871]",Steglich_esterification,[28106]
70371,O=C(O)c1ncsc1Br,AZYQIQWMHMYDPO-UHFFFAOYSA-N,2.0,100.0,EUR,18.0,10,Enamine,Global catalog,EN300-85679,O=C(O)c1ncsc1Br,,2,2,"[710, 120417]","[28106, 190487]",Steglich_esterification,[28106]
70128,CCn1cc(N)cn1,HENLKZLWIDJRSC-UHFFFAOYSA-N,3.0,50.0,EUR,24.0,2,Enamine,EU stock,EN300-36278,CCn1cc(N)cn1,,3,3,"[519, 901, 18795]","[28301, 56905, 89673]","Formation_of_urea_from_two_amines, Amidation",[28301]
70600,O=C(O)CCCc1csc2ccccc12,NHPNSMHPYFWPLZ-UHFFFAOYSA-N,5.0,50.0,EUR,90.0,2,Enamine,EU stock,EN300-105544,O=C(O)CCCc1csc2ccccc12,,5,5,"[901, 18836, 18847, 18855, 19913]","[28301, 89714, 89725, 89732, 90790]",Amidation,[28301]
70401,O=C(O)c1cccc2cc[nH]c12,IPDOBVFESNNYEE-UHFFFAOYSA-N,4.0,100.0,EUR,18.0,10,Enamine,Global catalog,EN300-86038,O=C(O)c1cccc2cc[nH]c12,,4,4,"[735, 887, 49706, 49754]","[28628, 35941, 119110, 119158]",Amidation,[28628]
70583,NCCc1cccc2ccccc12,RUJHATQMIMUYKD-UHFFFAOYSA-N,4.0,100.0,EUR,18.0,10,Enamine,Global catalog,EN300-39237,NCCc1cccc2ccccc12,,4,4,"[887, 48098, 48099, 48110]","[28628, 117502, 117503, 117514]",Amidation,[28628]
70030,Nc1ccc(Cl)c2ncccc12,GEEHXKRRPLHNCM-UHFFFAOYSA-N,5.0,100.0,EUR,18.0,10,Enamine,Global catalog,EN300-57529,Nc1ccc(Cl)c2ncccc12,,5,5,"[429, 6906, 6908, 6920, 7108]","[29639, 77413, 77415, 77427, 77615]",Amidation,[29639]
69522,c1cn[nH]c1,WTKZEGDFNFYCGP-UHFFFAOYSA-N,1.0,100.0,EUR,18.0,10,Enamine,Global catalog,EN300-21658,c1cn[nH]c1,,1,1,[769],[29852],N-nucleophilic_aromatic_substitution,[29852]
70442,Brc1nccc2ccccc12,YWWZASFPWWPUBN-UHFFFAOYSA-N,1.0,100.0,EUR,18.0,10,Enamine,Global catalog,EN300-103382,Brc1nccc2ccccc12,,1,1,[769],[29852],N-nucleophilic_aromatic_substitution,[29852]
70111,c1ccc2c(c1)CNCCO2,HDVHFHONOKCUHQ-UHFFFAOYSA-N,1.0,50.0,EUR,40.0,2,Enamine,EU stock,EN300-50573,Cl.c1ccc2c(c1)CNCCO2,,1,1,[505],[32376],N-nucleophilic_aromatic_substitution,[32376]
70112,Brc1ccccn1,IMRWILPUOVGIMU-UHFFFAOYSA-N,1.0,100.0,EUR,18.0,10,Enamine,Global catalog,EN300-18089,Brc1ccccn1,,1,1,[505],[32376],N-nucleophilic_aromatic_substitution,[32376]
70488,O=C(O)CCc1csc2ccccc12,GTCFFWIYYOTHRS-UHFFFAOYSA-N,1.0,100.0,EUR,167.0,10,Enamine,Global catalog,EN300-101558,O=C(O)CCc1csc2ccccc12,,1,1,[812],[34583],Amidation,[34583]
70489,NC1CCNC2(CC2)C1,RFCILLRXBLXBOT-UHFFFAOYSA-N,1.0,100.0,EUR,528.0,10,Enamine,Global catalog,EN300-27695632,Cl.Cl.NC1CCNC2(CC2)C1,,1,1,[812],[34583],Amidation,[34583]
70117,Nc1ccc2ccoc2c1,ARNCZJZLEMLOBH-UHFFFAOYSA-N,1.0,50.0,EUR,34.0,2,Enamine,EU stock,EN300-226269,Cl.Nc1ccc2ccoc2c1,,1,1,[651],[34650],Reductive_amination,[34650]
70298,O=Cc1ccccn1,CSDSSGBPEUDDEE-UHFFFAOYSA-N,1.0,100.0,EUR,18.0,10,Enamine,Global catalog,EN300-18999,O=Cc1ccccn1,,1,1,[651],[34650],Reductive_amination,[34650]
70037,CC(O)CN,HXKKHQJGJAFBHI-UHFFFAOYSA-N,38.0,100.0,EUR,18.0,10,Enamine,Global catalog,EN300-117430,C[C@@H](O)CN,,38,38,"[460, 470, 475, 502, 504, 506, 507, 508, 512, 514, 517, 519, 600, 661, 662, 664, 673, 674, 676, 678, 43342, 43515, 63709, 83754, 84345, 128125, 128842, 129007, 130931, 137831, 137887, 146064, 156423, 156876, 162880, 162934, 163130, 167252]","[35145, 47445, 48678, 49374, 53809, 54123, 54696, 54733, 54862, 54945, 55149, 55155, 55156, 55174, 55262, 55598, 55856, 55996, 56548, 56765, 56905, 113367, 113540, 133446, 155365, 155956, 198377, 199094, 199259, 201268, 206969, 207025, 225163, 225616, 231163, 231217, 231413, 234725]",Formation_of_urea_from_two_amines,"[53809, 54862, 55149, 55155, 55174, 55262, 55598, 55856, 55996, 56548]"
70323,CCCn1ccc2ccc(N)cc21,OXIYXXZXJRDGHU-UHFFFAOYSA-N,35.0,50.0,EUR,161.0,2,Enamine,EU stock,EN300-82481,CCCn1ccc2ccc(N)cc21,,35,35,"[673, 109845, 109847, 109949, 109953, 109956, 109959, 109960, 109961, 109962, 109963, 109966, 109969, 109971, 109972, 109976, 110594, 110626, 110627, 110630, 110810, 110829, 110830, 110865, 110866, 110867, 110870, 110871, 110879, 110882, 110884, 110892, 110894, 111659, 111685]","[35145, 180254, 180256, 180358, 180362, 180365, 180368, 180369, 180370, 180371, 180372, 180375, 180378, 180380, 180381, 180385, 181003, 181035, 181036, 181039, 181219, 181238, 181239, 181274, 181275, 181276, 181279, 181280, 181288, 181291, 181293, 181301, 181303, 182069, 182095]",Formation_of_urea_from_two_amines,[35145]
70009,NCc1coc2ccccc12,YATHOKUVGYAFOO-UHFFFAOYSA-N,6.0,50.0,EUR,92.0,2,Enamine,EU stock,EN300-128706,NCc1coc2ccccc12,,6,6,"[640, 735, 738, 143888, 143917, 143946]","[33774, 35920, 35941, 213605, 213634, 213663]","Formation_of_urea_from_two_amines, Amidation",[35920]
70286,O=C(O)CCCc1ccncc1,LTEOZJKVMBWJRT-UHFFFAOYSA-N,3.0,50.0,EUR,22.0,2,Enamine,EU stock,EN300-7441415,Cl.O=C(O)CCCc1ccncc1,,3,3,"[640, 143980, 143983]","[35920, 213697, 213700]",Amidation,[35920]
70218,Fc1ccc2c(c1)NCCC2,YNLNAFQKGGXCDA-UHFFFAOYSA-N,1.0,50.0,EUR,103.0,2,Enamine,EU stock,EN300-135410,Cl.Fc1ccc2c(c1)NCCC2,,1,1,[984],[36233],Nucleophilic_substitution_with_amine,[36233]
70572,BrCc1c[nH]cn1,HYFUIKONZIAHFT-UHFFFAOYSA-N,1.0,50.0,EUR,130.0,2,Enamine,EU stock,EN300-373770,Br.BrCc1c[nH]cn1,,1,1,[984],[36233],Nucleophilic_substitution_with_amine,[36233]
70151,O=C(O)Cc1coc2ccccc12,QWMVFCMIUUHJDH-UHFFFAOYSA-N,6.0,100.0,EUR,18.0,10,Enamine,Global catalog,EN300-08022,O=C(O)Cc1coc2ccccc12,,6,6,"[748, 95546, 95556, 95559, 95560, 96647]","[36458, 165666, 165676, 165679, 165680, 166767]",Amidation,[36458]
70284,O=S(=O)(Cl)c1cncs1,DMFPQQCIQDWBJK-UHFFFAOYSA-N,1.0,50.0,EUR,233.0,2,Enamine,EU stock,EN300-195088,O=S(=O)(Cl)c1cncs1,,1,1,[639],[36844],Sulfonamide_Schotten-Baumann_with_amine_(intermolecular),[36844]
70285,CN1CCCc2ccc(N)cc21,OMGAOBAAEGMMTF-UHFFFAOYSA-N,1.0,100.0,EUR,39.0,10,Enamine,Global catalog,EN300-2394649,CN1CCCc2ccc(N)cc21,,1,1,[639],[36844],Sulfonamide_Schotten-Baumann_with_amine_(intermolecular),[36844]
70002,Brc1ccc2occc2c1,AYOVPQORFBWFNO-UHFFFAOYSA-N,1.0,100.0,EUR,18.0,10,Enamine,Global catalog,EN300-114336,Brc1ccc2occc2c1,,1,1,[611],[40440],Buchwald-Hartwig_amidation_with_amide-like_nucleophile,[40440]
70248,Cn1ccc2cc(S(N)(=O)=O)ccc21,SHFARUOLTMZNRV-UHFFFAOYSA-N,1.0,100.0,EUR,287.0,10,Enamine,Global catalog,EN300-1987292,Cn1ccc2cc(S(N)(=O)=O)ccc21,,1,1,[611],[40440],Buchwald-Hartwig_amidation_with_amide-like_nucleophile,[40440]
69788,CC(N)c1ccccn1,PDNHLCRMUIGNBV-UHFFFAOYSA-N,2.0,100.0,EUR,18.0,10,Enamine,Global catalog,EN300-09767,CC(N)c1ccccn1,,2,2,"[329, 587]","[6543, 40797]","Sulfonamide_Schotten-Baumann_with_amine_(intermolecular), Amidation","[6543, 40797]"
70183,O=C(O)CCN1CCCC1=O,XOMYTIUVNSWEAI-UHFFFAOYSA-N,2.0,50.0,EUR,18.0,2,Enamine,EU stock,EN300-67191,O=C(O)CCN1CCCC1=O,,2,2,"[587, 615]","[40797, 65434]",Amidation,"[40797, 65434]"
70184,O=C(O)Cc1ccn(C2CCCC2)n1,ITFIWHOJXJIEBU-UHFFFAOYSA-N,7.0,50.0,EUR,182.0,2,Enamine,EU stock,EN300-7534920,Cl.O=C(O)Cc1ccn(C2CCCC2)n1,,7,7,"[564, 66266, 66269, 66275, 66342, 66344, 66375]","[41552, 135470, 135473, 135479, 135546, 135548, 135579]",Amidation,[41552]
69725,O=S(=O)(Cl)c1ccnn1C1CCCC1,VLHIGJZUQAGHLT-UHFFFAOYSA-N,1.0,50.0,EUR,156.0,2,Enamine,EU stock,EN300-232341,O=S(=O)(Cl)c1ccnn1C1CCCC1,,1,1,[567],[41689],Sulfonamide_Schotten-Baumann_with_amine_(intermolecular),[41689]
70474,Nc1cccc2[nH]ccc12,LUNUNJFSHKSXGQ-UHFFFAOYSA-N,4.0,100.0,EUR,18.0,10,Enamine,Global catalog,EN300-61787,Nc1cccc2[nH]ccc12,,4,4,"[797, 53474, 53475, 53476]","[43135, 123048, 123049, 123050]",Formation_of_urea_from_two_amines,[43135]
70475,CC(N)C(O)C(F)F,SOYUYPDTPGLAEE-UHFFFAOYSA-N,3.0,50.0,EUR,227.0,2,Enamine,EU stock,EN300-64535,CC(N)C(O)C(F)F,,3,3,"[797, 53405, 53442]","[43135, 122979, 123016]",Formation_of_urea_from_two_amines,[43135]
70164,Cn1cc(C(N)CO)cn1,OZVXTNDTEWDMGH-UHFFFAOYSA-N,1.0,50.0,EUR,100.0,2,Enamine,EU stock,EN300-116421,Cn1cc(C(N)CO)cn1,,1,1,[550],[43155],Epoxide_+_amine_coupling,[43155]
70251,CC(N)CN1CCCC1=O,SRQRJFRBBMWDKF-UHFFFAOYSA-N,14.0,50.0,EUR,66.0,2,Enamine,EU stock,EN300-53865,CC(N)CN1CCCC1=O,,14,14,"[613, 749, 910, 36007, 36030, 36516, 66266, 104233, 104241, 104265, 125638, 125726, 125917, 125968]","[44380, 52471, 65404, 105697, 105720, 106206, 135470, 174461, 174469, 174493, 195806, 195894, 196085, 196136]",Amidation,"[4093, 41552, 65404, 65691]"
70418,CN1CCCc2cc(C=CC(=O)O)ccc21,PCWGKTAQBXMCJP-UHFFFAOYSA-N,4.0,100.0,EUR,78.0,10,Enamine,Global catalog,EN300-631720,CN1CCCc2cc(/C=C/C(=O)O)ccc21,,4,4,"[749, 69020, 69205, 69248]","[44380, 138510, 138695, 138738]",Amidation,[44380]
70635,Nc1cccc2c1OCCC2,ILXAZFRYAXWHNA-UHFFFAOYSA-N,3.0,50.0,EUR,146.0,2,Enamine,EU stock,EN300-137633,Cl.Nc1cccc2c1OCCC2,,3,3,"[936, 89455, 89925]","[46539, 160080, 160550]",Formation_of_urea_from_two_amines,[46539]
70638,NC(CCO)C(F)(F)F,IUHWBCZMCVRCST-UHFFFAOYSA-N,4.0,50.0,EUR,227.0,2,Enamine,EU stock,EN300-222203,Cl.NC(CCO)C(F)(F)F,,4,4,"[936, 89345, 89367, 89705]","[46539, 159970, 159992, 160330]",Formation_of_urea_from_two_amines,[46539]
70078,Cc1cccc(N)n1,QUXLCYFNVNNRBE-UHFFFAOYSA-N,1.0,100.0,EUR,18.0,10,Enamine,Global catalog,EN300-19899,Cc1cccc(N)n1,,1,1,[475],[49374],Formation_of_urea_from_two_amines,[49374]
69712,Cc1nc(C=O)cs1,AEHWVNPVEUVPMT-UHFFFAOYSA-N,5.0,100.0,EUR,18.0,10,Enamine,Global catalog,EN300-10920,Cc1nc(C=O)cs1,,5,5,"[486, 59380, 59384, 59385, 59393]","[49503, 128875, 128879, 128880, 128888]",Reductive_amination,[49503]
70089,Nc1nccc2ccccc12,OSILBMSORKFRTB-UHFFFAOYSA-N,5.0,100.0,EUR,18.0,10,Enamine,Global catalog,EN300-179397,Nc1nccc2ccccc12,,5,5,"[486, 59612, 59631, 59633, 59650]","[49503, 129107, 129126, 129128, 129145]",Reductive_amination,[49503]
70452,Ic1cscn1,CJRJEMASMWBMLP-UHFFFAOYSA-N,1.0,50.0,EUR,328.0,2,Enamine,EU stock,EN300-373995,Ic1cscn1,,1,1,[939],[49938],Sp2-sp2_Suzuki_coupling,[49938]
70641,CC1(C)OB(c2cccc3ocnc23)OC1(C)C,SKCMIHMRZQVFKC-UHFFFAOYSA-N,1.0,50.0,EUR,211.0,2,Enamine,EU stock,EN300-6481916,CC1(C)OB(c2cccc3ocnc23)OC1(C)C,,1,1,[939],[49938],Sp2-sp2_Suzuki_coupling,[49938]
70404,Nc1cccc2cc[nH]c12,WTFWZOSMUGZKNZ-UHFFFAOYSA-N,2.0,100.0,EUR,18.0,10,Enamine,Global catalog,EN300-102688,Nc1cccc2cc[nH]c12,,2,2,"[738, 1013]","[33774, 50922]",Formation_of_urea_from_two_amines,"[33774, 50922]"
70712,CC(O)(CN)c1ccco1,HCEFDRFLECEKNL-UHFFFAOYSA-N,1.0,50.0,EUR,78.0,2,Enamine,EU stock,EN300-86013,CC(O)(CN)c1ccco1,,1,1,[1013],[50922],Formation_of_urea_from_two_amines,[50922]
70612,O=C(O)Cc1n[nH]c2c1CCCC2,LISZLAMDPIISRU-UHFFFAOYSA-N,3.0,50.0,EUR,193.0,2,Enamine,EU stock,EN300-154508,O=C(O)Cc1n[nH]c2c1CCCC2,,3,3,"[910, 140687, 141048]","[52471, 210043, 210404]",Amidation,[52471]
70232,CC1(C)CCc2cccc(N)c2O1,FZDGOWFFLVQMNI-UHFFFAOYSA-N,39.0,50.0,EUR,255.0,2,Enamine,EU stock,EN300-315268,CC1(C)CCc2cccc(N)c2O1.O=C(O)C(F)(F)F,,39,39,"[600, 63685, 63687, 63716, 63718, 63719, 63720, 63721, 63727, 63730, 63732, 63735, 63736, 63737, 63742, 63745, 63747, 63748, 63751, 63977, 63979, 63980, 63983, 63984, 63985, 63988, 63990, 63991, 63994, 64002, 64009, 64010, 64017, 64020, 64023, 64027, 64772, 64773, 89705]","[53809, 133422, 133424, 133453, 133455, 133456, 133457, 133458, 133464, 133467, 133469, 133472, 133473, 133474, 133479, 133482, 133484, 133485, 133488, 133714, 133716, 133717, 133720, 133721, 133722, 133725, 133727, 133728, 133731, 133739, 133746, 133747, 133754, 133757, 133760, 133764, 134509, 134510, 160330]",Formation_of_urea_from_two_amines,"[46539, 53809]"
70324,Cc1cn(C2CCCCC2)nc1N,WSBHQXLWXOJBLD-UHFFFAOYSA-N,1.0,50.0,EUR,173.0,2,Enamine,EU stock,EN300-132869,Cc1cn(C2CCCCC2)nc1N,,1,1,[674],[54123],Formation_of_urea_from_two_amines,[54123]
70108,Cc1cc(N)nn1CC(F)(F)F,KTWXVQOHLGSELI-UHFFFAOYSA-N,31.0,50.0,EUR,103.0,2,Enamine,EU stock,EN300-231017,Cc1cc(N)nn1CC(F)(F)F,,31,31,"[502, 81793, 81814, 81816, 81819, 81821, 81825, 81828, 81830, 81831, 81832, 81834, 81835, 81838, 81841, 81845, 82006, 82009, 82011, 82012, 82014, 82031, 82035, 82088, 82089, 82093, 82100, 82102, 82105, 82107, 82110]","[54733, 153307, 153328, 153330, 153333, 153335, 153339, 153342, 153344, 153345, 153346, 153348, 153349, 153352, 153355, 153359, 153520, 153523, 153525, 153526, 153528, 153545, 153549, 153602, 153603, 153607, 153614, 153616, 153619, 153621, 153624]",Formation_of_urea_from_two_amines,[54733]
70311,CCC(C)n1ncc(N)c1C,UUCDZQKDWWDXRH-UHFFFAOYSA-N,32.0,50.0,EUR,114.0,2,Enamine,EU stock,EN300-177622,CCC(C)n1ncc(N)c1C,,32,32,"[661, 137833, 137933, 137934, 137936, 137951, 137955, 137957, 137960, 137965, 137989, 137997, 137998, 137999, 138000, 138004, 138579, 138581, 138582, 138685, 138686, 138721, 138722, 138724, 138727, 138728, 138729, 138872, 138880, 138913, 138917, 138922]","[54862, 206971, 207071, 207072, 207074, 207089, 207093, 207095, 207098, 207103, 207127, 207135, 207136, 207137, 207138, 207142, 207717, 207719, 207720, 207823, 207824, 207859, 207860, 207862, 207865, 207866, 207867, 208010, 208018, 208051, 208055, 208060]",Formation_of_urea_from_two_amines,[54862]
70110,Cc1cc(N)nn1C1CC1,MDVLBGMWIWWBKL-UHFFFAOYSA-N,36.0,50.0,EUR,195.0,2,Enamine,EU stock,EN300-7541746,Cc1cc(N)nn1C1CC1.Cl,,36,36,"[504, 160449, 160451, 160452, 160453, 160455, 160457, 160462, 160470, 160471, 160473, 160474, 160476, 160477, 160480, 160485, 160489, 160490, 160492, 160539, 160541, 160542, 160547, 160550, 160554, 160561, 160562, 160569, 160574, 160576, 160577, 160580, 160585, 160597, 160598, 160601]","[54945, 228653, 228655, 228656, 228657, 228659, 228661, 228666, 228674, 228675, 228677, 228678, 228680, 228681, 228684, 228689, 228693, 228694, 228696, 228743, 228745, 228746, 228751, 228754, 228758, 228765, 228766, 228773, 228778, 228780, 228781, 228784, 228789, 228801, 228802, 228805]",Formation_of_urea_from_two_amines,[54945]
70312,Cc1cc(N)nn1-c1ccccc1,RRYCYBOUQALXRP-UHFFFAOYSA-N,30.0,50.0,EUR,147.0,2,Enamine,EU stock,EN300-125115,Cc1cc(N)nn1-c1ccccc1,,30,30,"[662, 83726, 83810, 83813, 83816, 83817, 83818, 83823, 83830, 83845, 83850, 84426, 84427, 84430, 84699, 84706, 84711, 84714, 84723, 84725, 84726, 84745, 84748, 84749, 84750, 84753, 84754, 84757, 86133, 86156]","[55149, 155337, 155421, 155424, 155427, 155428, 155429, 155434, 155441, 155456, 155461, 156037, 156038, 156041, 156310, 156317, 156322, 156325, 156334, 156336, 156337, 156356, 156359, 156360, 156361, 156364, 156365, 156368, 157749, 157772]",Formation_of_urea_from_two_amines,[55149]
70113,COCCCn1ccc(N)n1,AVBOUKLCSSMLNV-UHFFFAOYSA-N,26.0,50.0,EUR,78.0,2,Enamine,EU stock,EN300-79223,COCCCn1ccc(N)n1,,26,26,"[506, 162881, 163083, 163087, 163088, 163089, 163091, 163150, 163155, 163161, 163163, 163164, 163167, 163170, 163186, 163191, 163196, 164350, 164353, 164354, 164365, 164838, 164841, 164842, 164846, 164847]","[55155, 231164, 231366, 231370, 231371, 231372, 231374, 231433, 231438, 231444, 231446, 231447, 231450, 231453, 231469, 231474, 231479, 232633, 232636, 232637, 232648, 233121, 233124, 233125, 233129, 233130]",Formation_of_urea_from_two_amines,[55155]
70327,Cn1nc(-c2ccsc2)cc1N,YQIZGHJLZPBECV-UHFFFAOYSA-N,36.0,50.0,EUR,92.0,2,Enamine,EU stock,EN300-185408,Cn1nc(-c2ccsc2)cc1N,,36,36,"[676, 106508, 106510, 106579, 106584, 106588, 106600, 106601, 106602, 106603, 106604, 106607, 106609, 106611, 106612, 106613, 106614, 106617, 106620, 107231, 107249, 107262, 107270, 107305, 107308, 107309, 107311, 107327, 107328, 107404, 107414, 107430, 107434, 107437, 107486, 107550]","[55156, 176834, 176836, 176905, 176910, 176914, 176926, 176927, 176928, 176929, 176930, 176933, 176935, 176937, 176938, 176939, 176940, 176943, 176946, 177557, 177575, 177588, 177596, 177631, 177634, 177635, 177637, 177653, 177654, 177730, 177740, 177756, 177760, 177763, 177812, 177876]",Formation_of_urea_from_two_amines,[55156]
70114,Nc1ccn(-c2ncccn2)n1,UQOUGWSACKTKNN-UHFFFAOYSA-N,36.0,100.0,EUR,245.0,10,Enamine,Global catalog,EN300-3042450,Nc1ccn(-c2ncccn2)n1,,36,36,"[507, 146058, 146102, 146103, 146107, 146108, 146109, 146114, 146116, 146117, 146118, 146119, 146122, 146125, 146126, 146129, 146133, 146507, 146513, 146514, 146522, 146602, 146614, 146616, 146628, 146629, 146631, 146632, 146648, 146731, 146736, 146752, 146795, 146812, 148856, 148869]","[55174, 215861, 215904, 215905, 215909, 215910, 215911, 215916, 215918, 215919, 215920, 215921, 215924, 215927, 215928, 215931, 215935, 216309, 216315, 216316, 216324, 216404, 216416, 216418, 216430, 216431, 216433, 216434, 216450, 216533, 216538, 216554, 216597, 216614, 218663, 218676]",Formation_of_urea_from_two_amines,[55174]
70115,COC(=O)c1cc(N)nn1C,IPYMLHZUKGMYTP-UHFFFAOYSA-N,34.0,100.0,EUR,27.0,10,Enamine,Global catalog,EN300-39872275,COC(=O)c1cc(N)nn1C.Cl,,34,34,"[508, 167243, 167268, 167274, 167279, 167280, 167281, 167283, 167287, 167291, 167292, 167294, 167295, 167297, 167303, 167305, 167525, 167526, 167527, 167529, 167530, 167544, 167579, 167583, 167610, 167660, 167661, 167663, 167667, 167668, 167681, 167698, 169667, 169668]","[55262, 234716, 234741, 234747, 234752, 234753, 234754, 234756, 234760, 234764, 234765, 234767, 234768, 234770, 234776, 234778, 234998, 234999, 235000, 235002, 235003, 235017, 235052, 235056, 235083, 235133, 235134, 235136, 235140, 235141, 235154, 235171, 237140, 237141]",Formation_of_urea_from_two_amines,[55262]
70514,O=C(O)Cc1cc2ccccc2o1,ZYIXXVCNAOYWQA-UHFFFAOYSA-N,2.0,50.0,EUR,19.0,2,Enamine,EU stock,EN300-27060,O=C(O)Cc1cc2ccccc2o1,,2,2,"[838, 13552]","[55535, 84250]",Amidation,[55535]
70515,NCc1nsc2ccccc12,OLCBZIWAXGUORO-UHFFFAOYSA-N,5.0,100.0,EUR,406.0,10,Enamine,Global catalog,EN300-265904,Cl.NCc1nsc2ccccc12,,5,5,"[838, 13515, 13520, 13527, 13536]","[55535, 84213, 84218, 84225, 84234]",Amidation,[55535]
70313,Nc1cccc(-n2cccn2)c1,GDTZRPGWZFOSSY-UHFFFAOYSA-N,38.0,50.0,EUR,18.0,2,Enamine,EU stock,EN300-39779,Nc1cccc(-n2cccn2)c1,,38,38,"[664, 130887, 130889, 130989, 130991, 130993, 130994, 130998, 131001, 131004, 131009, 131037, 131041, 131042, 131044, 131045, 131046, 131073, 131080, 132158, 132164, 132166, 132168, 132169, 132171, 132173, 132180, 132182, 132188, 132191, 132192, 132208, 132213, 132215, 132216, 132219, 133847, 133848]","[55598, 201224, 201226, 201326, 201328, 201330, 201331, 201335, 201338, 201341, 201346, 201374, 201378, 201379, 201381, 201382, 201383, 201410, 201417, 202495, 202501, 202503, 202505, 202506, 202508, 202510, 202517, 202519, 202525, 202528, 202529, 202545, 202550, 202552, 202553, 202556, 204186, 204187]",Formation_of_urea_from_two_amines,[55598]
70329,Cc1ccn(-c2cccc(N)c2)n1,WRRLGYBRLBWVRS-UHFFFAOYSA-N,37.0,50.0,EUR,84.0,2,Enamine,EU stock,EN300-63915,Cc1ccn(-c2cccc(N)c2)n1,,37,37,"[678, 128111, 128113, 128184, 128185, 128188, 128189, 128194, 128195, 128198, 128208, 128213, 128215, 128218, 128222, 128226, 128236, 128237, 128239, 129027, 129029, 129031, 129032, 129034, 129039, 129042, 129047, 129050, 129056, 129067, 129068, 129070, 129072, 129075, 129077, 129082, 129083]","[55856, 198363, 198365, 198436, 198437, 198440, 198441, 198446, 198447, 198450, 198460, 198465, 198467, 198470, 198474, 198478, 198488, 198489, 198491, 199279, 199281, 199283, 199284, 199286, 199291, 199294, 199299, 199302, 199308, 199319, 199320, 199322, 199324, 199327, 199329, 199334, 199335]",Formation_of_urea_from_two_amines,"[55598, 55856]"
70121,Cc1cc(N)n(-c2ccccc2)n1,FMKMKBLHMONXJM-UHFFFAOYSA-N,29.0,100.0,EUR,18.0,10,Enamine,Global catalog,EN300-02206,Cc1cc(N)n(-c2ccccc2)n1,,29,29,"[512, 156462, 156469, 156470, 156471, 156472, 156474, 156476, 156479, 156482, 157141, 157142, 157144, 157146, 157148, 157150, 157151, 157152, 157155, 157158, 157166, 157167, 157169, 157174, 157177, 157181, 157193, 158302, 158303]","[55996, 225202, 225209, 225210, 225211, 225212, 225214, 225216, 225219, 225222, 225881, 225882, 225884, 225886, 225888, 225890, 225891, 225892, 225895, 225898, 225906, 225907, 225909, 225914, 225917, 225921, 225933, 227043, 227044]",Formation_of_urea_from_two_amines,[55996]
70090,OCc1ccncc1,PTMBWNZJOQBTBK-UHFFFAOYSA-N,1.0,100.0,EUR,18.0,10,Enamine,Global catalog,EN300-64663,OCc1ccncc1,,1,1,[487],[56537],Mitsunobu_reaction_with_amine_alcohol_and_thioalcohol,[56537]
70091,Nc1cccc2c(Br)ccnc12,HCYKBCVCZOPWGQ-UHFFFAOYSA-N,4.0,50.0,EUR,78.0,2,Enamine,EU stock,EN300-247427,Nc1cccc2c(Br)ccnc12,,4,4,"[487, 114254, 114298, 114318]","[56537, 183938, 183982, 184002]",Mitsunobu_reaction_with_amine_alcohol_and_thioalcohol,[56537]
70123,Cn1nc(N)cc1C1CC1,FMIAELJMRNMQHT-UHFFFAOYSA-N,35.0,50.0,EUR,94.0,2,Enamine,EU stock,EN300-215783,Cl.Cn1nc(N)cc1C1CC1,,35,35,"[514, 43326, 43351, 43352, 43355, 43356, 43361, 43365, 43366, 43378, 43379, 43382, 43383, 43385, 43386, 43388, 43598, 43600, 43601, 43609, 43610, 43611, 43644, 43651, 43653, 43697, 43707, 43745, 43747, 43753, 43764, 43767, 43769, 43770, 45383]","[56548, 113351, 113376, 113377, 113380, 113381, 113386, 113390, 113391, 113403, 113404, 113407, 113408, 113410, 113411, 113413, 113623, 113625, 113626, 113634, 113635, 113636, 113669, 113676, 113678, 113722, 113732, 113770, 113772, 113778, 113789, 113792, 113794, 113795, 115416]",Formation_of_urea_from_two_amines,[56548]
70126,Nc1ccn(C2CCC2)n1,DRAPDGUWMFFWOJ-UHFFFAOYSA-N,36.0,50.0,EUR,237.0,2,Enamine,EU stock,EN300-783793,Nc1ccn(C2CCC2)n1,,36,36,"[517, 90937, 90967, 90970, 90971, 90975, 90979, 90981, 90983, 90987, 90994, 90995, 90996, 90998, 91000, 91001, 91002, 91332, 91333, 91334, 91337, 91339, 91340, 91343, 91357, 91359, 91360, 91366, 91367, 91374, 91377, 91380, 91385, 91386, 92279, 92280]","[56765, 161640, 161670, 161673, 161674, 161678, 161682, 161684, 161686, 161690, 161697, 161698, 161699, 161701, 161703, 161704, 161705, 162035, 162036, 162037, 162040, 162042, 162043, 162046, 162060, 162062, 162063, 162069, 162070, 162077, 162080, 162083, 162088, 162089, 162988, 162989]",Formation_of_urea_from_two_amines,[56765]
70522,O=C(O)Cc1noc2ccccc12,BVSIAYQIMUUCRW-UHFFFAOYSA-N,2.0,100.0,EUR,18.0,10,Enamine,Global catalog,EN300-14336,O=C(O)Cc1noc2ccccc12,,2,2,"[30770, 30800]","[56786, 99895]",Amidation,[56786]
70533,NCCc1cc2ccccc2o1,LPEGMOMWJPWYNX-UHFFFAOYSA-N,5.0,50.0,EUR,112.0,2,Enamine,EU stock,EN300-82974,Cl.NCCc1cc2ccccc2o1,,5,5,"[30770, 30788, 30793, 31866, 32220]","[56786, 99923, 99924, 102433, 102624]",Amidation,[56786]
70688,OCc1ccn2ncnc2c1,ANQDEVDDTIZCGN-UHFFFAOYSA-N,4.0,50.0,EUR,80.0,2,Enamine,EU stock,EN300-1440291,OCc1ccn2ncnc2c1,,4,4,"[982, 115621, 115627, 115651]","[60687, 185502, 185508, 185532]",Steglich_esterification,[60687]
70689,Cc1oc2ccccc2c1C(=O)O,QNMGYGHSTHUNJI-UHFFFAOYSA-N,1.0,50.0,EUR,169.0,2,Enamine,EU stock,EN300-118458,Cc1oc2ccccc2c1C(=O)O,,1,1,[982],[60687],Steglich_esterification,[60687]
70003,c1ccc2c(c1)CCCN2,LBUJPTNKIBCYBY-UHFFFAOYSA-N,3.0,100.0,EUR,18.0,10,Enamine,Global catalog,EN300-19046,c1ccc2c(c1)CCCN2,,3,3,"[894, 911, 913]","[61134, 65250, 65264]",Sulfonamide_Schotten-Baumann_with_amine_(intermolecular),"[61134, 65250, 65264]"
70592,CS(=O)(=O)F,KNWQLFOXPQZGPX-UHFFFAOYSA-N,1.0,100.0,EUR,18.0,10,Enamine,Global catalog,EN300-35716,CS(=O)(=O)F,,1,1,[894],[61134],Sulfonamide_Schotten-Baumann_with_amine_(intermolecular),[61134]
70464,NC1CCCc2cccnc21,JQGOUNFVDYUKMM-UHFFFAOYSA-N,1.0,100.0,EUR,39.0,10,Enamine,Global catalog,EN300-81578,NC1CCCc2cccnc21,,1,1,[850],[61386],Mitsunobu_reaction_with_amine_alcohol_and_thioalcohol,[61386]
70535,OCc1cccnc1N1CCCC1,MMQDGAPSSLJMEW-UHFFFAOYSA-N,4.0,50.0,EUR,35.0,2,Enamine,EU stock,EN300-215591,OCc1cccnc1N1CCCC1,,4,4,"[850, 173577, 173631, 175262]","[61386, 240279, 240333, 241964]",Mitsunobu_reaction_with_amine_alcohol_and_thioalcohol,[61386]
70613,CC(C)(CS(=O)(=O)Cl)C(F)F,XZWPNUGBFGDLOG-UHFFFAOYSA-N,1.0,50.0,EUR,319.0,2,Enamine,EU stock,EN300-1073166,CC(C)(CS(=O)(=O)Cl)C(F)F,,1,1,[911],[65250],Sulfonamide_Schotten-Baumann_with_amine_(intermolecular),[65250]
70250,O=C(O)c1cccc2ncccc12,RAYMXZBXQCGRGX-UHFFFAOYSA-N,4.0,100.0,EUR,18.0,10,Enamine,Global catalog,EN300-25521,O=C(O)c1cccc2ncccc12,,4,4,"[613, 104329, 105421, 105456]","[65404, 174557, 175649, 175684]",Amidation,[65404]
70254,COc1ccc2cccnc2c1CN,XKVZTMCXRNSDND-UHFFFAOYSA-N,4.0,50.0,EUR,190.0,2,Enamine,EU stock,EN300-319592,COc1ccc2cccnc2c1CN,,4,4,"[615, 22135, 22136, 22139]","[65434, 93131, 93132, 93135]",Amidation,[65434]
70260,O=C(O)c1ccnc2ccccc12,VQMSRUREDGBWKT-UHFFFAOYSA-N,1.0,100.0,EUR,18.0,10,Enamine,Global catalog,EN300-21700,O=C(O)c1ccnc2ccccc12,,1,1,[628],[65644],Amidation,[65644]
70262,O=C(O)c1cc(O)nc2ccccc12,MFSHNFBQNVGXJX-UHFFFAOYSA-N,8.0,100.0,EUR,18.0,10,Enamine,Global catalog,EN300-00825,O=C(O)c1cc(O)nc2ccccc12,,8,8,"[630, 35986, 35991, 36007, 36607, 36618, 36679, 36779]","[65691, 105676, 105681, 105697, 106297, 106308, 106369, 106469]",Amidation,[65691]
77241,Nc1cc(C(=O)O)ccn1,QMKZZQPPJRWDED-UHFFFAOYSA-N,4.0,100.0,EUR,18.0,10,Enamine,Global catalog,EN300-78505,Nc1cc(C(=O)O)ccn1,,4,4,"[6920, 7030, 7031, 7032]","[77427, 77537, 77538, 77539]",Amidation,[29639]
84027,O=C(O)Cc1cc2cc(Cl)ccc2o1,NULLDEMRVPOVOV-UHFFFAOYSA-N,2.0,100.0,EUR,359.0,10,Enamine,Global catalog,EN300-1137726,O=C(O)Cc1cc2cc(Cl)ccc2o1,,2,2,"[13520, 13831]","[84218, 84529]",Amidation,[55535]
89449,O=C(O)CCC(=O)c1csc2ccccc12,FDRBYNKJXWUFJO-UHFFFAOYSA-N,5.0,50.0,EUR,165.0,2,Enamine,EU stock,EN300-101433,O=C(O)CCC(=O)c1csc2ccccc12,,5,5,"[18795, 19851, 19865, 19970, 21933]","[89673, 90728, 90742, 90847, 92810]",Amidation,[28301]
89549,Nc1cnn2c1CCC2,VSBLPTQRXZLUDB-UHFFFAOYSA-N,2.0,100.0,EUR,330.0,10,Enamine,Global catalog,EN300-7120661,Nc1cnn2c1CCC2,,2,2,"[18847, 19865]","[89725, 90742]",Amidation,[28301]
93013,NC1CCN(CCC(=O)O)C1=O,ASELOGVNTJVXBI-UHFFFAOYSA-N,1.0,100.0,EUR,349.0,10,Enamine,Global catalog,EN300-43348121,Cl.NC1CCN(CCC(=O)O)C1=O,,1,1,[22136],[93132],Amidation,[65434]
94707,Cc1c[nH]c(C(C)(C)N)n1,VEXJYFSHOQIULY-UHFFFAOYSA-N,1.0,50.0,EUR,224.0,2,Enamine,EU stock,EN300-246690,Cc1c[nH]c(C(C)(C)N)n1.Cl.Cl,,1,1,[23666],[94806],Amidation,[19774]
101931,Cc1cc(C)c2onc(CC(=O)O)c2c1,NXKXJUYBCDRSPO-UHFFFAOYSA-N,2.0,100.0,EUR,326.0,10,Enamine,Global catalog,EN300-9446871,Cc1cc(C)c2onc(CC(=O)O)c2c1,,2,2,"[31866, 32610]","[102433, 102955]",Amidation,[56786]
105440,O=C(O)c1cc(O)nc2cc(Br)ccc12,MBCCWDPJOSBQOR-UHFFFAOYSA-N,8.0,50.0,EUR,31.0,2,Enamine,EU stock,EN300-625451,O=C(O)c1cc(O)nc2cc(Br)ccc12,,8,8,"[35960, 36500, 36501, 36516, 39576, 39579, 39584, 39602]","[105650, 106190, 106191, 106206, 109266, 109269, 109274, 109292]",Amidation,[65691]
105528,CNCCN1CCCC1=O,XVMQNNPMIDGBKH-UHFFFAOYSA-N,8.0,50.0,EUR,79.0,2,Enamine,EU stock,EN300-75664,CNCCN1CCCC1=O,,8,8,"[35986, 36053, 36500, 66269, 125640, 125724, 125915, 125966]","[105676, 105743, 106190, 135473, 195808, 195892, 196083, 196134]",Amidation,"[4093, 41552, 65691]"
109740,Cn1cc(C(=O)O)c(I)n1,HABVPNAKDPNEEK-UHFFFAOYSA-N,2.0,50.0,EUR,43.0,2,Enamine,EU stock,EN300-268735,Cn1cc(C(=O)O)c(I)n1,,2,2,"[40147, 41165]","[110017, 111035]",Amidation,[20299]
113201,CCn1nc(N)cc1C1CC1,APYVQYYSQIBHCE-UHFFFAOYSA-N,35.0,50.0,EUR,79.0,2,Enamine,EU stock,EN300-101225,CCn1nc(N)cc1C1CC1,,35,35,"[43340, 43342, 43694, 43699, 43704, 43732, 43734, 43735, 43737, 43738, 43741, 43765, 43766, 43774, 43775, 43777, 44456, 44457, 44459, 44472, 44475, 44478, 44479, 44481, 44484, 44485, 44487, 44489, 44492, 44494, 44499, 44500, 44501, 44504, 45428]","[113365, 113367, 113719, 113724, 113729, 113757, 113759, 113760, 113762, 113763, 113766, 113790, 113791, 113799, 113800, 113802, 114481, 114482, 114484, 114497, 114500, 114503, 114504, 114506, 114509, 114510, 114512, 114514, 114517, 114519, 114524, 114525, 114526, 114529, 115461]",Formation_of_urea_from_two_amines,[56548]
113323,NCC(O)C(=O)O,BMYNFMYTOJXKLE-UHFFFAOYSA-N,20.0,100.0,EUR,18.0,10,Enamine,Global catalog,EN300-95550,NCC(O)C(=O)O,,20,20,"[43707, 44472, 64009, 64332, 82100, 84745, 91366, 107404, 110829, 129047, 132180, 138794, 138872, 146752, 148613, 157166, 160562, 164874, 167681, 168884]","[113732, 114497, 133746, 134069, 153614, 156356, 162069, 177730, 181238, 199299, 202517, 207932, 208010, 216554, 218415, 225906, 228766, 233157, 235154, 236357]",Formation_of_urea_from_two_amines,"[35145, 53809, 54733, 54862, 54945, 55149, 55155, 55156, 55174, 55262, 55598, 55856, 55996, 56548, 56765]"
117264,O=C(O)c1cc(Br)cc2cc[nH]c12,VZYDZTIPNOBVNC-UHFFFAOYSA-N,3.0,100.0,EUR,22.0,10,Enamine,Global catalog,EN300-152679,O=C(O)c1cc(Br)cc2cc[nH]c12,,3,3,"[48098, 51610, 51616]","[117502, 121014, 121020]",Amidation,[28628]
117423,NCC(=O)c1ccc(F)c2ccccc12,ABDJSZZRAHIDSW-UHFFFAOYSA-N,4.0,50.0,EUR,195.0,2,Enamine,EU stock,EN300-342104,Cl.NCC(=O)c1ccc(F)c2ccccc12,,4,4,"[49706, 51616, 52059, 52400]","[119110, 121020, 121463, 121804]",Amidation,[28628]
122809,Cc1cc2c(N)cccc2[nH]1,AFDSHAHBYKPZHN-UHFFFAOYSA-N,4.0,100.0,EUR,149.0,10,Enamine,Global catalog,EN300-325315,Cc1cc2c(N)cccc2[nH]1,,4,4,"[53405, 53656, 53657, 53658]","[122979, 123230, 123231, 123232]",Formation_of_urea_from_two_amines,[43135]
122915,COC(C(C)N)C(F)F,KHGIZBYQLINDKL-UHFFFAOYSA-N,3.0,100.0,EUR,320.0,10,Enamine,Global catalog,EN300-52061937,COC(C(C)N)C(F)F.Cl,,3,3,"[53474, 53658, 53922]","[123048, 123232, 123496]",Formation_of_urea_from_two_amines,[43135]
124981,COC(=O)c1c[nH]cn1,DVLGIQNHKLWSRU-UHFFFAOYSA-N,5.0,100.0,EUR,18.0,10,Enamine,Global catalog,EN300-64187,COC(=O)c1cnc[nH]1,,5,5,"[56223, 57714, 57772, 57777, 57788]","[125541, 127032, 127090, 127095, 127106]",Reductive_amination,[12548]
125013,Cc1cnc(Br)cc1N,NZTRUPUDUVCDTC-UHFFFAOYSA-N,8.0,100.0,EUR,18.0,10,Enamine,Global catalog,EN300-111688,Cc1cnc(Br)cc1N,,8,8,"[55808, 57341, 57788, 58922, 95546, 95607, 97097, 98755]","[125126, 126659, 127106, 128240, 165666, 165727, 167217, 168875]","Reductive_amination, Amidation","[12548, 36458]"
128725,CCc1nc(C=O)c(Br)s1,NEHYBPCAFHDADB-UHFFFAOYSA-N,5.0,50.0,EUR,199.0,2,Enamine,EU stock,EN300-7439958,CCc1nc(C=O)c(Br)s1,,5,5,"[59633, 62007, 62011, 62019, 62024]","[129128, 131502, 131506, 131514, 131519]",Reductive_amination,[49503]
128768,Cc1ccc2c(N)nccc2c1,KPFDDEKLIBIDOA-UHFFFAOYSA-N,5.0,50.0,EUR,202.0,2,Enamine,EU stock,EN300-303634,Cc1ccc2c(N)nccc2c1,,5,5,"[59380, 61467, 62019, 62033, 62247]","[128875, 130962, 131514, 131528, 131742]",Reductive_amination,[49503]
131880,Nc1c(Br)cnn1C1CC1,GRFLTXMBZLLYRA-UHFFFAOYSA-N,1.0,50.0,EUR,202.0,2,Enamine,EU stock,EN300-651201,Nc1c(Br)cnn1C1CC1,,1,1,[62350],[131917],N-nucleophilic_aromatic_substitution,[734]
113298,CC(O)CN(C)N,FEYHGPPSQCQBPR-UHFFFAOYSA-N,20.0,50.0,EUR,202.0,2,Enamine,EU stock,EN300-252124,CC(O)CN(C)N,,20,20,"[43598, 44479, 63984, 64644, 82089, 84749, 91333, 107327, 110866, 129029, 132208, 138728, 138963, 146632, 148546, 157151, 160598, 164459, 167668, 168783]","[113623, 114504, 133721, 134381, 153603, 156360, 162036, 177653, 181275, 199281, 202545, 207866, 208101, 216434, 218348, 225891, 228802, 232742, 235141, 236256]",Formation_of_urea_from_two_amines,"[35145, 53809, 54733, 54862, 54945, 55149, 55155, 55156, 55174, 55262, 55598, 55856, 55996, 56548, 56765]"
133385,CC1(C)CC(O)c2cccc(N)c2O1,WCXSNAHFUCWFMV-UHFFFAOYSA-N,38.0,50.0,EUR,165.0,2,Enamine,EU stock,EN300-697287,CC1(C)CC(O)c2cccc(N)c2O1,,38,38,"[63708, 63709, 63715, 63902, 63903, 63904, 63929, 63930, 63933, 63948, 63949, 63950, 63953, 63958, 63963, 63965, 63967, 63971, 63972, 64332, 64333, 64340, 64400, 64401, 64403, 64405, 64407, 64411, 64498, 64500, 64644, 64645, 64648, 64650, 64651, 64654, 64938, 64939]","[133445, 133446, 133452, 133639, 133640, 133641, 133666, 133667, 133670, 133685, 133686, 133687, 133690, 133695, 133700, 133702, 133704, 133708, 133709, 134069, 134070, 134077, 134137, 134138, 134140, 134142, 134144, 134148, 134235, 134237, 134381, 134382, 134385, 134387, 134388, 134391, 134675, 134676]",Formation_of_urea_from_two_amines,[53809]
105620,NC(CO)CN1CCCC1=O,XQZCEVSKKMMWKG-UHFFFAOYSA-N,13.0,50.0,EUR,319.0,2,Enamine,EU stock,EN300-26980485,Cl.Cl.NC(CO)CN1CCCC1=O,,13,13,"[36779, 38709, 39576, 66342, 69020, 104329, 104873, 105164, 105269, 126197, 139726, 139839, 140687]","[106469, 108399, 109266, 135546, 138510, 174557, 175101, 175392, 175497, 196365, 209008, 209121, 210043]","Steglich_esterification, Amidation","[4091, 4093, 41552, 44380, 52471, 65404, 65691]"
69634,Cc1nc(-c2ccccn2)sc1C(=O)O,QFDHWPOPCNNAOI-UHFFFAOYSA-N,4.0,100.0,EUR,18.0,10,Enamine,Global catalog,EN300-14267,Cc1nc(-c2ccccn2)sc1C(=O)O,,4,4,"[73433, 74978, 74989, 75075]","[144473, 146018, 146029, 146115]",Amidation,[13884]
144382,CC1(C)CC1C(N)C(F)(F)F,RXWQHDXXCVZOTO-UHFFFAOYSA-N,2.0,50.0,EUR,297.0,2,Enamine,EU stock,EN300-1272427,CC1(C)CC1C(N)C(F)(F)F.Cl,,2,2,"[73567, 75075]","[144607, 146115]",Amidation,[13884]
115404,COCC(O)CN,IDSWHVZEQHESIJ-UHFFFAOYSA-N,20.0,50.0,EUR,47.0,2,Enamine,EU stock,EN300-77656,COCC(O)CN,,20,20,"[45383, 45428, 64002, 64401, 82014, 84726, 91386, 107249, 110870, 132171, 138581, 138844, 146628, 148555, 157142, 160541, 164357, 164838, 167529, 168774]","[115416, 115461, 133739, 134138, 153528, 156337, 162089, 177575, 181279, 202508, 207719, 207982, 216430, 218357, 225882, 228745, 232640, 233121, 235002, 236247]",Formation_of_urea_from_two_amines,"[35145, 53809, 54733, 54862, 54945, 55149, 55155, 55156, 55174, 55262, 55598, 55996, 56548, 56765]"
113347,NC1CCC1O,WXKBWWIWJCCING-UHFFFAOYSA-N,15.0,50.0,EUR,107.0,2,Enamine,EU stock,EN300-26529104,Cl.N[C@@H]1CC[C@@H]1O,,15,15,"[63727, 63933, 84359, 106612, 109949, 128198, 128889, 129826, 130662, 130989, 132129, 157801, 160457, 163019, 164737]","[133464, 133670, 155970, 176938, 180358, 198450, 199141, 200078, 200914, 201326, 202466, 226541, 228661, 231302, 233020]",Formation_of_urea_from_two_amines,"[35145, 53809, 54945, 55149, 55155, 55156, 55598, 55856, 55996]"
155237,Cc1cc(N)nn1-c1ccccc1F,BNIGGZOGPCZKRS-UHFFFAOYSA-N,12.0,50.0,EUR,84.0,2,Enamine,EU stock,EN300-1693993,Cc1cc(N)nn1-c1ccccc1F.Cl,,12,12,"[83736, 83754, 84357, 84359, 84454, 84477, 84682, 84683, 84696, 84697, 84746, 84768]","[155347, 155365, 155968, 155970, 156065, 156088, 156293, 156294, 156307, 156308, 156357, 156379]",Formation_of_urea_from_two_amines,[55149]
159920,OC1CCNC(C(F)(F)F)C1,MNFGDTYUQGCQBE-UHFFFAOYSA-N,1.0,50.0,EUR,146.0,2,Enamine,EU stock,EN300-23005672,Cl.O[C@@H]1CCN[C@H](C(F)(F)F)C1,,1,1,[89925],[160550],Formation_of_urea_from_two_amines,[46539]
113316,COC(C)C(N)=S,JOOKASGYCDWWLA-UHFFFAOYSA-N,21.0,100.0,EUR,255.0,10,Enamine,Global catalog,EN300-101069,COC(C)C(N)=S,,21,21,"[43653, 44481, 63988, 64648, 82110, 84757, 91337, 107437, 110594, 129027, 132213, 138724, 138982, 146795, 148542, 157155, 160574, 164365, 164416, 167663, 168787]","[113678, 114506, 133725, 134385, 153624, 156368, 162040, 177763, 181003, 199279, 202550, 207862, 208120, 216597, 218344, 225895, 228778, 232648, 232699, 235136, 236260]",Formation_of_urea_from_two_amines,"[35145, 53809, 54733, 54862, 54945, 55149, 55155, 55156, 55174, 55262, 55598, 55856, 55996, 56548, 56765]"
70399,COc1ccc2c(CC(=O)O)coc2c1,QCXJFLREQGIACT-UHFFFAOYSA-N,6.0,100.0,EUR,18.0,10,Enamine,Global catalog,EN300-06207,COc1ccc2c(CC(=O)O)coc2c1,,6,6,"[95681, 98709, 98746, 98752, 98755, 102372]","[165801, 168829, 168866, 168872, 168875, 172492]",Amidation,[36458]
125012,CNc1ccncc1C,HSOBREMHIAAEND-UHFFFAOYSA-N,8.0,50.0,EUR,66.0,2,Enamine,EU stock,EN300-178119,CNc1ccncc1C,,8,8,"[55807, 57346, 57777, 58930, 95556, 95583, 97089, 98746]","[125125, 126664, 127095, 128248, 165676, 165703, 167209, 168866]","Reductive_amination, Amidation","[12548, 36458]"
174359,O=C(O)c1ccc(Br)c2ncccc12,PPJDILQBGRMTFE-UHFFFAOYSA-N,4.0,50.0,EUR,18.0,2,Enamine,EU stock,EN300-3539268,O=C(O)c1ccc(Br)c2ncccc12,,4,4,"[104233, 104873, 127860, 127876]","[174461, 175101, 198028, 198044]",Amidation,[65404]
113341,C=CC(C)(O)CN,HIZLKTYBQGWVMQ-UHFFFAOYSA-N,20.0,100.0,EUR,264.0,10,Enamine,Global catalog,EN300-1248275,C=CC(C)(O)CN,,20,20,"[43767, 44487, 63983, 64500, 82006, 84750, 91332, 107305, 110865, 129070, 132191, 138729, 138964, 146631, 148547, 157150, 160601, 164460, 167544, 168782]","[113792, 114512, 133720, 134237, 153520, 156361, 162035, 177631, 181274, 199322, 202528, 207867, 208102, 216433, 218349, 225890, 228805, 232743, 235017, 236255]",Formation_of_urea_from_two_amines,"[35145, 53809, 54733, 54862, 54945, 55149, 55155, 55156, 55174, 55262, 55598, 55856, 55996, 56548, 56765]"
113314,CC(O)C(N)CO,MUVQIIBPDFTEKM-UHFFFAOYSA-N,20.0,100.0,EUR,18.0,10,Enamine,Global catalog,EN300-226445,C[C@@H](O)[C@H](N)CO.Cl,,20,20,"[43651, 44459, 64020, 64407, 82031, 84711, 91377, 107262, 110879, 129034, 132173, 138917, 138961, 146507, 148602, 157177, 160550, 164901, 167583, 168894]","[113676, 114484, 133757, 134144, 153545, 156322, 162080, 177588, 181288, 199286, 202510, 208055, 208099, 216309, 218404, 225917, 228754, 233184, 235056, 236367]",Formation_of_urea_from_two_amines,"[35145, 53809, 54733, 54862, 54945, 55149, 55155, 55156, 55174, 55262, 55598, 55856, 55996, 56548, 56765]"
183825,OCc1ccnc(Br)c1,IQNUGAFIKDRYRP-UHFFFAOYSA-N,1.0,100.0,EUR,18.0,10,Enamine,Global catalog,EN300-75760,OCc1ccnc(Br)c1,,1,1,[114254],[183938],Mitsunobu_reaction_with_amine_alcohol_and_thioalcohol,[56537]
185311,O=Cc1oc2ccccc2c1C(=O)O,OBUMPPKIGQNWPE-UHFFFAOYSA-N,1.0,50.0,EUR,218.0,2,Enamine,EU stock,EN300-1267198,O=Cc1oc2ccccc2c1C(=O)O,,1,1,[115627],[185508],Steglich_esterification,[60687]
128723,Cc1nc(C(=O)O)c(Br)s1,LACAQBIVCVSXHQ-UHFFFAOYSA-N,7.0,50.0,EUR,57.0,2,Enamine,EU stock,EN300-200294,Cc1nc(C(=O)O)c(Br)s1,,7,7,"[59631, 62033, 62040, 62047, 62051, 120412, 120747]","[129126, 131528, 131535, 131542, 131546, 190482, 190817]","Reductive_amination, Steglich_esterification","[28106, 49503]"
195678,O=C(O)C1(c2cc(Br)ccn2)CC1,XBAWKFQBUSVFSL-UHFFFAOYSA-N,4.0,50.0,EUR,321.0,2,Enamine,EU stock,EN300-22115394,O=C(O)C1(c2cc(Br)ccn2)CC1,,4,4,"[125622, 125963, 125966, 125968]","[195790, 196131, 196134, 196136]",Amidation,[4093]
113303,CCC(O)C(C)N,JPGZDACJIPHKML-UHFFFAOYSA-N,15.0,50.0,EUR,268.0,2,Enamine,EU stock,EN300-64821,CCC(O)C(C)N,,15,15,"[43610, 44500, 64773, 64939, 86133, 92280, 111659, 129083, 133848, 148856, 158303, 164823, 164842, 169667, 169731]","[113635, 114525, 134510, 134676, 157749, 162989, 182069, 199335, 204187, 218663, 227044, 233106, 233125, 237140, 237204]",Formation_of_urea_from_two_amines,"[35145, 53809, 55149, 55155, 55174, 55262, 55598, 55856, 55996, 56548, 56765]"
113293,COC1CNC1,AVPAYFOQPGPSCC-UHFFFAOYSA-N,30.0,100.0,EUR,18.0,10,Enamine,Global catalog,EN300-75420,COC1CNC1.Cl,,30,30,"[43385, 43734, 43935, 63735, 63971, 81835, 85124, 91002, 106614, 109972, 128184, 128892, 129829, 130665, 131037, 132130, 137933, 137977, 138102, 146109, 146763, 158309, 158694, 160462, 163025, 163087, 164608, 164743, 167268, 167426]","[113410, 113759, 113960, 133472, 133708, 153349, 156735, 161705, 176940, 180381, 198436, 199144, 200081, 200917, 201374, 202467, 207071, 207115, 207240, 215911, 216565, 227050, 227435, 228666, 231308, 231370, 232891, 233026, 234741, 234899]",Formation_of_urea_from_two_amines,"[35145, 53809, 54733, 54862, 54945, 55149, 55155, 55156, 55174, 55262, 55598, 55856, 55996, 56548, 56765]"
198336,NC(=O)c1ccn(-c2cccc(N)c2)n1,RPCSNFBWCGGPPV-UHFFFAOYSA-N,19.0,100.0,EUR,125.0,10,Enamine,Global catalog,EN300-41543,NC(=O)c1ccn(-c2cccc(N)c2)n1,,19,19,"[129007, 129008, 129014, 129419, 129431, 129432, 129435, 129439, 129443, 129444, 129445, 129481, 129493, 129494, 130662, 130663, 130665, 130666, 130707]","[199259, 199260, 199266, 199671, 199683, 199684, 199687, 199691, 199695, 199696, 199697, 199733, 199745, 199746, 200914, 200915, 200917, 200918, 200959]",Formation_of_urea_from_two_amines,[55856]
113263,CC(O)C(=N)N,HLGDWKWUYZNZIF-UHFFFAOYSA-N,33.0,100.0,EUR,99.0,10,Enamine,Global catalog,EN300-217986,CC(O)C(=N)N.Cl,,33,33,"[43355, 43777, 43861, 63742, 63902, 81841, 83850, 84746, 85110, 90998, 106600, 109963, 128215, 128862, 129432, 129888, 131046, 132102, 137941, 138000, 138093, 146129, 146503, 156479, 156639, 157815, 160476, 162899, 163186, 164622, 164752, 167297, 167411]","[113380, 113802, 113886, 133479, 133639, 153355, 155461, 156357, 156721, 161701, 176926, 180372, 198467, 199114, 199684, 200140, 201383, 202439, 207079, 207138, 207231, 215931, 216305, 225219, 225379, 226555, 228680, 231182, 231469, 232905, 233035, 234770, 234884]",Formation_of_urea_from_two_amines,"[35145, 53809, 54733, 54862, 54945, 55149, 55155, 55156, 55174, 55262, 55598, 55856, 55996, 56548, 56765]"
201136,Cc1ccc(-n2cccn2)cc1N,JFOQIBNUIKXRNN-UHFFFAOYSA-N,19.0,50.0,EUR,253.0,2,Enamine,EU stock,EN300-175240,Cc1ccc(-n2cccn2)cc1N,,19,19,"[130890, 130911, 130931, 132096, 132097, 132098, 132099, 132102, 132103, 132123, 132124, 132125, 132127, 132129, 132130, 132144, 132149, 132151, 132153]","[201227, 201248, 201268, 202433, 202434, 202435, 202436, 202439, 202440, 202460, 202461, 202462, 202464, 202466, 202467, 202481, 202486, 202488, 202490]",Formation_of_urea_from_two_amines,[55598]
206882,Cc1c(N)cnn1C1CCC1,DFPJCQMDHVPHPR-UHFFFAOYSA-N,34.0,50.0,EUR,81.0,2,Enamine,EU stock,EN300-6487478,Cc1c(N)cnn1C1CCC1.Cl.Cl,,34,34,"[137826, 137831, 137941, 137942, 137943, 137944, 137947, 137952, 137977, 137981, 137983, 137986, 137990, 137992, 137993, 137994, 137995, 138654, 138782, 138785, 138786, 138793, 138794, 138843, 138844, 138901, 138959, 138961, 138963, 138964, 138972, 138973, 138982, 138991]","[206964, 206969, 207079, 207080, 207081, 207082, 207085, 207090, 207115, 207119, 207121, 207124, 207128, 207130, 207131, 207132, 207133, 207792, 207920, 207923, 207924, 207931, 207932, 207981, 207982, 208039, 208097, 208099, 208101, 208102, 208110, 208111, 208120, 208129]",Formation_of_urea_from_two_amines,[54862]
208675,O=C(O)c1cc(Cl)nc(C2CC2)c1,CSZABJNHCVVZMX-UHFFFAOYSA-N,3.0,50.0,EUR,79.0,2,Enamine,EU stock,EN300-269297,O=C(O)c1cc(Cl)nc(C2CC2)c1,,3,3,"[139815, 139824, 139839]","[209097, 209106, 209121]",Steglich_esterification,[4091]
208741,O=C1CCC(=O)N1CCCO,KZMBWDGCFLVNTQ-UHFFFAOYSA-N,1.0,50.0,EUR,63.0,2,Enamine,EU stock,EN300-1260484,O=C1CCC(=O)N1CCCO,,1,1,[139824],[209106],Steglich_esterification,[4091]
211531,CCOC(=O)c1c(Br)ccnc1C,YLQWMYIZFWWUAD-UHFFFAOYSA-N,3.0,100.0,EUR,330.0,10,Enamine,Global catalog,EN300-2943304,CCOC(=O)c1c(Br)ccnc1C,,3,3,"[142910, 142952, 142954]","[212421, 212463, 212465]",Buchwald-Hartwig_amination,[37923]
211604,CNCC1(O)CCOC1,NOHRSADDTRHVTL-UHFFFAOYSA-N,1.0,50.0,EUR,73.0,2,Enamine,EU stock,EN300-1264388,CNCC1(O)CCOC1,,1,1,[142952],[212463],Buchwald-Hartwig_amination,[37923]
213435,NC(CCc1ccncc1)C(=O)O,WHCQVPISOOTNON-UHFFFAOYSA-N,3.0,50.0,EUR,142.0,2,Enamine,EU stock,EN300-1166899,Cl.Cl.NC(CCc1ccncc1)C(=O)O,,3,3,"[143946, 145495, 145508]","[213663, 215212, 215225]",Amidation,[35920]
113302,COC(C)C(=N)N,ITEDVEJYKUPNNY-UHFFFAOYSA-N,21.0,50.0,EUR,142.0,2,Enamine,EU stock,EN300-102758,COC(C)C(=N)N.Cl,,21,21,"[43609, 44499, 64023, 64411, 82035, 84706, 91380, 107270, 110882, 129082, 132158, 138913, 138991, 146522, 148599, 157169, 160547, 164808, 164846, 167579, 168836]","[113634, 114524, 133760, 134148, 153549, 156317, 162083, 177596, 181291, 199334, 202495, 208051, 208129, 216324, 218401, 225909, 228751, 233091, 233129, 235052, 236309]",Formation_of_urea_from_two_amines,"[35145, 53809, 54733, 54862, 54945, 55149, 55155, 55156, 55174, 55262, 55598, 55856, 55996, 56548, 56765]"
215774,Cc1ccnc(-n2ccc(N)n2)n1,RBYUGYRPNKJPIS-UHFFFAOYSA-N,35.0,50.0,EUR,165.0,2,Enamine,EU stock,EN300-3098557,Cc1ccnc(-n2ccc(N)n2)n1,,35,35,"[146059, 146063, 146064, 146503, 146504, 146505, 146506, 146530, 146533, 146550, 146552, 146560, 146565, 146570, 146763, 146764, 146765, 146767, 148542, 148545, 148546, 148547, 148550, 148551, 148553, 148555, 148556, 148559, 148574, 148576, 148599, 148602, 148605, 148612, 148613]","[54696, 215862, 215866, 216305, 216306, 216307, 216308, 216332, 216335, 216352, 216354, 216362, 216367, 216372, 216565, 216566, 216567, 216569, 218344, 218347, 218348, 218349, 218352, 218353, 218355, 218357, 218358, 218361, 218376, 218378, 218401, 218404, 218407, 218414, 218415]",Formation_of_urea_from_two_amines,[55174]
113287,CC(O)C(N)=S,FFNZHNRBDNCHEM-UHFFFAOYSA-N,33.0,100.0,EUR,268.0,10,Enamine,Global catalog,EN300-6242036,CC(O)C(N)=S,,33,33,"[43379, 43766, 43842, 63721, 63930, 81821, 83816, 84683, 85106, 90971, 106604, 109959, 128226, 128867, 129494, 129893, 131041, 132099, 137944, 138004, 138089, 146117, 146530, 156472, 156643, 157821, 160474, 162883, 163164, 164626, 164747, 167280, 167428]","[113404, 113791, 113867, 133458, 133667, 153335, 155427, 156294, 156717, 161674, 176930, 180368, 198478, 199119, 199746, 200145, 201378, 202436, 207082, 207142, 207227, 215919, 216332, 225212, 225383, 226561, 228678, 231166, 231447, 232909, 233030, 234753, 234901]",Formation_of_urea_from_two_amines,"[35145, 53809, 54733, 54862, 54945, 55149, 55155, 55156, 55174, 55262, 55598, 55856, 55996, 56548, 56765]"
225106,Cc1cc(C)cc(-n2nc(C)cc2N)c1,ZKWCQOGKTAHXKC-UHFFFAOYSA-N,13.0,50.0,EUR,47.0,2,Enamine,EU stock,EN300-07790,Cc1cc(C)cc(-n2nc(C)cc2N)c1,,13,13,"[156875, 156876, 157801, 157803, 157815, 157819, 157820, 157821, 157826, 157827, 157831, 157834, 158694]","[225615, 225616, 226541, 226543, 226555, 226559, 226560, 226561, 226566, 226567, 226571, 226574, 227435]",Formation_of_urea_from_two_amines,[55996]
113307,CCCC(O)CN,ZRUPXAZUXDFLTG-UHFFFAOYSA-N,20.0,50.0,EUR,73.0,2,Enamine,EU stock,EN300-75514,CCCC(O)CN,,20,20,"[43644, 44504, 63977, 64403, 82012, 84725, 91360, 107311, 110892, 129039, 132166, 138579, 138901, 146614, 148553, 157144, 160539, 164355, 167527, 168776]","[113669, 114529, 133714, 134140, 153526, 156336, 162063, 177637, 181301, 199291, 202503, 207717, 208039, 216416, 218355, 225884, 228743, 232638, 235000, 236249]",Formation_of_urea_from_two_amines,"[35145, 53809, 54733, 54862, 54945, 55149, 55155, 55156, 55174, 55262, 55598, 55856, 55996, 56548, 56765]"
113290,CCC(O)CN,KODLUXHSIZOKTG-UHFFFAOYSA-N,33.0,100.0,EUR,18.0,10,Enamine,Global catalog,EN300-94408,CCC(O)CN,,33,33,"[43382, 43774, 44227, 63720, 63929, 81814, 83817, 84682, 85107, 90967, 106603, 109960, 128222, 128866, 129493, 129891, 131042, 132098, 137943, 137997, 138090, 146118, 146506, 156471, 156642, 157827, 160473, 162896, 163163, 164625, 164748, 167279, 167427]","[113407, 113799, 114252, 133457, 133666, 153328, 155428, 156293, 156718, 161670, 176929, 180369, 198474, 199118, 199745, 200143, 201379, 202435, 207081, 207135, 207228, 215920, 216308, 225211, 225382, 226567, 228677, 231179, 231446, 232908, 233031, 234752, 234900]",Formation_of_urea_from_two_amines,"[35145, 53809, 54733, 54862, 54945, 55149, 55155, 55156, 55174, 55262, 55598, 55856, 55996, 56548, 56765]"
231057,Nc1ccn(C2CCOC2)n1,IMPKLHKNLUJHIP-UHFFFAOYSA-N,37.0,50.0,EUR,255.0,2,Enamine,EU stock,EN300-783583,Nc1ccn(C2CCOC2)n1,,37,37,"[162879, 162880, 162883, 162896, 162897, 162898, 162899, 162902, 162905, 162910, 163019, 163021, 163023, 163024, 163025, 163029, 163030, 163045, 164213, 164214, 164256, 164344, 164345, 164355, 164357, 164358, 164416, 164458, 164459, 164460, 164808, 164809, 164823, 164858, 164872, 164874, 164901]","[231162, 231163, 231166, 231179, 231180, 231181, 231182, 231185, 231188, 231193, 231302, 231304, 231306, 231307, 231308, 231312, 231313, 231328, 232496, 232497, 232539, 232627, 232628, 232638, 232640, 232641, 232699, 232741, 232742, 232743, 233091, 233092, 233106, 233141, 233155, 233157, 233184]",Formation_of_urea_from_two_amines,[55155]
113269,OC1CNOC1,BBWJIHMTJCJDKJ-UHFFFAOYSA-N,27.0,100.0,EUR,18.0,10,Enamine,Global catalog,EN300-207886,Cl.O[C@H]1CNOC1,,27,27,"[43361, 43704, 43848, 63748, 63967, 81838, 85128, 90994, 106620, 128208, 128904, 129439, 129875, 130998, 132153, 137965, 137981, 138106, 146116, 146552, 160485, 163029, 163083, 164604, 164732, 167295, 167446]","[113386, 113729, 113873, 133485, 133704, 153352, 156739, 161697, 176946, 198460, 199156, 199691, 200127, 201335, 202490, 207103, 207119, 207244, 215918, 216354, 228689, 231312, 231366, 232887, 233015, 234768, 234919]",Formation_of_urea_from_two_amines,"[53809, 54733, 54862, 54945, 55149, 55155, 55156, 55174, 55262, 55598, 55856, 56548, 56765]"
234634,CCOC(=O)c1cc(N)nn1C,AVAANYHFUXNOPC-UHFFFAOYSA-N,35.0,50.0,EUR,177.0,2,Enamine,EU stock,EN300-7374087,CCOC(=O)c1cc(N)nn1C.Cl,,35,35,"[167252, 167254, 167411, 167412, 167413, 167414, 167424, 167425, 167426, 167427, 167428, 167431, 167434, 167439, 167442, 167444, 167446, 168759, 168771, 168773, 168774, 168776, 168778, 168779, 168782, 168783, 168784, 168787, 168789, 168836, 168884, 168885, 168894, 169730, 169731]","[234725, 234727, 234884, 234885, 234886, 234887, 234897, 234898, 234899, 234900, 234901, 234904, 234907, 234912, 234915, 234917, 234919, 236232, 236244, 236246, 236247, 236249, 236251, 236252, 236255, 236256, 236257, 236260, 236262, 236309, 236357, 236358, 236367, 237203, 237204]",Formation_of_urea_from_two_amines,[55262]
240212,CNC1CCCc2cccnc21,ZXTRMHOUGKPHHM-UHFFFAOYSA-N,1.0,50.0,EUR,193.0,2,Enamine,EU stock,EN300-123794,CNC1CCCc2cccnc21,,1,1,[173631],[240333],Mitsunobu_reaction_with_amine_alcohol_and_thioalcohol,[61386]
77227,Cc1cnccc1C(=O)O,OSMAGAVKVRGYGR-UHFFFAOYSA-N,4.0,100.0,EUR,18.0,10,Enamine,Global catalog,EN300-77396,Cc1cnccc1C(=O)O,,4,4,"[6906, 6948, 6953, 7141]","[77413, 77455, 77460, 77648]",Amidation,[29639]
77332,Cc1ccnc2c(Cl)ccc(N)c12,ODFKEXAFOJGESD-UHFFFAOYSA-N,5.0,100.0,EUR,230.0,10,Enamine,Global catalog,EN300-8134159,Cc1ccnc2c(Cl)ccc(N)c12,,5,5,"[6931, 6948, 7031, 7064, 7359]","[77438, 77455, 77538, 77571, 77866]",Amidation,[29639]
84034,O=C(O)Cc1cc2cc(F)ccc2o1,OBCPUSHYCKCLOK-UHFFFAOYSA-N,2.0,100.0,EUR,264.0,10,Enamine,Global catalog,EN300-1137720,O=C(O)Cc1cc2cc(F)ccc2o1,,2,2,"[13527, 14122]","[84225, 84820]",Amidation,[55535]
89544,CCCn1cc(N)cn1,DMDDBNVQWLCYMJ-UHFFFAOYSA-N,2.0,50.0,EUR,19.0,2,Enamine,EU stock,EN300-91437,CCCn1cc(N)cn1,,2,2,"[18836, 19970]","[89714, 90847]",Amidation,[28301]
93012,CC(CC(=O)O)N1CCCC1=O,JVHJWGZXOKIVSU-UHFFFAOYSA-N,1.0,50.0,EUR,240.0,2,Enamine,EU stock,EN300-261653,CC(CC(=O)O)N1CCCC1=O,,1,1,[22135],[93131],Amidation,[65434]
94682,CCn1ccnc1C(C)N,SMYLQNPARGATRV-UHFFFAOYSA-N,1.0,50.0,EUR,193.0,2,Enamine,EU stock,EN300-260617,CCn1ccnc1C(C)N.Cl.Cl,,1,1,[23641],[94781],Amidation,[19774]
99802,c1ccc2c3c(oc2c1)CCNC3,OGOWMVYFFWEWQT-UHFFFAOYSA-N,4.0,50.0,EUR,158.0,2,Enamine,EU stock,EN300-6479654,c1ccc2c3c(oc2c1)CCNC3,,4,4,"[30800, 31126, 32047, 32610]","[99895, 100395, 100501, 102955]",Amidation,[56786]
101887,O=C(O)Cc1noc2ccc(O)cc12,HBALLWSUQCOFSN-UHFFFAOYSA-N,2.0,100.0,EUR,78.0,10,Enamine,Global catalog,EN300-7412182,O=C(O)Cc1noc2ccc(O)cc12,,2,2,"[30788, 31126]","[99923, 100395]",Amidation,[56786]
105593,CC1CC2CNCCN2C1=O,GYPHSWIBRWFRCS-UHFFFAOYSA-N,4.0,50.0,EUR,233.0,2,Enamine,EU stock,EN300-747001,CC1CC2CNCCN2C1=O,,4,4,"[36679, 38668, 39602, 126286]","[106369, 108358, 109292, 196454]",Amidation,"[4093, 65691]"
109747,Cc1[nH]nc(Br)c1C(=O)O,LGFSAXJQSGIGED-UHFFFAOYSA-N,2.0,50.0,EUR,165.0,2,Enamine,EU stock,EN300-624334,Cc1n[nH]c(Br)c1C(=O)O,,2,2,"[40167, 40742]","[110037, 110612]",Amidation,[20299]
113274,COC(C)CN,UANWURKQKKYIGV-UHFFFAOYSA-N,33.0,50.0,EUR,31.0,2,Enamine,EU stock,EN300-299727,CO[C@H](C)CN.Cl,,33,33,"[43366, 43737, 43853, 63737, 63950, 81828, 83813, 84768, 85103, 90987, 106617, 109956, 128237, 128854, 129444, 129881, 131080, 132103, 137947, 137989, 138053, 146125, 146533, 156476, 156646, 157834, 160477, 162902, 163167, 164629, 164758, 167287, 167431]","[113391, 113762, 113878, 133474, 133687, 153342, 155424, 156379, 156714, 161690, 176943, 180365, 198489, 199106, 199696, 200133, 201417, 202440, 207085, 207127, 207191, 215927, 216335, 225216, 225386, 226574, 228681, 231185, 231450, 232912, 233041, 234760, 234904]",Formation_of_urea_from_two_amines,"[35145, 53809, 54733, 54862, 54945, 55149, 55155, 55156, 55174, 55262, 55598, 55856, 55996, 56548, 56765]"
117265,O=C(O)c1cc(F)cc2cc[nH]c12,SXLQIJMLVHUFKL-UHFFFAOYSA-N,3.0,50.0,EUR,225.0,2,Enamine,EU stock,EN300-1267322,O=C(O)c1cc(F)cc2cc[nH]c12,,3,3,"[48099, 52059, 52073]","[117503, 121463, 121477]",Amidation,[28628]
117432,NNC(=O)Cc1cccc2ccccc12,FLHXVKZDKJAVMB-UHFFFAOYSA-N,4.0,100.0,EUR,18.0,10,Enamine,Global catalog,EN300-26450,NNC(=O)Cc1cccc2ccccc12,,4,4,"[49754, 51610, 52073, 52393]","[119158, 121014, 121477, 121797]",Amidation,[28628]
122830,Cn1ccc2c(N)cccc21,ODOJPFQQFJVNMD-UHFFFAOYSA-N,4.0,100.0,EUR,18.0,10,Enamine,Global catalog,EN300-65947,Cn1ccc2c(N)cccc21,,4,4,"[53442, 53922, 53926, 53927]","[123016, 123496, 123500, 123501]",Formation_of_urea_from_two_amines,[43135]
122917,CC(N)C(O)C(F)(F)F,PJGFUIQQJUBRHI-UHFFFAOYSA-N,3.0,50.0,EUR,193.0,2,Enamine,EU stock,EN300-29780,CC(N)C(O)C(F)(F)F.Cl,,3,3,"[53476, 53656, 53926]","[123050, 123230, 123500]",Formation_of_urea_from_two_amines,[43135]
124976,Cc1nc(C(N)=O)c[nH]1,NIROLOZHKYDXJK-UHFFFAOYSA-N,5.0,100.0,EUR,108.0,10,Enamine,Global catalog,EN300-312272,Cc1nc(C(N)=O)c[nH]1,,5,5,"[56137, 57305, 57341, 57343, 57346]","[125455, 126623, 126659, 126661, 126664]",Reductive_amination,[12548]
125000,Cc1cncc(C)c1N,QFLLABOTLITCPP-UHFFFAOYSA-N,8.0,100.0,EUR,18.0,10,Enamine,Global catalog,EN300-121444,Cc1cncc(C)c1N,,8,8,"[55792, 57305, 57714, 58903, 95560, 95613, 97125, 98709]","[125110, 126623, 127032, 128221, 165680, 165733, 167245, 168829]","Reductive_amination, Amidation","[12548, 36458]"
72,CNc1nccc2ccccc12,BILUZSWZYDFPMN-UHFFFAOYSA-N,5.0,50.0,EUR,54.0,2,Enamine,EU stock,EN300-1231023,CNc1nccc2ccccc12,,5,5,"[59384, 61485, 62011, 62051, 62235]","[128879, 130980, 131506, 131546, 131730]",Reductive_amination,[49503]
128742,CCc1nc(C(=O)O)cs1,NMBMFJUWTJAVBG-UHFFFAOYSA-N,5.0,50.0,EUR,18.0,2,Enamine,EU stock,EN300-1168277,CCc1nc(C(=O)O)cs1,,5,5,"[59650, 61467, 61474, 61481, 61485]","[129145, 130962, 130969, 130976, 130980]",Reductive_amination,[49503]
131886,CC(C)(C)n1cc(Br)cn1,KLLXOOSSATXFFY-UHFFFAOYSA-N,1.0,100.0,EUR,18.0,10,Enamine,Global catalog,EN300-136542,CC(C)(C)n1cc(Br)cn1,,1,1,[62357],[131924],N-nucleophilic_aromatic_substitution,[734]
105563,NNC(=O)CN1CCCC1=O,JCCPDFVXLPOKHI-UHFFFAOYSA-N,4.0,50.0,EUR,69.0,2,Enamine,EU stock,EN300-10025,NNC(=O)CN1CCCC1=O,,4,4,"[36607, 38706, 39579, 66375]","[106297, 108396, 109269, 135579]",Amidation,"[41552, 65691]"
138447,O=C1CCCN1CC1CCCN1,MJQZYCICMIKPOI-UHFFFAOYSA-N,3.0,100.0,EUR,264.0,10,Enamine,Global catalog,EN300-27735752,Cl.O=C1CCCN1C[C@@H]1CCCN1,,3,3,"[69205, 105421, 127860]","[138695, 175649, 198028]",Amidation,"[44380, 65404]"
144367,FC(F)(F)C12CCC(CN1)C2,OLENGHRJEKDNNN-UHFFFAOYSA-N,2.0,100.0,EUR,354.0,10,Enamine,Global catalog,EN300-39852347,Cl.FC(F)(F)C12CCC(CN1)C2,,2,2,"[73552, 74978]","[144592, 146018]",Amidation,[13884]
113296,OC1CCNC1,JHHZLHWJQPUNKB-UHFFFAOYSA-N,28.0,100.0,EUR,18.0,10,Enamine,Global catalog,EN300-67312,O[C@@H]1CCNC1,,28,28,"[43388, 43732, 43933, 63730, 63948, 81845, 85120, 90975, 106609, 109969, 128189, 128890, 129827, 130663, 130991, 132127, 137936, 137995, 138085, 146102, 146767, 160455, 163021, 163091, 164612, 164735, 167283, 167414]","[113413, 113757, 113958, 133467, 133685, 153359, 156731, 161678, 176935, 180378, 198441, 199142, 200079, 200915, 201328, 202464, 207074, 207133, 207223, 215904, 216569, 228659, 231304, 231374, 232895, 233018, 234756, 234887]",Formation_of_urea_from_two_amines,"[35145, 53809, 54733, 54862, 54945, 55149, 55155, 55156, 55174, 55262, 55598, 55856, 56548, 56765]"
155322,COc1ccc(-n2nc(N)cc2C)cc1,LRRKUEBIDLOQBX-UHFFFAOYSA-N,18.0,100.0,EUR,221.0,10,Enamine,Global catalog,EN300-125777,COc1ccc(-n2nc(N)cc2C)cc1,,18,18,"[84342, 84345, 84346, 85095, 85100, 85103, 85106, 85107, 85108, 85109, 85110, 85120, 85121, 85123, 85124, 85128, 85130, 85131]","[155953, 155956, 155957, 156706, 156711, 156714, 156717, 156718, 156719, 156720, 156721, 156731, 156732, 156734, 156735, 156739, 156741, 156742]",Formation_of_urea_from_two_amines,[55149]
159803,Nc1cc(F)cc2c1OCCC2,AEICTTXLAITIQJ-UHFFFAOYSA-N,2.0,50.0,EUR,244.0,2,Enamine,EU stock,EN300-6493573,Nc1cc(F)cc2c1OCCC2,,2,2,"[89345, 89843]","[159970, 160468]",Formation_of_urea_from_two_amines,[46539]
159906,NC1(C(F)(F)F)CCOC1,GCSHUWRZDOUZNN-UHFFFAOYSA-N,3.0,50.0,EUR,208.0,2,Enamine,EU stock,EN300-7356043,Cl.NC1(C(F)(F)F)CCOC1,,3,3,"[89455, 89539, 89843]","[160080, 160164, 160468]",Formation_of_urea_from_two_amines,[46539]
113343,CCC(O)C(=N)N,YLMGUQOHXLAGMQ-UHFFFAOYSA-N,20.0,50.0,EUR,173.0,2,Enamine,EU stock,EN300-185436,CCC(O)C(=N)N.Cl,,20,20,"[43769, 44485, 63980, 64498, 82009, 84753, 91357, 107308, 110884, 129068, 132169, 138685, 138973, 146648, 148550, 157148, 160585, 164344, 167525, 168779]","[113794, 114510, 133717, 134235, 153523, 156364, 162060, 177634, 181293, 199320, 202506, 207823, 208111, 216450, 218352, 225888, 228789, 232627, 234998, 236252]",Formation_of_urea_from_two_amines,"[35145, 53809, 54733, 54862, 54945, 55149, 55155, 55156, 55174, 55262, 55598, 55856, 55996, 56548, 56765]"
70064,Cc1c(N)ccnc1Cl,OPIGCGMFJRAVJS-UHFFFAOYSA-N,9.0,100.0,EUR,25.0,10,Enamine,Global catalog,EN300-112734,Cc1c(N)ccnc1Cl,,9,9,"[460, 55805, 57343, 57772, 58925, 95559, 95610, 97094, 98752]","[47445, 125123, 126661, 127090, 128243, 165679, 165730, 167214, 168872]","Formation_of_urea_from_two_amines, Reductive_amination, Amidation","[12548, 36458]"
165572,CCc1oc2ccccc2c1CC(=O)O,ZSMYNXJVEWZTLM-UHFFFAOYSA-N,6.0,50.0,EUR,165.0,2,Enamine,EU stock,EN300-318233,CCc1oc2ccccc2c1CC(=O)O,,6,6,"[96047, 97089, 97094, 97097, 97125, 102780]","[166167, 167209, 167214, 167217, 167245, 172900]",Amidation,[36458]
174375,Cc1cnc2cccc(C(=O)O)c2c1,LWRCEDZWWSKNNY-UHFFFAOYSA-N,2.0,50.0,EUR,161.0,2,Enamine,EU stock,EN300-8593237,Cc1cnc2cccc(C(=O)O)c2c1,,2,2,"[104265, 105269]","[174493, 175497]",Amidation,[65404]
113264,CNCC(C)O,AEKHFLDILSDXBL-UHFFFAOYSA-N,33.0,50.0,EUR,54.0,2,Enamine,EU stock,EN300-55145,CNCC(C)O,,33,33,"[43356, 43765, 43860, 63718, 63903, 81830, 83845, 84696, 85109, 90996, 106601, 109962, 128213, 128861, 129431, 129887, 131045, 132096, 137952, 137999, 138092, 146122, 146504, 156469, 156640, 157819, 160470, 162898, 163150, 164623, 164749, 167294, 167412]","[113381, 113790, 113885, 133455, 133640, 153344, 155456, 156307, 156720, 161699, 176927, 180371, 198465, 199113, 199683, 200139, 201382, 202433, 207090, 207137, 207230, 215924, 216306, 225209, 225380, 226559, 228674, 231181, 231433, 232906, 233032, 234767, 234885]",Formation_of_urea_from_two_amines,"[35145, 53809, 54733, 54862, 54945, 55149, 55155, 55156, 55174, 55262, 55598, 55856, 55996, 56548, 56765]"
113300,CCNCC(C)O,UCYJVNBJCIZMTJ-UHFFFAOYSA-N,15.0,100.0,EUR,18.0,10,Enamine,Global catalog,EN300-55326,CCNCC(C)O,,15,15,"[43600, 44456, 64772, 64938, 86156, 92279, 111685, 129031, 133847, 148869, 158302, 164809, 164847, 169668, 169730]","[113625, 114481, 134509, 134675, 157772, 162988, 182095, 199283, 204186, 218676, 227043, 233092, 233130, 237141, 237203]",Formation_of_urea_from_two_amines,"[35145, 53809, 55149, 55155, 55174, 55262, 55598, 55856, 55996, 56548, 56765]"
183856,Cc1cnc(F)cc1CO,GTJYEKURZBGBDS-UHFFFAOYSA-N,1.0,100.0,EUR,259.0,10,Enamine,Global catalog,EN300-23904972,Cc1cnc(F)cc1CO,,1,1,[114298],[183982],Mitsunobu_reaction_with_amine_alcohol_and_thioalcohol,[56537]
185325,COc1ccc2oc(C)c(C(=O)O)c2c1,RSHSSGDUMLTSEG-UHFFFAOYSA-N,1.0,50.0,EUR,36.0,2,Enamine,EU stock,EN300-44265,COc1ccc2oc(C)c(C(=O)O)c2c1,,1,1,[115651],[185532],Steglich_esterification,[60687]
190384,O=C(CO)N1CCCc2ccccc21,ROLQWEMPXBHKHA-UHFFFAOYSA-N,3.0,50.0,EUR,84.0,2,Enamine,EU stock,EN300-61678,O=C(CO)N1CCCc2ccccc21,,3,3,"[120417, 120747, 121586]","[190487, 190817, 191656]",Steglich_esterification,[28106]
195668,O=C(O)C1(c2ccc(F)cn2)CC1,KLVFERIITBXTIL-UHFFFAOYSA-N,4.0,100.0,EUR,58.0,10,Enamine,Global catalog,EN300-130854,O=C(O)C1(c2ccc(F)cn2)CC1,,4,4,"[125605, 125724, 125726, 125747]","[70857, 195892, 195894, 195915]",Amidation,[4093]
113297,NC1CC1O,BPRCXDKVLIAUTK-UHFFFAOYSA-N,16.0,50.0,EUR,237.0,2,Enamine,EU stock,EN300-33211938,Cl.N[C@@H]1C[C@H]1O,,16,16,"[63685, 63708, 83726, 83736, 84346, 106508, 109847, 128111, 128126, 128841, 129008, 130887, 130911, 146059, 156875, 160449]","[133422, 133445, 155337, 155347, 155957, 176834, 180256, 198363, 198378, 199093, 199260, 201224, 201248, 215862, 225615, 228653]",Formation_of_urea_from_two_amines,"[35145, 53809, 54945, 55149, 55156, 55174, 55598, 55856, 55996]"
198328,Nc1cccc(-n2ccc(C(=O)O)n2)c1,GWMGVDAFFHIXCL-UHFFFAOYSA-N,19.0,100.0,EUR,119.0,10,Enamine,Global catalog,EN300-37355626,Cl.Nc1cccc(-n2ccc(C(=O)O)n2)c1,,19,19,"[128839, 128841, 128842, 129826, 129827, 129829, 129830, 129833, 129836, 129856, 129875, 129879, 129881, 129882, 129887, 129888, 129890, 129891, 129893]","[199091, 199093, 199094, 200078, 200079, 200081, 200082, 200085, 200088, 200108, 200127, 200131, 200133, 200134, 200139, 200140, 200142, 200143, 200145]",Formation_of_urea_from_two_amines,[55856]
113294,CC1CNCO1,HBVZPVWFLGXUAU-UHFFFAOYSA-N,27.0,100.0,EUR,133.0,10,Enamine,Global catalog,EN300-6934967,CC1CNCO1,,27,27,"[43386, 43735, 43936, 63732, 63949, 81832, 85131, 91000, 106611, 128185, 128893, 129830, 130666, 130993, 132125, 137934, 137992, 138087, 146103, 146765, 160453, 163023, 163089, 164610, 164745, 167281, 167424]","[113411, 113760, 113961, 133469, 133686, 153346, 156742, 161703, 176937, 198437, 199145, 200082, 200918, 201330, 202462, 207072, 207130, 207225, 215905, 216567, 228657, 231306, 231372, 232893, 233028, 234754, 234897]",Formation_of_urea_from_two_amines,"[53809, 54733, 54862, 54945, 55149, 55155, 55156, 55174, 55262, 55598, 55856, 56548, 56765]"
206888,Cc1c(N)cnn1C1CCOC1,VCHJIYGWBCJHGW-UHFFFAOYSA-N,17.0,50.0,EUR,240.0,2,Enamine,EU stock,EN300-226558,Cc1c(N)cnn1C1CCOC1,,17,17,"[137887, 137889, 138053, 138085, 138087, 138089, 138090, 138091, 138092, 138093, 138101, 138102, 138106, 138108, 138111, 138114, 138119]","[207025, 207027, 207191, 207223, 207225, 207227, 207228, 207229, 207230, 207231, 207239, 207240, 207244, 207246, 207249, 207252, 207257]",Formation_of_urea_from_two_amines,[54862]
208737,CC(O)CCN1CCCC1=O,WKKDYSBMGASIMF-UHFFFAOYSA-N,2.0,100.0,EUR,193.0,10,Enamine,Global catalog,EN300-74744,CC(O)CCN1CCCC1=O,,2,2,"[139720, 139815]","[209002, 209097]",Steglich_esterification,[4091]
138469,CC(O)C(N)CN1CCCC1=O,RPUPKZSLBROBBO-UHFFFAOYSA-N,4.0,100.0,EUR,444.0,10,Enamine,Global catalog,EN300-37351361,CC(O)C(N)CN1CCCC1=O.Cl,,4,4,"[69248, 105456, 127876, 141048]","[138738, 175684, 198044, 210404]",Amidation,"[44380, 52471, 65404]"
211643,COC(=O)C1(O)CNC1,ZDHBVCASMMWVMV-UHFFFAOYSA-N,1.0,50.0,EUR,193.0,2,Enamine,EU stock,EN300-364448,COC(=O)C1(O)CNC1.Cl,,1,1,[142910],[212421],Buchwald-Hartwig_amination,[37923]
213412,O=C(O)C1CC1c1ccnc(Cl)c1,YGCFBCQTXOGLDY-UHFFFAOYSA-N,3.0,100.0,EUR,387.0,10,Enamine,Global catalog,EN300-1982848,O=C(O)C1CC1c1ccnc(Cl)c1,,3,3,"[143917, 144425, 144441]","[213634, 214142, 214158]",Amidation,[35920]
213511,NCc1coc2c(Cl)cccc12,WIYRCULWKXTYAQ-UHFFFAOYSA-N,4.0,50.0,EUR,165.0,2,Enamine,EU stock,EN300-373839,NCc1coc2c(Cl)cccc12,,4,4,"[143980, 144425, 144678, 145508]","[213697, 214142, 214395, 215225]",Amidation,[35920]
113335,CC(O)C(=O)NN,QCICYPQPGJJZGW-UHFFFAOYSA-N,20.0,50.0,EUR,22.0,2,Enamine,EU stock,EN300-196484,CC(O)C(=O)NN,,20,20,"[43753, 44478, 64010, 64333, 82102, 84699, 91367, 107430, 110830, 129042, 132182, 138793, 138880, 146731, 148612, 157167, 160561, 164872, 167698, 168885]","[113778, 114503, 133747, 134070, 153616, 156310, 162070, 177756, 181239, 199294, 202519, 207931, 208018, 216533, 218414, 225907, 228765, 233155, 235171, 236358]",Formation_of_urea_from_two_amines,"[35145, 53809, 54733, 54862, 54945, 55149, 55155, 55156, 55174, 55262, 55598, 55856, 55996, 56548, 56765]"
113260,CC1(O)CNC1,LDLAEUFQUOXALI-UHFFFAOYSA-N,26.0,100.0,EUR,18.0,10,Enamine,Global catalog,EN300-113406,CC1(O)CNC1.Cl,,26,26,"[43352, 43699, 43845, 63745, 63965, 85130, 90983, 106579, 128195, 128900, 129419, 129856, 131001, 132151, 137955, 137983, 138108, 146114, 146550, 160490, 163030, 163191, 164602, 164726, 167303, 167444]","[113377, 113724, 113870, 133482, 133702, 156741, 161686, 176905, 198447, 199152, 199671, 200108, 201338, 202488, 207093, 207121, 207246, 215916, 216352, 228694, 231313, 231474, 232885, 233009, 234776, 234917]",Formation_of_urea_from_two_amines,"[53809, 54862, 54945, 55149, 55155, 55156, 55174, 55262, 55598, 55856, 56548, 56765]"
231090,Nc1ccn(CC2CCOC2)n1,UNSDDPKYYYBZPH-UHFFFAOYSA-N,18.0,50.0,EUR,233.0,2,Enamine,EU stock,EN300-218152,Nc1ccn(CC2CCOC2)n1,,18,18,"[163130, 163132, 164726, 164730, 164732, 164735, 164737, 164743, 164745, 164746, 164747, 164748, 164749, 164752, 164753, 164756, 164758, 164763]","[231413, 231415, 233009, 233013, 233015, 233018, 233020, 233026, 233028, 233029, 233030, 233031, 233032, 233035, 233036, 233039, 233041, 233046]",Formation_of_urea_from_two_amines,[55155]
113329,CC(N)C(O)CO,LDCXMWOWMBOMSM-UHFFFAOYSA-N,20.0,50.0,EUR,299.0,2,Enamine,EU stock,EN300-307486,CC(N)C(O)CO,,20,20,"[43747, 44494, 63985, 64645, 82088, 84748, 91334, 107328, 110867, 129077, 132192, 138727, 138959, 146812, 148545, 157152, 160597, 164458, 167667, 168784]","[113772, 114519, 133722, 134382, 153602, 156359, 162037, 177654, 181276, 199329, 202529, 207865, 208097, 216614, 218347, 225892, 228801, 232741, 235140, 236257]",Formation_of_urea_from_two_amines,"[35145, 53809, 54733, 54862, 54945, 55149, 55155, 55156, 55174, 55262, 55598, 55856, 55996, 56548, 56765]"
240198,c1cnc2c(c1)C1CCC2N1,CCTCPRSPWROPKQ-UHFFFAOYSA-N,1.0,50.0,EUR,292.0,2,Enamine,EU stock,EN300-114942,Cl.Cl.c1cnc2c(c1)C1CCC2N1,,1,1,[173577],[240279],Mitsunobu_reaction_with_amine_alcohol_and_thioalcohol,[61386]
77295,O=C(O)c1ccn(O)c(=O)c1,JFXSGPUFCQCCQM-UHFFFAOYSA-N,4.0,50.0,EUR,187.0,2,Enamine,EU stock,EN300-2970580,O=C(O)c1ccn(O)c(=O)c1,,4,4,"[7108, 7358, 7359, 7360]","[77615, 77865, 77866, 77867]",Amidation,[29639]
77328,Nc1c(Br)cc(Cl)c2ncccc12,DYJILNJSHZEJIE-UHFFFAOYSA-N,5.0,100.0,EUR,259.0,10,Enamine,Global catalog,EN300-52125836,Nc1c(Br)cc(Cl)c2ncccc12,,5,5,"[6927, 7032, 7065, 7141, 7360]","[77434, 77539, 77572, 77648, 77867]",Amidation,[29639]
84043,Cc1c(CC(=O)O)oc2ccccc12,LPQFNKGQYUGWLO-UHFFFAOYSA-N,2.0,100.0,EUR,320.0,10,Enamine,Global catalog,EN300-1726160,Cc1c(CC(=O)O)oc2ccccc12,,2,2,"[13536, 13965]","[84234, 84663]",Amidation,[55535]
84125,NCc1nsc2ccc(Cl)cc12,XVGAOHPRNCVUTD-UHFFFAOYSA-N,5.0,50.0,EUR,328.0,2,Enamine,EU stock,EN300-741864,Cl.NCc1nsc2ccc(Cl)cc12,,5,5,"[13552, 13825, 13831, 13965, 14122]","[84250, 84523, 84529, 84663, 84820]",Amidation,[55535]
89550,Nc1cnn(C2CC2)c1,KMSWFVSXBMWVIT-UHFFFAOYSA-N,2.0,100.0,EUR,101.0,10,Enamine,Global catalog,EN300-1605187,Cl.Cl.Nc1cnn(C2CC2)c1,,2,2,"[18855, 19851]","[89732, 90728]",Amidation,[28301]
93016,O=C(O)CCN1C(=O)CCC1=O,DPISPNNORVOBQY-UHFFFAOYSA-N,1.0,50.0,EUR,22.0,2,Enamine,EU stock,EN300-14467,O=C(O)CCN1C(=O)CCC1=O,,1,1,[22139],[93135],Amidation,[65434]
94705,Cc1nc(C(C)N)[nH]c1C,OJNHYZJZNFJNRP-UHFFFAOYSA-N,1.0,50.0,EUR,166.0,2,Enamine,EU stock,EN300-46967723,Cc1nc(C(C)N)[nH]c1C.Cl.Cl,,1,1,[23664],[94804],Amidation,[19774]
101892,O=C(O)Cc1noc2c(F)cccc12,GNFHZTXRSVPEIW-UHFFFAOYSA-N,2.0,100.0,EUR,316.0,10,Enamine,Global catalog,EN300-8962735,O=C(O)Cc1noc2c(F)cccc12,,2,2,"[30793, 32047]","[99924, 100501]",Amidation,[56786]
105428,O=C(O)c1cc(O)nc2cc(F)ccc12,JNJDJHAPAYHLSZ-UHFFFAOYSA-N,8.0,50.0,EUR,24.0,2,Enamine,EU stock,EN300-49454,O=C(O)c1cc(=O)[nH]c2cc(F)ccc12,,8,8,"[35985, 36030, 36053, 36054, 38666, 38668, 38706, 38709]","[105675, 105720, 105743, 105744, 108356, 108358, 108396, 108399]",Amidation,[65691]
109717,Cn1cc(C(=O)O)c(Cl)n1,OBOOPWDQTYAVEJ-UHFFFAOYSA-N,2.0,50.0,EUR,32.0,2,Enamine,EU stock,EN300-121915,Cn1cc(C(=O)O)c(Cl)n1,,2,2,"[40118, 40404]","[109988, 110274]",Amidation,[20299]
109801,c1cnc2c(c1)NCC21CC1,UUWYIWXRRFFYJJ-UHFFFAOYSA-N,5.0,50.0,EUR,700.0,2,Enamine,EU stock,EN300-1269965,c1cnc2c(c1)NCC21CC1,,5,5,"[40023, 40404, 40742, 41165, 42389]","[109893, 110274, 110612, 111035, 112259]",Amidation,[20299]
113208,CCCn1nc(N)cc1C1CC1,DBOVIXRKPIAKAT-UHFFFAOYSA-N,16.0,100.0,EUR,230.0,10,Enamine,Global catalog,EN300-231901,CCCn1nc(N)cc1C1CC1,,16,16,"[43513, 43515, 43842, 43843, 43844, 43845, 43848, 43851, 43853, 43854, 43860, 43861, 43933, 43935, 43936, 44227]","[113538, 113540, 113867, 113868, 113869, 113870, 113873, 113876, 113878, 113879, 113885, 113886, 113958, 113960, 113961, 114252]",Formation_of_urea_from_two_amines,[56548]
113258,OC1CNC1,GMWFCJXSQQHBPI-UHFFFAOYSA-N,28.0,100.0,EUR,18.0,10,Enamine,Global catalog,EN300-66510,OC1CNC1,,28,28,"[43326, 43340, 43513, 63687, 63715, 81793, 84342, 90937, 106510, 109845, 128113, 128128, 128839, 129014, 130889, 130890, 137826, 137833, 137889, 146058, 146063, 160451, 162879, 162881, 162936, 163132, 167243, 167254]","[113351, 113365, 113538, 133424, 133452, 153307, 155953, 161640, 176836, 180254, 198365, 198380, 199091, 199266, 201226, 201227, 206964, 206971, 207027, 215861, 215866, 228655, 231162, 231164, 231219, 231415, 234716, 234727]",Formation_of_urea_from_two_amines,"[35145, 53809, 54733, 54862, 54945, 55149, 55155, 55156, 55174, 55262, 55598, 55856, 56548, 56765]"
117268,O=C(O)c1cc(Cl)cc2cc[nH]c12,NQDMTJYCOYPTOZ-UHFFFAOYSA-N,3.0,100.0,EUR,330.0,10,Enamine,Global catalog,EN300-1608559,O=C(O)c1cc(Cl)cc2cc[nH]c12,,3,3,"[48110, 52393, 52400]","[117514, 121797, 121804]",Amidation,[28628]
122916,CC(C)(N)C(O)C(F)F,NJGUDFYWFJFLDD-UHFFFAOYSA-N,3.0,100.0,EUR,336.0,10,Enamine,Global catalog,EN300-2955270,CC(C)(N)C(O)C(F)F,,3,3,"[53475, 53657, 53927]","[123049, 123231, 123501]",Formation_of_urea_from_two_amines,[43135]
124964,Cn1cncc1C(N)=O,FFEDTKQANJQNBP-UHFFFAOYSA-N,5.0,50.0,EUR,37.0,2,Enamine,EU stock,EN300-95430,Cn1cncc1C(N)=O,,5,5,"[56121, 58903, 58922, 58925, 58930]","[125439, 128221, 128240, 128243, 128248]",Reductive_amination,[12548]
128704,Cc1nc(C(=O)O)c(C)s1,AFHYBEFNQLGRFV-UHFFFAOYSA-N,5.0,50.0,EUR,44.0,2,Enamine,EU stock,EN300-172483,Cc1nc(C(=O)O)c(C)s1.Cl,,5,5,"[59612, 62235, 62247, 62262, 62272]","[129107, 131730, 131742, 131757, 131767]",Reductive_amination,[49503]
128772,Nc1nccc2cc(Br)ccc12,PZNNAAGLKCNZKE-UHFFFAOYSA-N,5.0,50.0,EUR,35.0,2,Enamine,EU stock,EN300-215654,Nc1nccc2cc(Br)ccc12,,5,5,"[59385, 61474, 62024, 62040, 62262]","[128880, 130969, 131519, 131535, 131757]",Reductive_amination,[49503]
131881,CC(C)n1cc(Br)c(N)n1,ODLPLNMDKPTJPZ-UHFFFAOYSA-N,1.0,100.0,EUR,230.0,10,Enamine,Global catalog,EN300-230227,CC(C)n1cc(Br)c(N)n1,,1,1,[62352],[131919],N-nucleophilic_aromatic_substitution,[734]
105568,COC1CC(=O)N(CCN)C1,UBVQZDXZEHAYCZ-UHFFFAOYSA-N,5.0,50.0,EUR,195.0,2,Enamine,EU stock,EN300-27103553,COC1CC(=O)N(CCN)C1.Cl,,5,5,"[36618, 38666, 39584, 66344, 126196]","[106308, 108356, 109274, 135548, 196364]",Amidation,"[4093, 41552, 65691]"
144395,CC(C)(C)CC(N)C(F)(F)F,GBMGSRRYJYOIFW-UHFFFAOYSA-N,2.0,50.0,EUR,240.0,2,Enamine,EU stock,EN300-127311,CC(C)(C)CC(N)C(F)(F)F.Cl,,2,2,"[73580, 74989]","[144620, 146029]",Amidation,[13884]
113286,NCC(O)CCl,CYJBWQFWXJKKMS-UHFFFAOYSA-N,33.0,100.0,EUR,18.0,10,Enamine,Global catalog,EN300-1660916,Cl.NC[C@@H](O)CCl,,33,33,"[43378, 43738, 43851, 63751, 63958, 81819, 83830, 84477, 85095, 90970, 106588, 109966, 128239, 128865, 129443, 129879, 131009, 132144, 137960, 137986, 138114, 146133, 146565, 156482, 156669, 157826, 160492, 162910, 163155, 164613, 164763, 167274, 167439]","[113403, 113763, 113876, 133488, 133695, 153333, 155441, 156088, 156706, 161673, 176914, 180375, 198491, 199117, 199695, 200131, 201346, 202481, 207098, 207124, 207252, 215935, 216367, 225222, 225409, 226566, 228696, 231193, 231438, 232896, 233046, 234747, 234912]",Formation_of_urea_from_two_amines,"[35145, 53809, 54733, 54862, 54945, 55149, 55155, 55156, 55174, 55262, 55598, 55856, 55996, 56548, 56765]"
113273,NCC(O)CF,YNYGCUBTRXYATN-UHFFFAOYSA-N,33.0,50.0,EUR,153.0,2,Enamine,EU stock,EN300-1264911,Cl.NCC(O)CF,,33,33,"[43365, 43741, 43854, 63716, 63953, 81834, 83810, 84454, 85100, 90979, 106607, 109953, 128236, 128855, 129445, 129882, 131073, 132123, 137951, 137993, 138119, 146126, 146560, 156474, 156659, 157831, 160480, 162905, 163170, 164632, 164756, 167291, 167434]","[113390, 113766, 113879, 133453, 133690, 153348, 155421, 156065, 156711, 161682, 176933, 180362, 198488, 199107, 199697, 200134, 201410, 202460, 207089, 207131, 207257, 215928, 216362, 225214, 225399, 226571, 228684, 231188, 231453, 232915, 233039, 234764, 234907]",Formation_of_urea_from_two_amines,"[35145, 53809, 54733, 54862, 54945, 55149, 55155, 55156, 55174, 55262, 55598, 55856, 55996, 56548, 56765]"
159810,Nc1cccc2c1OCCC2O,SZKMJARZEJFPTN-UHFFFAOYSA-N,2.0,50.0,EUR,171.0,2,Enamine,EU stock,EN300-113567,Nc1cccc2c1OCCC2O,,2,2,"[89367, 89539]","[159992, 160164]",Formation_of_urea_from_two_amines,[46539]
70259,Cc1ccc2occ(CC(=O)O)c2c1,DUMCTHVOZLFMDK-UHFFFAOYSA-N,6.0,50.0,EUR,36.0,2,Enamine,EU stock,EN300-312318,Cc1ccc2occ(CC(=O)O)c2c1,,6,6,"[95532, 95583, 95607, 95610, 95613, 99783]","[165652, 165703, 165727, 165730, 165733, 169903]",Amidation,[36458]
125031,C#Cc1c(N)ccnc1F,BRRFMXBMLRYJLB-UHFFFAOYSA-N,5.0,100.0,EUR,330.0,10,Enamine,Global catalog,EN300-46479219,C#Cc1c(N)ccnc1F,,5,5,"[56347, 96647, 99783, 102372, 102780]","[125665, 166767, 169903, 172492, 172900]","Reductive_amination, Amidation","[12548, 36458]"
174363,O=C(O)c1ccc(O)c2ncccc12,JGRPKOGHYBAVMW-UHFFFAOYSA-N,2.0,100.0,EUR,173.0,10,Enamine,Global catalog,EN300-226559,Br.O=C(O)c1ccc(O)c2ncccc12,,2,2,"[104241, 105164]","[174469, 175392]",Amidation,[65404]
113301,COC(C)(C)CN,ZSTYQALWKOGXOV-UHFFFAOYSA-N,19.0,100.0,EUR,18.0,10,Enamine,Global catalog,EN300-103952,COC(C)(C)CN,,19,19,"[43601, 44457, 64027, 64400, 84723, 91385, 107231, 110871, 129032, 132164, 138582, 138843, 146629, 148556, 157141, 160542, 164358, 167530, 168773]","[113626, 114482, 133764, 134137, 156334, 162088, 177557, 181280, 199284, 202501, 207720, 207981, 216431, 218358, 225881, 228746, 232641, 235003, 236246]",Formation_of_urea_from_two_amines,"[35145, 53809, 54862, 54945, 55149, 55155, 55156, 55174, 55262, 55598, 55856, 55996, 56548, 56765]"
113344,CCC(C)(O)CN,LHYVEOGDJNQNEW-UHFFFAOYSA-N,21.0,50.0,EUR,86.0,2,Enamine,EU stock,EN300-6730006,CCC(C)(O)CN.Cl,,21,21,"[43770, 44484, 63991, 64651, 82105, 84427, 91340, 107486, 110627, 129067, 132216, 138721, 138782, 146513, 148576, 157181, 160577, 164213, 164353, 167660, 168771]","[113795, 114509, 133728, 134388, 153619, 156038, 162043, 177812, 181036, 199319, 202553, 207859, 207920, 216315, 218378, 225921, 228781, 232496, 232636, 235133, 236244]",Formation_of_urea_from_two_amines,"[35145, 53809, 54733, 54862, 54945, 55149, 55155, 55156, 55174, 55262, 55598, 55856, 55996, 56548, 56765]"
183868,OCc1cc(F)nc(F)c1,HRMTYLPRCDEQHT-UHFFFAOYSA-N,1.0,100.0,EUR,167.0,10,Enamine,Global catalog,EN300-3263829,OCc1cc(F)nc(F)c1,,1,1,[114318],[184002],Mitsunobu_reaction_with_amine_alcohol_and_thioalcohol,[56537]
185305,Cc1oc2ccc(O)cc2c1C(=O)O,PMQFCQKIRJLFAS-UHFFFAOYSA-N,1.0,100.0,EUR,69.0,10,Enamine,Global catalog,EN300-143856,Cc1oc2ccc(O)cc2c1C(=O)O,,1,1,[115621],[185502],Steglich_esterification,[60687]
190296,O=C(O)c1nc(C2CC2)sc1Br,KIFOZXJVSRQCBB-UHFFFAOYSA-N,2.0,50.0,EUR,215.0,2,Enamine,EU stock,EN300-7427703,O=C(O)c1nc(C2CC2)sc1Br,,2,2,"[120801, 121586]","[190871, 191656]",Steglich_esterification,[28106]
105533,NCCN1C(=O)CCC1=O,SHYMHDDMXRVUFN-UHFFFAOYSA-N,8.0,50.0,EUR,75.0,2,Enamine,EU stock,EN300-76004,Cl.NCCN1C(=O)CCC1=O,,8,8,"[35991, 36054, 36501, 66275, 125637, 125747, 125912, 125963]","[105681, 105744, 106191, 135479, 195805, 195915, 196080, 196131]",Amidation,"[4093, 41552, 65691]"
195682,O=C(O)C1(c2ccc(Cl)cn2)CC1,ATRCQEDYRDZWOL-UHFFFAOYSA-N,4.0,100.0,EUR,453.0,10,Enamine,Global catalog,EN300-1981360,O=C(O)C1(c2ccc(Cl)cn2)CC1,,4,4,"[125630, 125912, 125915, 125917]","[195798, 196080, 196083, 196085]",Amidation,[4093]
198285,Cc1cc(C)n(-c2cccc(N)c2)n1,KXRSKQVOVMVSME-UHFFFAOYSA-N,19.0,50.0,EUR,147.0,2,Enamine,EU stock,EN300-39068,Cc1cc(C)n(-c2cccc(N)c2)n1,,19,19,"[128125, 128126, 128128, 128854, 128855, 128861, 128862, 128864, 128865, 128866, 128867, 128889, 128890, 128892, 128893, 128896, 128899, 128900, 128904]","[198377, 198378, 198380, 199106, 199107, 199113, 199114, 199116, 199117, 199118, 199119, 199141, 199142, 199144, 199145, 199148, 199151, 199152, 199156]",Formation_of_urea_from_two_amines,"[55598, 55856]"
113304,CSCC(O)CN,KEIQKKPJCFAQSV-UHFFFAOYSA-N,21.0,50.0,EUR,348.0,2,Enamine,EU stock,EN300-7596466,CSC[C@@H](O)CN.Cl,,21,21,"[43611, 44501, 63994, 64654, 82093, 84430, 91343, 107434, 110630, 129056, 132219, 138785, 138922, 146602, 148574, 157193, 160580, 164256, 164350, 167610, 168759]","[113636, 114526, 133731, 134391, 153607, 156041, 162046, 177760, 181039, 199308, 202556, 207923, 208060, 216404, 218376, 225933, 228784, 232539, 232633, 235083, 236232]",Formation_of_urea_from_two_amines,"[35145, 53809, 54733, 54862, 54945, 55149, 55155, 55156, 55174, 55262, 55598, 55856, 55996, 56548, 56765]"
113340,CCC(N)C(C)O,BKFGLDUWYUYHRF-UHFFFAOYSA-N,21.0,50.0,EUR,233.0,2,Enamine,EU stock,EN300-245366,CCC(N)C(C)O,,21,21,"[43764, 44489, 63979, 64405, 82011, 84754, 91359, 107309, 110894, 129072, 132168, 138686, 138972, 146616, 148551, 157146, 160569, 164345, 164841, 167526, 168778]","[113789, 114514, 133716, 134142, 153525, 156365, 162062, 177635, 181303, 199324, 202505, 207824, 208110, 216418, 218353, 225886, 228773, 232628, 233124, 234999, 236251]",Formation_of_urea_from_two_amines,"[35145, 53809, 54733, 54862, 54945, 55149, 55155, 55156, 55174, 55262, 55598, 55856, 55996, 56548, 56765]"
208686,O=C(O)c1cc(O)nc(C2CC2)c1,SRFWIYLEHUULCU-UHFFFAOYSA-N,2.0,50.0,EUR,158.0,2,Enamine,EU stock,EN300-141093,O=C(O)c1cc(C2CC2)[nH]c(=O)c1,,2,2,"[139720, 139726]","[209002, 209008]",Steglich_esterification,[4091]
211618,NCC1(O)CCCOC1,IYXDACBECVMXMC-UHFFFAOYSA-N,1.0,50.0,EUR,244.0,2,Enamine,EU stock,EN300-193679,NCC1(O)CCCOC1,,1,1,[142954],[212465],Buchwald-Hartwig_amination,[37923]
213400,O=C(O)C1CC1c1ccncc1Cl,BIPDSLYSTXXOEW-UHFFFAOYSA-N,3.0,50.0,EUR,287.0,2,Enamine,EU stock,EN300-1975246,O=C(O)[C@@H]1C[C@H]1c1ccncc1Cl,,3,3,"[143888, 144671, 144678]","[213605, 214388, 214395]",Amidation,[35920]
213504,NCc1coc2c(Br)cccc12,DIWKKEXYQUAIKW-UHFFFAOYSA-N,4.0,100.0,EUR,287.0,10,Enamine,Global catalog,EN300-51979088,Cl.NCc1coc2c(Br)cccc12,,4,4,"[143983, 144441, 144671, 145495]","[213700, 214158, 214388, 215212]",Amidation,[35920]
113291,NCC(O)CO,KQIGMPWTAHJUMN-UHFFFAOYSA-N,33.0,100.0,EUR,18.0,10,Enamine,Global catalog,EN300-50845,NCC(O)CO,,33,33,"[43383, 43775, 43843, 63719, 63904, 81816, 83818, 84697, 85108, 90995, 106602, 109961, 128218, 128864, 129481, 129890, 131044, 132097, 137942, 137998, 138091, 146119, 146505, 156470, 156641, 157820, 160471, 162897, 163161, 164624, 164753, 167292, 167413]","[113408, 113800, 113868, 133456, 133641, 153330, 155429, 156308, 156719, 161698, 176928, 180370, 198470, 199116, 199733, 200142, 201381, 202434, 207080, 207136, 207229, 215921, 216307, 225210, 225381, 226560, 228675, 231180, 231444, 232907, 233036, 234765, 234886]",Formation_of_urea_from_two_amines,"[35145, 53809, 54733, 54862, 54945, 55149, 55155, 55156, 55174, 55262, 55598, 55856, 55996, 56548, 56765]"
113348,COC1CC1N,PHESTWQJVUANKG-UHFFFAOYSA-N,28.0,50.0,EUR,328.0,2,Enamine,EU stock,EN300-7537233,CO[C@@H]1C[C@H]1N.Cl,,28,28,"[63736, 63972, 81831, 83823, 84357, 85123, 91001, 106613, 109971, 128188, 128896, 129833, 130707, 130994, 132124, 137994, 138101, 146108, 146764, 156462, 156676, 157803, 160452, 163024, 163088, 164609, 164746, 167425]","[133473, 133709, 153345, 155434, 155968, 156734, 161704, 176939, 180380, 198440, 199148, 200085, 200959, 201331, 202461, 207132, 207239, 215910, 216566, 225202, 225416, 226543, 228656, 231307, 231371, 232892, 233029, 234898]",Formation_of_urea_from_two_amines,"[35145, 53809, 54733, 54862, 54945, 55149, 55155, 55156, 55174, 55262, 55598, 55856, 55996, 56765]"
225059,Cc1ccc(-n2nc(C)cc2N)cc1,WQUNBEPKWJLYJD-UHFFFAOYSA-N,11.0,100.0,EUR,18.0,10,Enamine,Global catalog,EN300-02445,Cc1ccc(-n2nc(C)cc2N)cc1,,11,11,"[156423, 156639, 156640, 156641, 156642, 156643, 156646, 156659, 156669, 156676, 158309]","[225163, 225379, 225380, 225381, 225382, 225383, 225386, 225399, 225409, 225416, 227050]",Formation_of_urea_from_two_amines,[55996]
113259,CC1NCC1O,QIFJASJJDSEUFV-UHFFFAOYSA-N,28.0,100.0,EUR,118.0,10,Enamine,Global catalog,EN300-7471076,CC1NCC1O.Cl,,28,28,"[43351, 43694, 43844, 63747, 63963, 81825, 85121, 90981, 106584, 109976, 128194, 128899, 129435, 129836, 131004, 132149, 137957, 137990, 138111, 146107, 146570, 160489, 163045, 163196, 164600, 164730, 167305, 167442]","[113376, 113719, 113869, 133484, 133700, 153339, 156732, 161684, 176910, 180385, 198446, 199151, 199687, 200088, 201341, 202486, 207095, 207128, 207249, 215909, 216372, 228693, 231328, 231479, 232883, 233013, 234778, 234915]",Formation_of_urea_from_two_amines,"[35145, 53809, 54733, 54862, 54945, 55149, 55155, 55156, 55174, 55262, 55598, 55856, 56548, 56765]"
231064,COCCCn1cc(C)c(N)n1,COEAVTSKXUMSES-UHFFFAOYSA-N,17.0,50.0,EUR,165.0,2,Enamine,EU stock,EN300-227162,COCCCn1cc(C)c(N)n1,,17,17,"[162934, 162936, 164600, 164602, 164604, 164608, 164609, 164610, 164612, 164613, 164622, 164623, 164624, 164625, 164626, 164629, 164632]","[231217, 231219, 232883, 232885, 232887, 232891, 232892, 232893, 232895, 232896, 232905, 232906, 232907, 232908, 232909, 232912, 232915]",Formation_of_urea_from_two_amines,[55155]
240274,c1cnc2c(c1)CCCC2NC1CC1,DPCMPFLXANRCAX-UHFFFAOYSA-N,1.0,100.0,EUR,425.0,10,Enamine,Global catalog,EN300-124305,c1cnc2c(c1)CCCC2NC1CC1,,1,1,[175262],[241964],Mitsunobu_reaction_with_amine_alcohol_and_thioalcohol,[61386]
77229,O=C(O)c1cc[nH]c(=O)c1,BXHCJLRTXPHUGH-UHFFFAOYSA-N,4.0,100.0,EUR,18.0,10,Enamine,Global catalog,EN300-97661,O=C(O)c1cc[nH]c(=O)c1,,4,4,"[6908, 7064, 7065, 7069]","[77415, 77571, 77572, 77576]",Amidation,[29639]
77329,CNc1ccc(Cl)c2ncccc12,HFLUJZGFSBKHQO-UHFFFAOYSA-N,5.0,50.0,EUR,190.0,2,Enamine,EU stock,EN300-26625389,CNc1ccc(Cl)c2ncccc12.Cl,,5,5,"[6928, 6953, 7030, 7069, 7358]","[77435, 77460, 77537, 77576, 77865]",Amidation,[29639]
84022,O=C(O)Cc1cc2cc(Br)ccc2o1,MHGUUFJBFFEHMO-UHFFFAOYSA-N,2.0,50.0,EUR,115.0,2,Enamine,EU stock,EN300-1602951,O=C(O)Cc1cc2cc(Br)ccc2o1,,2,2,"[13515, 13825]","[84213, 84523]",Amidation,[55535]
89607,CCn1cc(N)c(C#N)n1,RMHZHXMOBLALBC-UHFFFAOYSA-N,2.0,50.0,EUR,129.0,2,Enamine,EU stock,EN300-2993969,CCn1cc(N)c(C#N)n1,,2,2,"[19913, 21933]","[90790, 92810]",Amidation,[28301]
94678,CCC(N)c1ncc(C)[nH]1,DLKUIKKXLRKYMM-UHFFFAOYSA-N,1.0,50.0,EUR,18.0,2,Enamine,EU stock,EN300-263268,CCC(N)c1nc(C)c[nH]1.Cl.Cl,,1,1,[23637],[94777],Amidation,[19774]
101947,COc1cc(Cl)cc2c(CC(=O)O)noc12,HROBYNJZIVKJRV-UHFFFAOYSA-N,1.0,100.0,EUR,297.0,10,Enamine,Global catalog,EN300-11982629,COc1cc(Cl)cc2c(CC(=O)O)noc12,,1,1,[32220],[102624],Amidation,[56786]
109768,O=C(O)c1cnn(CCO)c1,NUHXGWJMJWTPGI-UHFFFAOYSA-N,2.0,50.0,EUR,63.0,2,Enamine,EU stock,EN300-761209,Cl.O=C(O)c1cnn(CCO)c1,,2,2,"[40390, 42389]","[110260, 112259]",Amidation,[20299]
128780,Cc1ccc2ccnc(N)c2c1,YXBRMVWSLWTZRS-UHFFFAOYSA-N,5.0,100.0,EUR,245.0,10,Enamine,Global catalog,EN300-260690,Cc1ccc2ccnc(N)c2c1,,5,5,"[59393, 61481, 62007, 62047, 62272]","[128888, 130976, 131502, 131542, 131767]",Reductive_amination,[49503]
113327,CC(C)(O)C(=N)N,HVCIFMASZMODAI-UHFFFAOYSA-N,21.0,100.0,EUR,18.0,10,Enamine,Global catalog,EN300-1604858,CC(C)(O)C(=N)N.Cl,,21,21,"[43745, 44492, 63990, 64650, 82107, 84426, 91339, 107414, 110626, 129075, 132215, 138722, 138786, 146514, 148559, 157158, 160576, 164214, 164354, 167661, 168789]","[113770, 114517, 133727, 134387, 153621, 156037, 162042, 177740, 181035, 199327, 202552, 207860, 207924, 216316, 218361, 225898, 228780, 232497, 232637, 235134, 236262]",Formation_of_urea_from_two_amines,"[35145, 53809, 54733, 54862, 54945, 55149, 55155, 55156, 55174, 55262, 55598, 55856, 55996, 56548, 56765]"
113320,CNCC(C)(C)O,KYCZVVFGMGLNPL-UHFFFAOYSA-N,16.0,50.0,EUR,18.0,2,Enamine,EU stock,EN300-77367,CNCC(C)(C)O,,16,16,"[43697, 44475, 64017, 64340, 84714, 91374, 107550, 110810, 129050, 132188, 138654, 146736, 148605, 157174, 160554, 164858]","[113722, 114500, 133754, 134077, 156325, 162077, 177876, 181219, 199302, 202525, 207792, 216538, 218407, 225914, 228758, 233141]",Formation_of_urea_from_two_amines,"[35145, 53809, 54862, 54945, 55149, 55155, 55156, 55174, 55598, 55856, 55996, 56548, 56765]"
70370,O=C(O)c1cc2ccccn2c1,QSJHENXHFPTGKD-UHFFFAOYSA-N,1.0,100.0,EUR,31.0,10,Enamine,Global catalog,EN300-75775,O=C(O)c1cc2ccccn2c1,,1,1,[709],[27991],Steglich_esterification,[27991]
