smiles,template,compound_set,hit1,hit2
CNS(=O)(=O)c1ccc(NCCNS(=O)(=O)c2ccccc2Cl)cc1Cl,/opt/xchem-fragalysis-2/maxwin/BulkDock/TARGETS/Flavi_NS5_RdRp/aligned_files/d0153b/d0153b_hippo.pdb,fstein_thumb_site_2,d0153b,d0153a
CNS(=O)(=O)c1ccc(NCCNS(=O)(=O)c2ccccc2Cl)cc1Cl,/opt/xchem-fragalysis-2/maxwin/BulkDock/TARGETS/Flavi_NS5_RdRp/aligned_files/d0153a/d0153a.pdb,fstein_thumb_site_2,d0153b,d0153a
CNS(=O)(=O)c1ccc(Nc2ccc(-c3csc(N)n3)cc2)cc1Cl,/opt/xchem-fragalysis-2/maxwin/BulkDock/TARGETS/Flavi_NS5_RdRp/aligned_files/d0153b/d0153b_hippo.pdb,fstein_thumb_site_2,d0153b,d0162a
CNS(=O)(=O)c1ccc(Nc2ccc(-c3csc(N)n3)cc2)cc1Cl,/opt/xchem-fragalysis-2/maxwin/BulkDock/TARGETS/Flavi_NS5_RdRp/aligned_files/d0162a/d0162a.pdb,fstein_thumb_site_2,d0153b,d0162a
CNS(=O)(=O)c1cccc(NOc2ccc(S(=O)(=O)N3CCNCC3)cc2)c1Cl,/opt/xchem-fragalysis-2/maxwin/BulkDock/TARGETS/Flavi_NS5_RdRp/aligned_files/d0153b/d0153b_hippo.pdb,fstein_thumb_site_2,d0153b,d0210a
CNS(=O)(=O)c1cccc(NOc2ccc(S(=O)(=O)N3CCNCC3)cc2)c1Cl,/opt/xchem-fragalysis-2/maxwin/BulkDock/TARGETS/Flavi_NS5_RdRp/aligned_files/d0210a/d0210a.pdb,fstein_thumb_site_2,d0153b,d0210a
CNS(=O)(=O)c1cccc(NC2CCOCC2)c1Cl,/opt/xchem-fragalysis-2/maxwin/BulkDock/TARGETS/Flavi_NS5_RdRp/aligned_files/d0153b/d0153b_hippo.pdb,fstein_thumb_site_2,d0153b,d0279a
CNS(=O)(=O)c1cccc(NC2CCOCC2)c1Cl,/opt/xchem-fragalysis-2/maxwin/BulkDock/TARGETS/Flavi_NS5_RdRp/aligned_files/d0279a/d0279a.pdb,fstein_thumb_site_2,d0153b,d0279a
CNS(=O)(=O)c1cccc(OC2CCN(C)C2=O)c1Cl,/opt/xchem-fragalysis-2/maxwin/BulkDock/TARGETS/Flavi_NS5_RdRp/aligned_files/d0153b/d0153b_hippo.pdb,fstein_thumb_site_2,d0153b,d0566a
CNS(=O)(=O)c1cccc(OC2CCN(C)C2=O)c1Cl,/opt/xchem-fragalysis-2/maxwin/BulkDock/TARGETS/Flavi_NS5_RdRp/aligned_files/d0566a/d0566a.pdb,fstein_thumb_site_2,d0153b,d0566a
CNS(=O)(=O)c1ccc(Cl)c(S(=O)(=O)NC)c1,/opt/xchem-fragalysis-2/maxwin/BulkDock/TARGETS/Flavi_NS5_RdRp/aligned_files/d0153b/d0153b_hippo.pdb,fstein_thumb_site_2,d0153b,d0567a
CNS(=O)(=O)c1ccc(Cl)c(S(=O)(=O)NC)c1,/opt/xchem-fragalysis-2/maxwin/BulkDock/TARGETS/Flavi_NS5_RdRp/aligned_files/d0567a/d0567a.pdb,fstein_thumb_site_2,d0153b,d0567a
CNS(=O)(=O)c1cccc(CCNc2ccccc2)c1Cl,/opt/xchem-fragalysis-2/maxwin/BulkDock/TARGETS/Flavi_NS5_RdRp/aligned_files/d0153b/d0153b_hippo.pdb,fstein_thumb_site_2,d0153b,d1212a
CNS(=O)(=O)c1cccc(CCNc2ccccc2)c1Cl,/opt/xchem-fragalysis-2/maxwin/BulkDock/TARGETS/Flavi_NS5_RdRp/aligned_files/d1212a/d1212a.pdb,fstein_thumb_site_2,d0153b,d1212a
CNS(=O)(=O)c1ccc(CNCNS(=O)(=O)c2ccccc2Cl)cc1Cl,/opt/xchem-fragalysis-2/maxwin/BulkDock/TARGETS/Flavi_NS5_RdRp/aligned_files/d0153b/d0153b_hippo.pdb,fstein_thumb_site_2,d0153b,d0153a
CNS(=O)(=O)c1ccc(CNCNS(=O)(=O)c2ccccc2Cl)cc1Cl,/opt/xchem-fragalysis-2/maxwin/BulkDock/TARGETS/Flavi_NS5_RdRp/aligned_files/d0153a/d0153a.pdb,fstein_thumb_site_2,d0153b,d0153a
CCS(=O)(=O)NCc1ccc2c(c1)OC(NCNS(=O)(=O)c1ccccc1Cl)O2,/opt/xchem-fragalysis-2/maxwin/BulkDock/TARGETS/Flavi_NS5_RdRp/aligned_files/d0153a/d0153a.pdb,fstein_thumb_site_2,d0153a,d0174a
CCS(=O)(=O)NCc1ccc2c(c1)OC(NCNS(=O)(=O)c1ccccc1Cl)O2,/opt/xchem-fragalysis-2/maxwin/BulkDock/TARGETS/Flavi_NS5_RdRp/aligned_files/d0174a/d0174a.pdb,fstein_thumb_site_2,d0153a,d0174a
CNS(=O)(=NCCCc1cccc(C(=O)NC(C)(C)CO)c1)c1ccccc1Cl,/opt/xchem-fragalysis-2/maxwin/BulkDock/TARGETS/Flavi_NS5_RdRp/aligned_files/d0153a/d0153a.pdb,fstein_thumb_site_2,d0153a,d0248a
CNS(=O)(=NCCCc1cccc(C(=O)NC(C)(C)CO)c1)c1ccccc1Cl,/opt/xchem-fragalysis-2/maxwin/BulkDock/TARGETS/Flavi_NS5_RdRp/aligned_files/d0248a/d0248a.pdb,fstein_thumb_site_2,d0153a,d0248a
CNS(=O)(=O)CC1CCCC(CCCN=S(=O)(NC)c2ccccc2Cl)C1,/opt/xchem-fragalysis-2/maxwin/BulkDock/TARGETS/Flavi_NS5_RdRp/aligned_files/d0153a/d0153a.pdb,fstein_thumb_site_2,d0153a,d0283a
CNS(=O)(=O)CC1CCCC(CCCN=S(=O)(NC)c2ccccc2Cl)C1,/opt/xchem-fragalysis-2/maxwin/BulkDock/TARGETS/Flavi_NS5_RdRp/aligned_files/d0283a/d0283a.pdb,fstein_thumb_site_2,d0153a,d0283a
CNS(=O)(=O)c1cccc(CCCN=S(=O)(NC)c2ccccc2Cl)c1F,/opt/xchem-fragalysis-2/maxwin/BulkDock/TARGETS/Flavi_NS5_RdRp/aligned_files/d0153a/d0153a.pdb,fstein_thumb_site_2,d0153a,d0567a
CNS(=O)(=O)c1cccc(CCCN=S(=O)(NC)c2ccccc2Cl)c1F,/opt/xchem-fragalysis-2/maxwin/BulkDock/TARGETS/Flavi_NS5_RdRp/aligned_files/d0567a/d0567a.pdb,fstein_thumb_site_2,d0153a,d0567a
CNC1(c2ccccc2Cl)C(O)CC(CN(C)c2ncncc2Cl)C1O,/opt/xchem-fragalysis-2/maxwin/BulkDock/TARGETS/Flavi_NS5_RdRp/aligned_files/d0153a/d0153a.pdb,fstein_thumb_site_2,d0153a,d0587a
CNC1(c2ccccc2Cl)C(O)CC(CN(C)c2ncncc2Cl)C1O,/opt/xchem-fragalysis-2/maxwin/BulkDock/TARGETS/Flavi_NS5_RdRp/aligned_files/d0587a/d0587a.pdb,fstein_thumb_site_2,d0153a,d0587a
O=S(=O)(NCNCN=C(CCC1CCCCC1)N1CCOCC1)c1ccccc1Cl,/opt/xchem-fragalysis-2/maxwin/BulkDock/TARGETS/Flavi_NS5_RdRp/aligned_files/d0153a/d0153a.pdb,fstein_thumb_site_2,d0153a,d0771a
O=S(=O)(NCNCN=C(CCC1CCCCC1)N1CCOCC1)c1ccccc1Cl,/opt/xchem-fragalysis-2/maxwin/BulkDock/TARGETS/Flavi_NS5_RdRp/aligned_files/d0771a/d0771a.pdb,fstein_thumb_site_2,d0153a,d0771a
CNS(=O)(=NCc1ccc(C)nc1)c1ccccc1Cl,/opt/xchem-fragalysis-2/maxwin/BulkDock/TARGETS/Flavi_NS5_RdRp/aligned_files/d0153a/d0153a.pdb,fstein_thumb_site_2,d0153a,d1212a
CNS(=O)(=NCc1ccc(C)nc1)c1ccccc1Cl,/opt/xchem-fragalysis-2/maxwin/BulkDock/TARGETS/Flavi_NS5_RdRp/aligned_files/d1212a/d1212a.pdb,fstein_thumb_site_2,d0153a,d1212a
O=C(O)Cc1cc(CC(=O)O)cc(-c2ccc(CCNCNS(=O)(=O)c3ccccc3Cl)s2)c1,/opt/xchem-fragalysis-2/maxwin/BulkDock/TARGETS/Flavi_NS5_RdRp/aligned_files/d0153a/d0153a.pdb,fstein_thumb_site_2,d0153a,5hmx-a
CNS(=O)(=O)c1ccc(Nc2ccc(-c3csc(N)n3)cc2)cc1O,/opt/xchem-fragalysis-2/maxwin/BulkDock/TARGETS/Flavi_NS5_RdRp/aligned_files/d0153b/d0153b_hippo.pdb,fstein_thumb_site_2,d0153b,d0162a
CNS(=O)(=O)c1ccc(Nc2ccc(-c3csc(N)n3)cc2)cc1O,/opt/xchem-fragalysis-2/maxwin/BulkDock/TARGETS/Flavi_NS5_RdRp/aligned_files/d0162a/d0162a.pdb,fstein_thumb_site_2,d0153b,d0162a
CCS(=O)(=O)NCc1ccc2oc3ccc(-c4csc(N)n4)cc3c2c1,/opt/xchem-fragalysis-2/maxwin/BulkDock/TARGETS/Flavi_NS5_RdRp/aligned_files/d0162a/d0162a.pdb,fstein_thumb_site_2,d0162a,d0174a
CCS(=O)(=O)NCc1ccc2oc3ccc(-c4csc(N)n4)cc3c2c1,/opt/xchem-fragalysis-2/maxwin/BulkDock/TARGETS/Flavi_NS5_RdRp/aligned_files/d0174a/d0174a.pdb,fstein_thumb_site_2,d0162a,d0174a
CC(C)(CO)NC(=O)c1cccc(Nc2ccc(-c3csc(N)n3)cc2)c1,/opt/xchem-fragalysis-2/maxwin/BulkDock/TARGETS/Flavi_NS5_RdRp/aligned_files/d0162a/d0162a.pdb,fstein_thumb_site_2,d0162a,d0248a
CC(C)(CO)NC(=O)c1cccc(Nc2ccc(-c3csc(N)n3)cc2)c1,/opt/xchem-fragalysis-2/maxwin/BulkDock/TARGETS/Flavi_NS5_RdRp/aligned_files/d0248a/d0248a.pdb,fstein_thumb_site_2,d0162a,d0248a
Nc1nc(-c2ccc(Nc3ccccc3)cc2)cs1,/opt/xchem-fragalysis-2/maxwin/BulkDock/TARGETS/Flavi_NS5_RdRp/aligned_files/d0162a/d0162a.pdb,fstein_thumb_site_2,d0162a,d0249a
Nc1nc(-c2ccc(Nc3ccccc3)cc2)cs1,/opt/xchem-fragalysis-2/maxwin/BulkDock/TARGETS/Flavi_NS5_RdRp/aligned_files/d0249a/d0249a_hippo.pdb,fstein_thumb_site_2,d0162a,d0249a
CNS(=O)(=O)CC1CCC(Nc2ccc(-c3csc(N)n3)cc2)CC1,/opt/xchem-fragalysis-2/maxwin/BulkDock/TARGETS/Flavi_NS5_RdRp/aligned_files/d0162a/d0162a.pdb,fstein_thumb_site_2,d0162a,d0283a
CNS(=O)(=O)CC1CCC(Nc2ccc(-c3csc(N)n3)cc2)CC1,/opt/xchem-fragalysis-2/maxwin/BulkDock/TARGETS/Flavi_NS5_RdRp/aligned_files/d0283a/d0283a.pdb,fstein_thumb_site_2,d0162a,d0283a
Nc1nc(-c2ccc(NC(=O)CNOc3cn[nH]c3)cc2)cs1,/opt/xchem-fragalysis-2/maxwin/BulkDock/TARGETS/Flavi_NS5_RdRp/aligned_files/d0162a/d0162a.pdb,fstein_thumb_site_2,d0162a,d0414a
COc1cc([N+]([O-])(O)N2CCCC2O)ccc1-c1csc(N)n1,/opt/xchem-fragalysis-2/maxwin/BulkDock/TARGETS/Flavi_NS5_RdRp/aligned_files/d0162a/d0162a.pdb,fstein_thumb_site_2,d0162a,d0503a
COc1cc([N+]([O-])(O)N2CCCC2O)ccc1-c1csc(N)n1,/opt/xchem-fragalysis-2/maxwin/BulkDock/TARGETS/Flavi_NS5_RdRp/aligned_files/d0503a/d0503a.pdb,fstein_thumb_site_2,d0162a,d0503a
CNS(=O)(=O)c1cccc(O)c1Nc1ccc(-c2csc(N)n2)cc1,/opt/xchem-fragalysis-2/maxwin/BulkDock/TARGETS/Flavi_NS5_RdRp/aligned_files/d0162a/d0162a.pdb,fstein_thumb_site_2,d0162a,d0567a
CNS(=O)(=O)c1cccc(O)c1Nc1ccc(-c2csc(N)n2)cc1,/opt/xchem-fragalysis-2/maxwin/BulkDock/TARGETS/Flavi_NS5_RdRp/aligned_files/d0567a/d0567a.pdb,fstein_thumb_site_2,d0162a,d0567a
CC(C)(c1ccc(-c2csc(N)n2)cc1)c1ccncn1,/opt/xchem-fragalysis-2/maxwin/BulkDock/TARGETS/Flavi_NS5_RdRp/aligned_files/d0162a/d0162a.pdb,fstein_thumb_site_2,d0162a,d0587a
CC(C)(c1ccc(-c2csc(N)n2)cc1)c1ccncn1,/opt/xchem-fragalysis-2/maxwin/BulkDock/TARGETS/Flavi_NS5_RdRp/aligned_files/d0587a/d0587a.pdb,fstein_thumb_site_2,d0162a,d0587a
CC(O)(Nc1ccc2c(c1)Cc1c-2csc1N)c1cncc(F)c1,/opt/xchem-fragalysis-2/maxwin/BulkDock/TARGETS/Flavi_NS5_RdRp/aligned_files/d0162a/d0162a.pdb,fstein_thumb_site_2,d0162a,d0615a
CC(O)(Nc1ccc2c(c1)Cc1c-2csc1N)c1cncc(F)c1,/opt/xchem-fragalysis-2/maxwin/BulkDock/TARGETS/Flavi_NS5_RdRp/aligned_files/d0615a/d0615a_hippo.pdb,fstein_thumb_site_2,d0162a,d0615a
Nc1nc(-c2ccc(N(CC(=O)N3CCOCC3)C3CCCCC3)cc2)cs1,/opt/xchem-fragalysis-2/maxwin/BulkDock/TARGETS/Flavi_NS5_RdRp/aligned_files/d0162a/d0162a.pdb,fstein_thumb_site_2,d0162a,d0771a
Nc1nc(-c2ccc(N(CC(=O)N3CCOCC3)C3CCCCC3)cc2)cs1,/opt/xchem-fragalysis-2/maxwin/BulkDock/TARGETS/Flavi_NS5_RdRp/aligned_files/d0771a/d0771a.pdb,fstein_thumb_site_2,d0162a,d0771a
CC(N)c1ccc(CC(=O)C(C)c2ccc(-c3csc(N)n3)cc2)cc1,/opt/xchem-fragalysis-2/maxwin/BulkDock/TARGETS/Flavi_NS5_RdRp/aligned_files/d0162a/d0162a.pdb,fstein_thumb_site_2,d0162a,d0843a
CC(N)c1ccc(CC(=O)C(C)c2ccc(-c3csc(N)n3)cc2)cc1,/opt/xchem-fragalysis-2/maxwin/BulkDock/TARGETS/Flavi_NS5_RdRp/aligned_files/d0843a/d0843a.pdb,fstein_thumb_site_2,d0162a,d0843a
Nc1nc(-c2ccc(N(N)c3ccccc3)cc2)cs1,/opt/xchem-fragalysis-2/maxwin/BulkDock/TARGETS/Flavi_NS5_RdRp/aligned_files/d0162a/d0162a.pdb,fstein_thumb_site_2,d0162a,d1149a
Nc1nc(-c2ccc(N(N)c3ccccc3)cc2)cs1,/opt/xchem-fragalysis-2/maxwin/BulkDock/TARGETS/Flavi_NS5_RdRp/aligned_files/d1149a/d1149a.pdb,fstein_thumb_site_2,d0162a,d1149a
Cc1ccc(Nc2ccc(-c3csc(N)n3)cc2)cn1,/opt/xchem-fragalysis-2/maxwin/BulkDock/TARGETS/Flavi_NS5_RdRp/aligned_files/d1212a/d1212a.pdb,fstein_thumb_site_2,d0162a,d1212a
Nc1nc(-c2ccc(NC(=O)c3csc(-c4cc(CC(=O)O)cc(CC(=O)O)c4)c3)cc2)cs1,/opt/xchem-fragalysis-2/maxwin/BulkDock/TARGETS/Flavi_NS5_RdRp/aligned_files/d0162a/d0162a.pdb,fstein_thumb_site_2,d0162a,5hmx-a
CCS(=O)(=O)NCc1ccc2c(c1)OC(Oc1ccc(S(=O)(=O)N3CCNCC3)cc1)O2,/opt/xchem-fragalysis-2/maxwin/BulkDock/TARGETS/Flavi_NS5_RdRp/aligned_files/d0174a/d0174a.pdb,fstein_thumb_site_2,d0174a,d0210a
O=C(NS(=O)(=O)CCCCO)c1ccc2c(c1)OCO2,/opt/xchem-fragalysis-2/maxwin/BulkDock/TARGETS/Flavi_NS5_RdRp/aligned_files/d0174a/d0174a.pdb,fstein_thumb_site_2,d0174a,d0248a
O=C(NS(=O)(=O)CCCCO)c1ccc2c(c1)OCO2,/opt/xchem-fragalysis-2/maxwin/BulkDock/TARGETS/Flavi_NS5_RdRp/aligned_files/d0248a/d0248a.pdb,fstein_thumb_site_2,d0174a,d0248a
CCS(=O)(=O)NCc1cc(CN2CCCS2(=O)=O)c2c(c1F)OCO2,/opt/xchem-fragalysis-2/maxwin/BulkDock/TARGETS/Flavi_NS5_RdRp/aligned_files/d0174a/d0174a.pdb,fstein_thumb_site_2,d0174a,d0258a
CCS(=O)(=O)NCc1cc(CN2CCCS2(=O)=O)c2c(c1F)OCO2,/opt/xchem-fragalysis-2/maxwin/BulkDock/TARGETS/Flavi_NS5_RdRp/aligned_files/d0258a/d0258a.pdb,fstein_thumb_site_2,d0174a,d0258a
CCS(=O)(=O)NCc1ccc2c(c1)OC1(CCOCC1)O2,/opt/xchem-fragalysis-2/maxwin/BulkDock/TARGETS/Flavi_NS5_RdRp/aligned_files/d0174a/d0174a.pdb,fstein_thumb_site_2,d0174a,d0279a
CCS(=O)(=O)NCc1ccc2c(c1)OC1(CCOCC1)O2,/opt/xchem-fragalysis-2/maxwin/BulkDock/TARGETS/Flavi_NS5_RdRp/aligned_files/d0279a/d0279a.pdb,fstein_thumb_site_2,d0174a,d0279a
CCS(=O)(=O)NCc1ccc2c(c1)N(C)C(Cc1cc(C)no1)C2=O,/opt/xchem-fragalysis-2/maxwin/BulkDock/TARGETS/Flavi_NS5_RdRp/aligned_files/d0174a/d0174a.pdb,fstein_thumb_site_2,d0174a,d0379a
CCS(=O)(=O)NCc1ccc2c(c1)N(C)C(Cc1cc(C)no1)C2=O,/opt/xchem-fragalysis-2/maxwin/BulkDock/TARGETS/Flavi_NS5_RdRp/aligned_files/d0379a/d0379a.pdb,fstein_thumb_site_2,d0174a,d0379a
CCc1c(NCc2ccc3c(c2)OCO3)n[nH]c1O,/opt/xchem-fragalysis-2/maxwin/BulkDock/TARGETS/Flavi_NS5_RdRp/aligned_files/d0174a/d0174a.pdb,fstein_thumb_site_2,d0174a,d0414a
CCS(=O)(=O)NC(O)c1ccc2c(c1)OC1(CCNCC1)N2O,/opt/xchem-fragalysis-2/maxwin/BulkDock/TARGETS/Flavi_NS5_RdRp/aligned_files/d0174a/d0174a.pdb,fstein_thumb_site_2,d0174a,d0615a
CCS(=O)(=O)NC(O)c1ccc2c(c1)OC1(CCNCC1)N2O,/opt/xchem-fragalysis-2/maxwin/BulkDock/TARGETS/Flavi_NS5_RdRp/aligned_files/d0615a/d0615a_hippo.pdb,fstein_thumb_site_2,d0174a,d0615a
CCS(=O)(=O)NCc1ccc2c(c1CN(C)S(N)(=O)=O)OCO2,/opt/xchem-fragalysis-2/maxwin/BulkDock/TARGETS/Flavi_NS5_RdRp/aligned_files/d0174a/d0174a.pdb,fstein_thumb_site_2,d0174a,d0693a
CCS(=O)(=O)NCc1ccc2c(c1CN(C)S(N)(=O)=O)OCO2,/opt/xchem-fragalysis-2/maxwin/BulkDock/TARGETS/Flavi_NS5_RdRp/aligned_files/d0693a/d0693a.pdb,fstein_thumb_site_2,d0174a,d0693a
O=C(c1c(F)cccc1F)N1CCCC(NOc2cn[nH]c2)CC1,/opt/xchem-fragalysis-2/maxwin/BulkDock/TARGETS/Flavi_NS5_RdRp/aligned_files/d0176a/d0176a.pdb,fstein_thumb_site_2,d0176a,d0283a
O=C(c1c(F)cccc1F)N1CCC2CCOC2C1,/opt/xchem-fragalysis-2/maxwin/BulkDock/TARGETS/Flavi_NS5_RdRp/aligned_files/d0176a/d0176a.pdb,fstein_thumb_site_2,d0176a,d0693a
O=C(c1c(F)cccc1F)N1CCC2CCOC2C1,/opt/xchem-fragalysis-2/maxwin/BulkDock/TARGETS/Flavi_NS5_RdRp/aligned_files/d0693a/d0693a.pdb,fstein_thumb_site_2,d0176a,d0693a
O=C(c1ccc(S(=O)(=O)N2CCNCC2)cc1)c1ccc2c(c1)OCO2,/opt/xchem-fragalysis-2/maxwin/BulkDock/TARGETS/Flavi_NS5_RdRp/aligned_files/d0644a/d0644a.pdb,fstein_thumb_site_2,d0210a,d0644a
CC(=O)Nc1ccc(Cc2cccc(C(=O)NC(C)(C)CO)c2)cc1,/opt/xchem-fragalysis-2/maxwin/BulkDock/TARGETS/Flavi_NS5_RdRp/aligned_files/d0248a/d0248a.pdb,fstein_thumb_site_2,d0174a,d0248a
CC(C)(CO)NC(=O)c1cccc(CCNc2ccccc2)c1,/opt/xchem-fragalysis-2/maxwin/BulkDock/TARGETS/Flavi_NS5_RdRp/aligned_files/d0248a/d0248a.pdb,fstein_thumb_site_2,d0248a,d0771a
CC(C)(CO)NC(=O)c1cccc(CCNc2ccccc2)c1,/opt/xchem-fragalysis-2/maxwin/BulkDock/TARGETS/Flavi_NS5_RdRp/aligned_files/d0771a/d0771a.pdb,fstein_thumb_site_2,d0248a,d0771a
CNS(=O)(=O)Cc1ccc(Nc2ccc(NC(C)=O)cc2)cc1,/opt/xchem-fragalysis-2/maxwin/BulkDock/TARGETS/Flavi_NS5_RdRp/aligned_files/d0176a/d0176a.pdb,fstein_thumb_site_2,d0176a,d0249a
CNS(=O)(=O)Cc1ccc(Nc2ccc(NC(C)=O)cc2)cc1,/opt/xchem-fragalysis-2/maxwin/BulkDock/TARGETS/Flavi_NS5_RdRp/aligned_files/d0249a/d0249a_hippo.pdb,fstein_thumb_site_2,d0176a,d0249a
COc1ccc(C(=O)c2ccc(NC(C)=O)cc2)cc1,/opt/xchem-fragalysis-2/maxwin/BulkDock/TARGETS/Flavi_NS5_RdRp/aligned_files/d0249a/d0249a_hippo.pdb,fstein_thumb_site_2,d0249a,d0503a
COc1ccc(C(=O)c2ccc(NC(C)=O)cc2)cc1,/opt/xchem-fragalysis-2/maxwin/BulkDock/TARGETS/Flavi_NS5_RdRp/aligned_files/d0503a/d0503a.pdb,fstein_thumb_site_2,d0249a,d0503a
CC(=O)C(c1ccc(Nc2ccccc2)c(C)c1)=[SH](N)=O,/opt/xchem-fragalysis-2/maxwin/BulkDock/TARGETS/Flavi_NS5_RdRp/aligned_files/d0249a/d0249a_hippo.pdb,fstein_thumb_site_2,d0249a,d0566a
CC(=O)C(c1ccc(Nc2ccccc2)c(C)c1)=[SH](N)=O,/opt/xchem-fragalysis-2/maxwin/BulkDock/TARGETS/Flavi_NS5_RdRp/aligned_files/d0566a/d0566a.pdb,fstein_thumb_site_2,d0249a,d0566a
CC(=O)Nc1ccc(CC2CCC3(CCC(C(C)N)CC3)CC2O)cc1,/opt/xchem-fragalysis-2/maxwin/BulkDock/TARGETS/Flavi_NS5_RdRp/aligned_files/d0249a/d0249a_hippo.pdb,fstein_thumb_site_2,d0249a,d0644a
CC(=O)Nc1ccc(N(N)c2ccccc2)cc1,/opt/xchem-fragalysis-2/maxwin/BulkDock/TARGETS/Flavi_NS5_RdRp/aligned_files/d0249a/d0249a_hippo.pdb,fstein_thumb_site_2,d0249a,d0693a
CC(=O)Nc1ccc(Nc2ccc(NOc3cc4c(cc3Br)C(=O)OC(C)(C)O4)cc2)cc1,/opt/xchem-fragalysis-2/maxwin/BulkDock/TARGETS/Flavi_NS5_RdRp/aligned_files/d0249a/d0249a_hippo.pdb,fstein_thumb_site_2,d0249a,d0759a
Cc1nn(C)c(C)c1NS(=O)(=Nn1cnc2ccccc21)c1cccc(F)c1,/opt/xchem-fragalysis-2/maxwin/BulkDock/TARGETS/Flavi_NS5_RdRp/aligned_files/d0253a/d0253a.pdb,fstein_thumb_site_2,d0249a,d0253a
Cc1c2c(nn1C)C(N1CCOCC1)CC(C1CCCCC1)=S(=O)(c1cccc(F)c1)N2,/opt/xchem-fragalysis-2/maxwin/BulkDock/TARGETS/Flavi_NS5_RdRp/aligned_files/d0253a/d0253a.pdb,fstein_thumb_site_2,d0253a,d0283a
CC1CC(Nc2ccc(F)c[n+]2[O-])CCO1,/opt/xchem-fragalysis-2/maxwin/BulkDock/TARGETS/Flavi_NS5_RdRp/aligned_files/d0210a/d0210a.pdb,fstein_thumb_site_2,d0210a,d0279a
CC1CC(Nc2ccc(F)c[n+]2[O-])CCO1,/opt/xchem-fragalysis-2/maxwin/BulkDock/TARGETS/Flavi_NS5_RdRp/aligned_files/d0279a/d0279a.pdb,fstein_thumb_site_2,d0210a,d0279a
COC1CC([N+]([O-])(O)c2ccc(F)cn2)CCO1,/opt/xchem-fragalysis-2/maxwin/BulkDock/TARGETS/Flavi_NS5_RdRp/aligned_files/d0249a/d0249a_hippo.pdb,fstein_thumb_site_2,d0249a,d0279a
COC1CC([N+]([O-])(O)c2ccc(F)cn2)CCO1,/opt/xchem-fragalysis-2/maxwin/BulkDock/TARGETS/Flavi_NS5_RdRp/aligned_files/d0279a/d0279a.pdb,fstein_thumb_site_2,d0249a,d0279a
NN(c1ccc(F)cn1)C1CCOCC1,/opt/xchem-fragalysis-2/maxwin/BulkDock/TARGETS/Flavi_NS5_RdRp/aligned_files/d0279a/d0279a.pdb,fstein_thumb_site_2,d0279a,d0644a
NN(c1ccc(F)cn1)C1CCOCC1,/opt/xchem-fragalysis-2/maxwin/BulkDock/TARGETS/Flavi_NS5_RdRp/aligned_files/d0644a/d0644a.pdb,fstein_thumb_site_2,d0279a,d0644a
Fc1ccc(NC2CCOC3(CCCCC3)C2)nc1,/opt/xchem-fragalysis-2/maxwin/BulkDock/TARGETS/Flavi_NS5_RdRp/aligned_files/d0279a/d0279a.pdb,fstein_thumb_site_2,d0279a,d0693a
Fc1ccc(NC2CCOC3(CCCCC3)C2)nc1,/opt/xchem-fragalysis-2/maxwin/BulkDock/TARGETS/Flavi_NS5_RdRp/aligned_files/d0693a/d0693a.pdb,fstein_thumb_site_2,d0279a,d0693a
CNS(=O)(=O)CC1CCC(N(C)CC2CCOC2)C(Cl)C1,/opt/xchem-fragalysis-2/maxwin/BulkDock/TARGETS/Flavi_NS5_RdRp/aligned_files/d0253a/d0253a.pdb,fstein_thumb_site_2,d0253a,d0283a
CNS(=O)(=O)CC1CCC(N(C)CC2CCOC2)C(Cl)C1,/opt/xchem-fragalysis-2/maxwin/BulkDock/TARGETS/Flavi_NS5_RdRp/aligned_files/d0283a/d0283a.pdb,fstein_thumb_site_2,d0253a,d0283a
CNCC1(Cc2ccc(C#N)cc2)CCC(CS(=O)(=O)NC)CC1,/opt/xchem-fragalysis-2/maxwin/BulkDock/TARGETS/Flavi_NS5_RdRp/aligned_files/d0379a/d0379a.pdb,fstein_thumb_site_2,d0283a,d0379a
CNS(=O)(=O)Cc1cc(=O)n(Cc2cc(C)no2)nc1C,/opt/xchem-fragalysis-2/maxwin/BulkDock/TARGETS/Flavi_NS5_RdRp/aligned_files/d0153b/d0153b_hippo.pdb,fstein_thumb_site_2,d0153b,d0379a
CNS(=O)(=O)Cc1cc(=O)n(Cc2cc(C)no2)nc1C,/opt/xchem-fragalysis-2/maxwin/BulkDock/TARGETS/Flavi_NS5_RdRp/aligned_files/d0379a/d0379a.pdb,fstein_thumb_site_2,d0153b,d0379a
CCc1ccc(=O)n(Cc2cc(C)no2)n1,/opt/xchem-fragalysis-2/maxwin/BulkDock/TARGETS/Flavi_NS5_RdRp/aligned_files/d0283a/d0283a.pdb,fstein_thumb_site_2,d0283a,d0379a
CCc1ccc(=O)n(Cc2cc(C)no2)n1,/opt/xchem-fragalysis-2/maxwin/BulkDock/TARGETS/Flavi_NS5_RdRp/aligned_files/d0379a/d0379a.pdb,fstein_thumb_site_2,d0283a,d0379a
Cc1cc(Cn2[nH]c3c(c2=O)CCCC3)on1,/opt/xchem-fragalysis-2/maxwin/BulkDock/TARGETS/Flavi_NS5_RdRp/aligned_files/d0379a/d0379a.pdb,fstein_thumb_site_2,d0379a,d0567a
Cc1cc(Cn2[nH]c3c(c2=O)CCCC3)on1,/opt/xchem-fragalysis-2/maxwin/BulkDock/TARGETS/Flavi_NS5_RdRp/aligned_files/d0567a/d0567a.pdb,fstein_thumb_site_2,d0379a,d0567a
COC1CN(S(=O)(=O)N2CCC(NOc3cn[nH]c3)C2)C1,/opt/xchem-fragalysis-2/maxwin/BulkDock/TARGETS/Flavi_NS5_RdRp/aligned_files/d0248a/d0248a.pdb,fstein_thumb_site_2,d0248a,d0503a
COC1CN(S(=O)(=O)N2CCC(NOc3cn[nH]c3)C2)C1,/opt/xchem-fragalysis-2/maxwin/BulkDock/TARGETS/Flavi_NS5_RdRp/aligned_files/d0503a/d0503a.pdb,fstein_thumb_site_2,d0248a,d0503a
COC1CN(S(=O)(=NCC(=O)N2CCOCC2)N2CCCC2)C1,/opt/xchem-fragalysis-2/maxwin/BulkDock/TARGETS/Flavi_NS5_RdRp/aligned_files/d0503a/d0503a.pdb,fstein_thumb_site_2,d0503a,d0566a
COC1CN(S(=O)(=NCC(=O)N2CCOCC2)N2CCCC2)C1,/opt/xchem-fragalysis-2/maxwin/BulkDock/TARGETS/Flavi_NS5_RdRp/aligned_files/d0566a/d0566a.pdb,fstein_thumb_site_2,d0503a,d0566a
CC1CCN(S(=O)(=O)N2CC(c3ccccc3)C2)C1,/opt/xchem-fragalysis-2/maxwin/BulkDock/TARGETS/Flavi_NS5_RdRp/aligned_files/d0503a/d0503a.pdb,fstein_thumb_site_2,d0503a,d0644a
CNS(=O)(=O)c1cccc(CCC2CCOC2)c1F,/opt/xchem-fragalysis-2/maxwin/BulkDock/TARGETS/Flavi_NS5_RdRp/aligned_files/d0249a/d0249a_hippo.pdb,fstein_thumb_site_2,d0249a,d0567a
CNS(=O)(=O)c1cccc(CCC2CCOC2)c1F,/opt/xchem-fragalysis-2/maxwin/BulkDock/TARGETS/Flavi_NS5_RdRp/aligned_files/d0567a/d0567a.pdb,fstein_thumb_site_2,d0249a,d0567a
CNS(=O)(=O)c1cc(C)cc(CNCCNc2ccccc2)c1F,/opt/xchem-fragalysis-2/maxwin/BulkDock/TARGETS/Flavi_NS5_RdRp/aligned_files/d0567a/d0567a.pdb,fstein_thumb_site_2,d0567a,d0587a
Cc1cnc(N(C)CC2CCOC2)c(Cl)c1,/opt/xchem-fragalysis-2/maxwin/BulkDock/TARGETS/Flavi_NS5_RdRp/aligned_files/d0258a/d0258a.pdb,fstein_thumb_site_2,d0258a,d0587a
Cc1cnc(N(C)CC2CCOC2)c(Cl)c1,/opt/xchem-fragalysis-2/maxwin/BulkDock/TARGETS/Flavi_NS5_RdRp/aligned_files/d0587a/d0587a.pdb,fstein_thumb_site_2,d0258a,d0587a
CC(N)C1=CC=C2C(Cl)=C(CCC3(C)CCOC3)N=CN2C=C1,/opt/xchem-fragalysis-2/maxwin/BulkDock/TARGETS/Flavi_NS5_RdRp/aligned_files/d0587a/d0587a.pdb,fstein_thumb_site_2,d0414a,d0587a
Cc1ncc(Cc2cccc3c2cc2c4c(cc(CC(=O)O)cc43)CC(=O)O2)s1,/opt/xchem-fragalysis-2/maxwin/BulkDock/TARGETS/Flavi_NS5_RdRp/aligned_files/d0615a/d0615a_hippo.pdb,fstein_thumb_site_2,d0615a,d0644a
Cc1nn(C)c(C)c1NC1(O)CC(C#N)CCC1Cn1cnc2ccccc21,/opt/xchem-fragalysis-2/maxwin/BulkDock/TARGETS/Flavi_NS5_RdRp/aligned_files/d0644a/d0644a.pdb,fstein_thumb_site_2,d0644a,d0693a
Cc1nn(C)c(C)c1NC1(O)CC(C#N)CCC1Cn1cnc2ccccc21,/opt/xchem-fragalysis-2/maxwin/BulkDock/TARGETS/Flavi_NS5_RdRp/aligned_files/d0693a/d0693a.pdb,fstein_thumb_site_2,d0644a,d0693a
N#Cc1ccc(Cn2cnc3ccccc32)cc1O,/opt/xchem-fragalysis-2/maxwin/BulkDock/TARGETS/Flavi_NS5_RdRp/aligned_files/d0644a/d0644a.pdb,fstein_thumb_site_2,d0644a,d0749a
Nc1cccc(C(=O)c2cccc(F)c2)c1O,/opt/xchem-fragalysis-2/maxwin/BulkDock/TARGETS/Flavi_NS5_RdRp/aligned_files/d0693a/d0693a.pdb,fstein_thumb_site_2,d0693a,d0749a
CC1CCN(C(O)(O)c2cc3ccccc3o2)CC1,/opt/xchem-fragalysis-2/maxwin/BulkDock/TARGETS/Flavi_NS5_RdRp/aligned_files/d0787a/d0787a.pdb,fstein_thumb_site_2,d0253a,d0787a
NC(c1ccccc1)c1ccc(-c2cc(CC(=O)O)cc(CC(=O)O)c2)s1,/opt/xchem-fragalysis-2/maxwin/BulkDock/TARGETS/Flavi_NS5_RdRp/aligned_files/d0162a/d0162a.pdb,fstein_thumb_site_2,d0162a,5hmx-a
NC(c1ccccc1)c1ccc(-c2cc(CC(=O)O)cc(CC(=O)O)c2)s1,/opt/xchem-fragalysis-2/maxwin/BulkDock/TARGETS/Flavi_NS5_RdRp/aligned_files/5hmx-a/5hmx-a.pdb,fstein_thumb_site_2,d0162a,5hmx-a
