smiles,template,compound_set,hit1,hit2,hit3,hit4
O=S(=O)(NCCCC(F)(F)F)C1CCNC1,/opt/xchem-fragalysis-2/maxwin/BulkDock/TARGETS/Flavi_NS5_RdRp/aligned_files/d0174a/d0174a.pdb,kntiwork_primer_thumb_site_2_impure,d0174a,d0503a,,
O=S(=O)(NCCCC(F)(F)F)C1CCNC1,/opt/xchem-fragalysis-2/maxwin/BulkDock/TARGETS/Flavi_NS5_RdRp/aligned_files/d0503a/d0503a.pdb,kntiwork_primer_thumb_site_2_impure,d0174a,d0503a,,
CCS(=O)(=O)NCc1ccc(C(=O)N2CC(=O)N2)cc1,/opt/xchem-fragalysis-2/maxwin/BulkDock/TARGETS/Flavi_NS5_RdRp/aligned_files/d0566a/d0566a.pdb,kntiwork_primer_thumb_site_2_impure,d0174a,d0566a,,
CC(F)(F)CCCCNS(=O)(=O)N1CCCCCC1,/opt/xchem-fragalysis-2/maxwin/BulkDock/TARGETS/Flavi_NS5_RdRp/aligned_files/d0759a/d0759a.pdb,kntiwork_primer_thumb_site_2_impure,d0174a,d0759a,,
CCCC(OC)C(O)C1CCCCCN1,/opt/xchem-fragalysis-2/maxwin/BulkDock/TARGETS/Flavi_NS5_RdRp/aligned_files/d0174a/d0174a.pdb,kntiwork_primer_thumb_site_2_impure,d0174a,d0759a,,
CCCC(OC)C(O)C1CCCCCN1,/opt/xchem-fragalysis-2/maxwin/BulkDock/TARGETS/Flavi_NS5_RdRp/aligned_files/d0759a/d0759a.pdb,kntiwork_primer_thumb_site_2_impure,d0174a,d0759a,,
NCC1CCCCN(Cc2ccc3c(c2)OCCO3)C1,/opt/xchem-fragalysis-2/maxwin/BulkDock/TARGETS/Flavi_NS5_RdRp/aligned_files/d0759a/d0759a.pdb,kntiwork_primer_thumb_site_2_impure,d0174a,d0759a,,
OC1CCCCN(Cc2cc3c(cn2)OCCO3)C1,/opt/xchem-fragalysis-2/maxwin/BulkDock/TARGETS/Flavi_NS5_RdRp/aligned_files/d0759a/d0759a.pdb,kntiwork_primer_thumb_site_2_impure,d0174a,d0759a,,
O=C(C=C(O)C(F)(F)F)c1ccc2c(c1)OCO2,/opt/xchem-fragalysis-2/maxwin/BulkDock/TARGETS/Flavi_NS5_RdRp/aligned_files/d0174a/d0174a.pdb,kntiwork_primer_thumb_site_2_impure,d0174a,d0759a,,
O=C(C=C(O)C(F)(F)F)c1ccc2c(c1)OCO2,/opt/xchem-fragalysis-2/maxwin/BulkDock/TARGETS/Flavi_NS5_RdRp/aligned_files/d0759a/d0759a.pdb,kntiwork_primer_thumb_site_2_impure,d0174a,d0759a,,
CN(C)C(=O)CS(=O)(=O)c1nc2ccccc2[nH]1,/opt/xchem-fragalysis-2/maxwin/BulkDock/TARGETS/Flavi_NS5_RdRp/aligned_files/d0174a/d0174a.pdb,kntiwork_primer_thumb_site_2_impure,d0174a,d0693a,,
CN(C)C(=O)CS(=O)(=O)c1nc2ccccc2[nH]1,/opt/xchem-fragalysis-2/maxwin/BulkDock/TARGETS/Flavi_NS5_RdRp/aligned_files/d0693a/d0693a.pdb,kntiwork_primer_thumb_site_2_impure,d0174a,d0693a,,
COC(=O)CC(O)c1nc2ccccc2[nH]1,/opt/xchem-fragalysis-2/maxwin/BulkDock/TARGETS/Flavi_NS5_RdRp/aligned_files/d0174a/d0174a.pdb,kntiwork_primer_thumb_site_2_impure,d0174a,d0693a,,
COC(=O)CC(O)c1nc2ccccc2[nH]1,/opt/xchem-fragalysis-2/maxwin/BulkDock/TARGETS/Flavi_NS5_RdRp/aligned_files/d0693a/d0693a.pdb,kntiwork_primer_thumb_site_2_impure,d0174a,d0693a,,
COC(=O)C(O)c1cccc2nc[nH]c12,/opt/xchem-fragalysis-2/maxwin/BulkDock/TARGETS/Flavi_NS5_RdRp/aligned_files/d0174a/d0174a.pdb,kntiwork_primer_thumb_site_2_impure,d0174a,d0693a,,
COC(=O)C(O)c1cccc2nc[nH]c12,/opt/xchem-fragalysis-2/maxwin/BulkDock/TARGETS/Flavi_NS5_RdRp/aligned_files/d0693a/d0693a.pdb,kntiwork_primer_thumb_site_2_impure,d0174a,d0693a,,
C=CCCS(=O)(=O)NCC1CCCCNC1,/opt/xchem-fragalysis-2/maxwin/BulkDock/TARGETS/Flavi_NS5_RdRp/aligned_files/d0174a/d0174a.pdb,kntiwork_primer_thumb_site_2_impure,d0174a,d0176a,,
C=CCCS(=O)(=O)NCC1CCCCNC1,/opt/xchem-fragalysis-2/maxwin/BulkDock/TARGETS/Flavi_NS5_RdRp/aligned_files/d0176a/d0176a.pdb,kntiwork_primer_thumb_site_2_impure,d0174a,d0176a,,
CCS(=O)(=O)NCC1CCCN(Cc2cccc3ccccc23)C1,/opt/xchem-fragalysis-2/maxwin/BulkDock/TARGETS/Flavi_NS5_RdRp/aligned_files/d0174a/d0174a.pdb,kntiwork_primer_thumb_site_2_impure,d0174a,d0787a,,
CCS(=O)(=O)NCC1CCCN(Cc2cccc3ccccc23)C1,/opt/xchem-fragalysis-2/maxwin/BulkDock/TARGETS/Flavi_NS5_RdRp/aligned_files/d0787a/d0787a.pdb,kntiwork_primer_thumb_site_2_impure,d0174a,d0787a,,
CC(C)(CO)NC(=O)c1csc(-c2ccsc2)n1,/opt/xchem-fragalysis-2/maxwin/BulkDock/TARGETS/Flavi_NS5_RdRp/aligned_files/d0248a/d0248a.pdb,kntiwork_primer_thumb_site_2_impure,d0248a,d0376a,,
CC(C)(CO)NC(=O)c1csc(-c2ccsc2)n1,/opt/xchem-fragalysis-2/maxwin/BulkDock/TARGETS/Flavi_NS5_RdRp/aligned_files/d0376a/d0376a.pdb,kntiwork_primer_thumb_site_2_impure,d0248a,d0376a,,
CC(C)(CO)NC(=O)c1cscc1OCc1ccccc1,/opt/xchem-fragalysis-2/maxwin/BulkDock/TARGETS/Flavi_NS5_RdRp/aligned_files/d0248a/d0248a.pdb,kntiwork_primer_thumb_site_2_impure,d0248a,d0376a,,
CC(C)(CO)NC(=O)c1cscc1OCc1ccccc1,/opt/xchem-fragalysis-2/maxwin/BulkDock/TARGETS/Flavi_NS5_RdRp/aligned_files/d0376a/d0376a.pdb,kntiwork_primer_thumb_site_2_impure,d0248a,d0376a,,
CC(C)(C)C(=O)C(O)c1ccncn1,/opt/xchem-fragalysis-2/maxwin/BulkDock/TARGETS/Flavi_NS5_RdRp/aligned_files/d0174a/d0174a.pdb,kntiwork_primer_thumb_site_2_impure,d0174a,d0587a,,
CC(C)(C)C(=O)C(O)c1ccncn1,/opt/xchem-fragalysis-2/maxwin/BulkDock/TARGETS/Flavi_NS5_RdRp/aligned_files/d0587a/d0587a.pdb,kntiwork_primer_thumb_site_2_impure,d0174a,d0587a,,
CC(C)(C)OCC(O)c1ccncn1,/opt/xchem-fragalysis-2/maxwin/BulkDock/TARGETS/Flavi_NS5_RdRp/aligned_files/d0174a/d0174a.pdb,kntiwork_primer_thumb_site_2_impure,d0174a,d0587a,,
CC(C)(C)OCC(O)c1ccncn1,/opt/xchem-fragalysis-2/maxwin/BulkDock/TARGETS/Flavi_NS5_RdRp/aligned_files/d0587a/d0587a.pdb,kntiwork_primer_thumb_site_2_impure,d0174a,d0587a,,
C#CCCCC(=O)C(O)c1cncnc1,/opt/xchem-fragalysis-2/maxwin/BulkDock/TARGETS/Flavi_NS5_RdRp/aligned_files/d0174a/d0174a.pdb,kntiwork_primer_thumb_site_2_impure,d0174a,d0587a,,
C#CCCCC(=O)C(O)c1cncnc1,/opt/xchem-fragalysis-2/maxwin/BulkDock/TARGETS/Flavi_NS5_RdRp/aligned_files/d0587a/d0587a.pdb,kntiwork_primer_thumb_site_2_impure,d0174a,d0587a,,
CCC(C)(O)C(=O)c1cncnc1,/opt/xchem-fragalysis-2/maxwin/BulkDock/TARGETS/Flavi_NS5_RdRp/aligned_files/d0174a/d0174a.pdb,kntiwork_primer_thumb_site_2_impure,d0174a,d0587a,,
CCC(C)(O)C(=O)c1cncnc1,/opt/xchem-fragalysis-2/maxwin/BulkDock/TARGETS/Flavi_NS5_RdRp/aligned_files/d0587a/d0587a.pdb,kntiwork_primer_thumb_site_2_impure,d0174a,d0587a,,
C=CCC(=O)C(O)c1cncnc1,/opt/xchem-fragalysis-2/maxwin/BulkDock/TARGETS/Flavi_NS5_RdRp/aligned_files/d0174a/d0174a.pdb,kntiwork_primer_thumb_site_2_impure,d0174a,d0587a,,
C=CCC(=O)C(O)c1cncnc1,/opt/xchem-fragalysis-2/maxwin/BulkDock/TARGETS/Flavi_NS5_RdRp/aligned_files/d0587a/d0587a.pdb,kntiwork_primer_thumb_site_2_impure,d0174a,d0587a,,
CCCN(CCC)S(=O)(=O)NC(C)c1ncccn1,/opt/xchem-fragalysis-2/maxwin/BulkDock/TARGETS/Flavi_NS5_RdRp/aligned_files/d0174a/d0174a.pdb,kntiwork_primer_thumb_site_2_impure,d0174a,d0587a,,
COCC(O)c1cncnc1,/opt/xchem-fragalysis-2/maxwin/BulkDock/TARGETS/Flavi_NS5_RdRp/aligned_files/d0174a/d0174a.pdb,kntiwork_primer_thumb_site_2_impure,d0174a,d0587a,,
COCC(O)c1cncnc1,/opt/xchem-fragalysis-2/maxwin/BulkDock/TARGETS/Flavi_NS5_RdRp/aligned_files/d0587a/d0587a.pdb,kntiwork_primer_thumb_site_2_impure,d0174a,d0587a,,
COCC(C)(O)C(=O)c1cncnc1,/opt/xchem-fragalysis-2/maxwin/BulkDock/TARGETS/Flavi_NS5_RdRp/aligned_files/d0174a/d0174a.pdb,kntiwork_primer_thumb_site_2_impure,d0174a,d0587a,,
COCC(C)(O)C(=O)c1cncnc1,/opt/xchem-fragalysis-2/maxwin/BulkDock/TARGETS/Flavi_NS5_RdRp/aligned_files/d0587a/d0587a.pdb,kntiwork_primer_thumb_site_2_impure,d0174a,d0587a,,
C=CCC(=O)C(O)c1ccncn1,/opt/xchem-fragalysis-2/maxwin/BulkDock/TARGETS/Flavi_NS5_RdRp/aligned_files/d0174a/d0174a.pdb,kntiwork_primer_thumb_site_2_impure,d0174a,d0587a,,
C=CCC(=O)C(O)c1ccncn1,/opt/xchem-fragalysis-2/maxwin/BulkDock/TARGETS/Flavi_NS5_RdRp/aligned_files/d0587a/d0587a.pdb,kntiwork_primer_thumb_site_2_impure,d0174a,d0587a,,
CCC(O)(COC)C(=O)c1cncnc1,/opt/xchem-fragalysis-2/maxwin/BulkDock/TARGETS/Flavi_NS5_RdRp/aligned_files/d0174a/d0174a.pdb,kntiwork_primer_thumb_site_2_impure,d0174a,d0587a,,
CCC(O)(COC)C(=O)c1cncnc1,/opt/xchem-fragalysis-2/maxwin/BulkDock/TARGETS/Flavi_NS5_RdRp/aligned_files/d0587a/d0587a.pdb,kntiwork_primer_thumb_site_2_impure,d0174a,d0587a,,
CC(NS(=O)(=O)CC(C)(C)C#N)c1ncccn1,/opt/xchem-fragalysis-2/maxwin/BulkDock/TARGETS/Flavi_NS5_RdRp/aligned_files/d0174a/d0174a.pdb,kntiwork_primer_thumb_site_2_impure,d0174a,d0587a,,
CC(NS(=O)(=O)CC#N)c1ncccn1,/opt/xchem-fragalysis-2/maxwin/BulkDock/TARGETS/Flavi_NS5_RdRp/aligned_files/d0174a/d0174a.pdb,kntiwork_primer_thumb_site_2_impure,d0174a,d0587a,,
CC(NS(=O)(=O)CC#N)c1ncccn1,/opt/xchem-fragalysis-2/maxwin/BulkDock/TARGETS/Flavi_NS5_RdRp/aligned_files/d0587a/d0587a.pdb,kntiwork_primer_thumb_site_2_impure,d0174a,d0587a,,
COC(C)CC(O)c1ccncn1,/opt/xchem-fragalysis-2/maxwin/BulkDock/TARGETS/Flavi_NS5_RdRp/aligned_files/d0174a/d0174a.pdb,kntiwork_primer_thumb_site_2_impure,d0174a,d0587a,,
COC(C)CC(O)c1ccncn1,/opt/xchem-fragalysis-2/maxwin/BulkDock/TARGETS/Flavi_NS5_RdRp/aligned_files/d0587a/d0587a.pdb,kntiwork_primer_thumb_site_2_impure,d0174a,d0587a,,
CC(C)C(=O)C(O)c1cncnc1,/opt/xchem-fragalysis-2/maxwin/BulkDock/TARGETS/Flavi_NS5_RdRp/aligned_files/d0174a/d0174a.pdb,kntiwork_primer_thumb_site_2_impure,d0174a,d0587a,,
CC(C)C(=O)C(O)c1cncnc1,/opt/xchem-fragalysis-2/maxwin/BulkDock/TARGETS/Flavi_NS5_RdRp/aligned_files/d0587a/d0587a.pdb,kntiwork_primer_thumb_site_2_impure,d0174a,d0587a,,
C#CC(C)C(=O)C(O)c1ccncn1,/opt/xchem-fragalysis-2/maxwin/BulkDock/TARGETS/Flavi_NS5_RdRp/aligned_files/d0174a/d0174a.pdb,kntiwork_primer_thumb_site_2_impure,d0174a,d0587a,,
C#CC(C)C(=O)C(O)c1ccncn1,/opt/xchem-fragalysis-2/maxwin/BulkDock/TARGETS/Flavi_NS5_RdRp/aligned_files/d0587a/d0587a.pdb,kntiwork_primer_thumb_site_2_impure,d0174a,d0587a,,
CC#CC(=O)C(O)c1cncnc1,/opt/xchem-fragalysis-2/maxwin/BulkDock/TARGETS/Flavi_NS5_RdRp/aligned_files/d0174a/d0174a.pdb,kntiwork_primer_thumb_site_2_impure,d0174a,d0587a,,
CC#CC(=O)C(O)c1cncnc1,/opt/xchem-fragalysis-2/maxwin/BulkDock/TARGETS/Flavi_NS5_RdRp/aligned_files/d0587a/d0587a.pdb,kntiwork_primer_thumb_site_2_impure,d0174a,d0587a,,
CCOCC(O)c1cncnc1,/opt/xchem-fragalysis-2/maxwin/BulkDock/TARGETS/Flavi_NS5_RdRp/aligned_files/d0174a/d0174a.pdb,kntiwork_primer_thumb_site_2_impure,d0174a,d0587a,,
CCOCC(O)c1cncnc1,/opt/xchem-fragalysis-2/maxwin/BulkDock/TARGETS/Flavi_NS5_RdRp/aligned_files/d0587a/d0587a.pdb,kntiwork_primer_thumb_site_2_impure,d0174a,d0587a,,
CC(C)=CC(=O)C(O)c1cncnc1,/opt/xchem-fragalysis-2/maxwin/BulkDock/TARGETS/Flavi_NS5_RdRp/aligned_files/d0174a/d0174a.pdb,kntiwork_primer_thumb_site_2_impure,d0174a,d0587a,,
CC(C)=CC(=O)C(O)c1cncnc1,/opt/xchem-fragalysis-2/maxwin/BulkDock/TARGETS/Flavi_NS5_RdRp/aligned_files/d0587a/d0587a.pdb,kntiwork_primer_thumb_site_2_impure,d0174a,d0587a,,
CC(C)OCC(=O)C(O)c1cncnc1,/opt/xchem-fragalysis-2/maxwin/BulkDock/TARGETS/Flavi_NS5_RdRp/aligned_files/d0174a/d0174a.pdb,kntiwork_primer_thumb_site_2_impure,d0174a,d0587a,,
CC(C)OCC(=O)C(O)c1cncnc1,/opt/xchem-fragalysis-2/maxwin/BulkDock/TARGETS/Flavi_NS5_RdRp/aligned_files/d0587a/d0587a.pdb,kntiwork_primer_thumb_site_2_impure,d0174a,d0587a,,
CCC(O)(COC)c1ccncn1,/opt/xchem-fragalysis-2/maxwin/BulkDock/TARGETS/Flavi_NS5_RdRp/aligned_files/d0174a/d0174a.pdb,kntiwork_primer_thumb_site_2_impure,d0174a,d0587a,,
CCC(O)(COC)c1ccncn1,/opt/xchem-fragalysis-2/maxwin/BulkDock/TARGETS/Flavi_NS5_RdRp/aligned_files/d0587a/d0587a.pdb,kntiwork_primer_thumb_site_2_impure,d0174a,d0587a,,
CSCCC(O)C(=O)c1ccncn1,/opt/xchem-fragalysis-2/maxwin/BulkDock/TARGETS/Flavi_NS5_RdRp/aligned_files/d0174a/d0174a.pdb,kntiwork_primer_thumb_site_2_impure,d0174a,d0587a,,
CSCCC(O)C(=O)c1ccncn1,/opt/xchem-fragalysis-2/maxwin/BulkDock/TARGETS/Flavi_NS5_RdRp/aligned_files/d0587a/d0587a.pdb,kntiwork_primer_thumb_site_2_impure,d0174a,d0587a,,
CCOCC(=O)C(O)c1cncnc1,/opt/xchem-fragalysis-2/maxwin/BulkDock/TARGETS/Flavi_NS5_RdRp/aligned_files/d0174a/d0174a.pdb,kntiwork_primer_thumb_site_2_impure,d0174a,d0587a,,
CCOCC(=O)C(O)c1cncnc1,/opt/xchem-fragalysis-2/maxwin/BulkDock/TARGETS/Flavi_NS5_RdRp/aligned_files/d0587a/d0587a.pdb,kntiwork_primer_thumb_site_2_impure,d0174a,d0587a,,
CC(C)C(C)(O)C(=O)c1ccncn1,/opt/xchem-fragalysis-2/maxwin/BulkDock/TARGETS/Flavi_NS5_RdRp/aligned_files/d0174a/d0174a.pdb,kntiwork_primer_thumb_site_2_impure,d0174a,d0587a,,
CC(C)C(C)(O)C(=O)c1ccncn1,/opt/xchem-fragalysis-2/maxwin/BulkDock/TARGETS/Flavi_NS5_RdRp/aligned_files/d0587a/d0587a.pdb,kntiwork_primer_thumb_site_2_impure,d0174a,d0587a,,
CC(C)(F)CC(O)c1ncccn1,/opt/xchem-fragalysis-2/maxwin/BulkDock/TARGETS/Flavi_NS5_RdRp/aligned_files/d0174a/d0174a.pdb,kntiwork_primer_thumb_site_2_impure,d0174a,d0587a,,
CC(C)(F)CC(O)c1ncccn1,/opt/xchem-fragalysis-2/maxwin/BulkDock/TARGETS/Flavi_NS5_RdRp/aligned_files/d0587a/d0587a.pdb,kntiwork_primer_thumb_site_2_impure,d0174a,d0587a,,
CCC(C)(C)C(=O)C(O)c1cncnc1,/opt/xchem-fragalysis-2/maxwin/BulkDock/TARGETS/Flavi_NS5_RdRp/aligned_files/d0174a/d0174a.pdb,kntiwork_primer_thumb_site_2_impure,d0174a,d0587a,,
CCC(C)(C)C(=O)C(O)c1cncnc1,/opt/xchem-fragalysis-2/maxwin/BulkDock/TARGETS/Flavi_NS5_RdRp/aligned_files/d0587a/d0587a.pdb,kntiwork_primer_thumb_site_2_impure,d0174a,d0587a,,
COC(C)C(O)C(=O)c1ccncn1,/opt/xchem-fragalysis-2/maxwin/BulkDock/TARGETS/Flavi_NS5_RdRp/aligned_files/d0174a/d0174a.pdb,kntiwork_primer_thumb_site_2_impure,d0174a,d0587a,,
COC(C)C(O)C(=O)c1ccncn1,/opt/xchem-fragalysis-2/maxwin/BulkDock/TARGETS/Flavi_NS5_RdRp/aligned_files/d0587a/d0587a.pdb,kntiwork_primer_thumb_site_2_impure,d0174a,d0587a,,
COCC(O)C(=O)c1cncnc1,/opt/xchem-fragalysis-2/maxwin/BulkDock/TARGETS/Flavi_NS5_RdRp/aligned_files/d0174a/d0174a.pdb,kntiwork_primer_thumb_site_2_impure,d0174a,d0587a,,
COCC(O)C(=O)c1cncnc1,/opt/xchem-fragalysis-2/maxwin/BulkDock/TARGETS/Flavi_NS5_RdRp/aligned_files/d0587a/d0587a.pdb,kntiwork_primer_thumb_site_2_impure,d0174a,d0587a,,
CCOC(CC)C(O)c1cncnc1,/opt/xchem-fragalysis-2/maxwin/BulkDock/TARGETS/Flavi_NS5_RdRp/aligned_files/d0174a/d0174a.pdb,kntiwork_primer_thumb_site_2_impure,d0174a,d0587a,,
CCOC(CC)C(O)c1cncnc1,/opt/xchem-fragalysis-2/maxwin/BulkDock/TARGETS/Flavi_NS5_RdRp/aligned_files/d0587a/d0587a.pdb,kntiwork_primer_thumb_site_2_impure,d0174a,d0587a,,
COCC(C)(C)C(O)c1ccncn1,/opt/xchem-fragalysis-2/maxwin/BulkDock/TARGETS/Flavi_NS5_RdRp/aligned_files/d0587a/d0587a.pdb,kntiwork_primer_thumb_site_2_impure,d0174a,d0587a,,
CC(C)(O)C(=O)c1ccncn1,/opt/xchem-fragalysis-2/maxwin/BulkDock/TARGETS/Flavi_NS5_RdRp/aligned_files/d0587a/d0587a.pdb,kntiwork_primer_thumb_site_2_impure,d0174a,d0587a,,
CC(C)(C)OCC(O)c1cncnc1,/opt/xchem-fragalysis-2/maxwin/BulkDock/TARGETS/Flavi_NS5_RdRp/aligned_files/d0174a/d0174a.pdb,kntiwork_primer_thumb_site_2_impure,d0174a,d0587a,,
CC(C)(C)OCC(O)c1cncnc1,/opt/xchem-fragalysis-2/maxwin/BulkDock/TARGETS/Flavi_NS5_RdRp/aligned_files/d0587a/d0587a.pdb,kntiwork_primer_thumb_site_2_impure,d0174a,d0587a,,
CCCOCC(=O)C(O)c1cncnc1,/opt/xchem-fragalysis-2/maxwin/BulkDock/TARGETS/Flavi_NS5_RdRp/aligned_files/d0174a/d0174a.pdb,kntiwork_primer_thumb_site_2_impure,d0174a,d0587a,,
CCCOCC(=O)C(O)c1cncnc1,/opt/xchem-fragalysis-2/maxwin/BulkDock/TARGETS/Flavi_NS5_RdRp/aligned_files/d0587a/d0587a.pdb,kntiwork_primer_thumb_site_2_impure,d0174a,d0587a,,
CC#CCCC(=O)C(O)c1ccncn1,/opt/xchem-fragalysis-2/maxwin/BulkDock/TARGETS/Flavi_NS5_RdRp/aligned_files/d0174a/d0174a.pdb,kntiwork_primer_thumb_site_2_impure,d0174a,d0587a,,
CC#CCCC(=O)C(O)c1ccncn1,/opt/xchem-fragalysis-2/maxwin/BulkDock/TARGETS/Flavi_NS5_RdRp/aligned_files/d0587a/d0587a.pdb,kntiwork_primer_thumb_site_2_impure,d0174a,d0587a,,
CCN(C(C)C)S(=O)(=O)NC(C)c1ncccn1,/opt/xchem-fragalysis-2/maxwin/BulkDock/TARGETS/Flavi_NS5_RdRp/aligned_files/d0174a/d0174a.pdb,kntiwork_primer_thumb_site_2_impure,d0174a,d0587a,,
CC(O)(C=O)c1cncnc1,/opt/xchem-fragalysis-2/maxwin/BulkDock/TARGETS/Flavi_NS5_RdRp/aligned_files/d0174a/d0174a.pdb,kntiwork_primer_thumb_site_2_impure,d0174a,d0587a,,
CC(O)(C=O)c1cncnc1,/opt/xchem-fragalysis-2/maxwin/BulkDock/TARGETS/Flavi_NS5_RdRp/aligned_files/d0587a/d0587a.pdb,kntiwork_primer_thumb_site_2_impure,d0174a,d0587a,,
C=CCC(=O)C(C)(O)c1ccncn1,/opt/xchem-fragalysis-2/maxwin/BulkDock/TARGETS/Flavi_NS5_RdRp/aligned_files/d0174a/d0174a.pdb,kntiwork_primer_thumb_site_2_impure,d0174a,d0587a,,
CCC(C)(O)C(=O)c1ccncn1,/opt/xchem-fragalysis-2/maxwin/BulkDock/TARGETS/Flavi_NS5_RdRp/aligned_files/d0174a/d0174a.pdb,kntiwork_primer_thumb_site_2_impure,d0174a,d0587a,,
CCC(C)(O)C(=O)c1ccncn1,/opt/xchem-fragalysis-2/maxwin/BulkDock/TARGETS/Flavi_NS5_RdRp/aligned_files/d0587a/d0587a.pdb,kntiwork_primer_thumb_site_2_impure,d0174a,d0587a,,
COCC(C)(O)C(=O)c1ccncn1,/opt/xchem-fragalysis-2/maxwin/BulkDock/TARGETS/Flavi_NS5_RdRp/aligned_files/d0174a/d0174a.pdb,kntiwork_primer_thumb_site_2_impure,d0174a,d0587a,,
COCC(C)(O)C(=O)c1ccncn1,/opt/xchem-fragalysis-2/maxwin/BulkDock/TARGETS/Flavi_NS5_RdRp/aligned_files/d0587a/d0587a.pdb,kntiwork_primer_thumb_site_2_impure,d0174a,d0587a,,
CC#CCC(=O)C(C)(O)c1ccncn1,/opt/xchem-fragalysis-2/maxwin/BulkDock/TARGETS/Flavi_NS5_RdRp/aligned_files/d0587a/d0587a.pdb,kntiwork_primer_thumb_site_2_impure,d0174a,d0587a,,
COCC(OC)C(O)c1ccncn1,/opt/xchem-fragalysis-2/maxwin/BulkDock/TARGETS/Flavi_NS5_RdRp/aligned_files/d0174a/d0174a.pdb,kntiwork_primer_thumb_site_2_impure,d0174a,d0587a,,
CCC(O)(CC)C(=O)c1cncnc1,/opt/xchem-fragalysis-2/maxwin/BulkDock/TARGETS/Flavi_NS5_RdRp/aligned_files/d0174a/d0174a.pdb,kntiwork_primer_thumb_site_2_impure,d0174a,d0587a,,
CCC(O)(CC)C(=O)c1cncnc1,/opt/xchem-fragalysis-2/maxwin/BulkDock/TARGETS/Flavi_NS5_RdRp/aligned_files/d0587a/d0587a.pdb,kntiwork_primer_thumb_site_2_impure,d0174a,d0587a,,
COCC(O)(c1cncnc1)C(C)C,/opt/xchem-fragalysis-2/maxwin/BulkDock/TARGETS/Flavi_NS5_RdRp/aligned_files/d0174a/d0174a.pdb,kntiwork_primer_thumb_site_2_impure,d0174a,d0587a,,
COCC(O)(c1cncnc1)C(C)C,/opt/xchem-fragalysis-2/maxwin/BulkDock/TARGETS/Flavi_NS5_RdRp/aligned_files/d0587a/d0587a.pdb,kntiwork_primer_thumb_site_2_impure,d0174a,d0587a,,
CC(=O)CC(O)c1cncnc1,/opt/xchem-fragalysis-2/maxwin/BulkDock/TARGETS/Flavi_NS5_RdRp/aligned_files/d0174a/d0174a.pdb,kntiwork_primer_thumb_site_2_impure,d0174a,d0587a,,
CC(=O)CC(O)c1cncnc1,/opt/xchem-fragalysis-2/maxwin/BulkDock/TARGETS/Flavi_NS5_RdRp/aligned_files/d0587a/d0587a.pdb,kntiwork_primer_thumb_site_2_impure,d0174a,d0587a,,
CC(C)(O)C(=O)c1cncnc1,/opt/xchem-fragalysis-2/maxwin/BulkDock/TARGETS/Flavi_NS5_RdRp/aligned_files/d0174a/d0174a.pdb,kntiwork_primer_thumb_site_2_impure,d0174a,d0587a,,
CC(C)(O)C(=O)c1cncnc1,/opt/xchem-fragalysis-2/maxwin/BulkDock/TARGETS/Flavi_NS5_RdRp/aligned_files/d0587a/d0587a.pdb,kntiwork_primer_thumb_site_2_impure,d0174a,d0587a,,
CCC(CC)C(=O)C(O)c1cncnc1,/opt/xchem-fragalysis-2/maxwin/BulkDock/TARGETS/Flavi_NS5_RdRp/aligned_files/d0174a/d0174a.pdb,kntiwork_primer_thumb_site_2_impure,d0174a,d0587a,,
CCC(CC)C(=O)C(O)c1cncnc1,/opt/xchem-fragalysis-2/maxwin/BulkDock/TARGETS/Flavi_NS5_RdRp/aligned_files/d0587a/d0587a.pdb,kntiwork_primer_thumb_site_2_impure,d0174a,d0587a,,
Cc1cnc(CCN(C)C(=O)CCc2n[nH]c(=O)[nH]c2=O)s1,/opt/xchem-fragalysis-2/maxwin/BulkDock/TARGETS/Flavi_NS5_RdRp/aligned_files/d0615a/d0615a_hippo.pdb,kntiwork_primer_thumb_site_2_impure,d0379a,d0615a,,
O=c1[nH]nc(NCCOc2cccc(C(F)(F)F)n2)c(=O)[nH]1,/opt/xchem-fragalysis-2/maxwin/BulkDock/TARGETS/Flavi_NS5_RdRp/aligned_files/d0379a/d0379a.pdb,kntiwork_primer_thumb_site_2_impure,d0379a,d0615a,,
O=c1[nH]nc(NCCOc2cccc(C(F)(F)F)n2)c(=O)[nH]1,/opt/xchem-fragalysis-2/maxwin/BulkDock/TARGETS/Flavi_NS5_RdRp/aligned_files/d0615a/d0615a_hippo.pdb,kntiwork_primer_thumb_site_2_impure,d0379a,d0615a,,
CC(C)(CO)NC(=O)N1CCC(c2ccon2)C1,/opt/xchem-fragalysis-2/maxwin/BulkDock/TARGETS/Flavi_NS5_RdRp/aligned_files/d0248a/d0248a.pdb,kntiwork_primer_thumb_site_2_impure,d0248a,d0279a,d0615a,
CC(C)(CO)NC(=O)N1CCC(c2ccon2)C1,/opt/xchem-fragalysis-2/maxwin/BulkDock/TARGETS/Flavi_NS5_RdRp/aligned_files/d0279a/d0279a.pdb,kntiwork_primer_thumb_site_2_impure,d0248a,d0279a,,
CC(CO)N(C)C(=O)C1CCCNCC1,/opt/xchem-fragalysis-2/maxwin/BulkDock/TARGETS/Flavi_NS5_RdRp/aligned_files/d0248a/d0248a.pdb,kntiwork_primer_thumb_site_2_impure,d0248a,d0759a,,
CC(CO)N(C)C(=O)C1CCCNCC1,/opt/xchem-fragalysis-2/maxwin/BulkDock/TARGETS/Flavi_NS5_RdRp/aligned_files/d0759a/d0759a.pdb,kntiwork_primer_thumb_site_2_impure,d0248a,d0759a,,
CCS(=O)(=O)NCc1cn(CCCn2cncn2)nn1,/opt/xchem-fragalysis-2/maxwin/BulkDock/TARGETS/Flavi_NS5_RdRp/aligned_files/d0174a/d0174a.pdb,kntiwork_primer_thumb_site_2_impure,d0174a,d0587a,,
CCS(=O)(=O)NCc1cn(CCCn2cncn2)nn1,/opt/xchem-fragalysis-2/maxwin/BulkDock/TARGETS/Flavi_NS5_RdRp/aligned_files/d0587a/d0587a.pdb,kntiwork_primer_thumb_site_2_impure,d0174a,d0587a,,
CCS(=O)(=O)NCC1CCCC2CC12,/opt/xchem-fragalysis-2/maxwin/BulkDock/TARGETS/Flavi_NS5_RdRp/aligned_files/d0174a/d0174a.pdb,kntiwork_primer_thumb_site_2_impure,d0174a,d0176a,d0503a,d0759a
CCS(=O)(=O)NCC1CCCC2CC12,/opt/xchem-fragalysis-2/maxwin/BulkDock/TARGETS/Flavi_NS5_RdRp/aligned_files/d0176a/d0176a.pdb,kntiwork_primer_thumb_site_2_impure,d0174a,d0176a,,
CCS(=O)(=O)NCC1C=CCCCC1,/opt/xchem-fragalysis-2/maxwin/BulkDock/TARGETS/Flavi_NS5_RdRp/aligned_files/d0174a/d0174a.pdb,kntiwork_primer_thumb_site_2_impure,d0174a,d0176a,d0503a,d0759a
CCS(=O)(=O)NCC1C=CCCCC1,/opt/xchem-fragalysis-2/maxwin/BulkDock/TARGETS/Flavi_NS5_RdRp/aligned_files/d0176a/d0176a.pdb,kntiwork_primer_thumb_site_2_impure,d0174a,d0176a,,
CCS(=O)(=O)N(C)C1CCCSC1,/opt/xchem-fragalysis-2/maxwin/BulkDock/TARGETS/Flavi_NS5_RdRp/aligned_files/d0174a/d0174a.pdb,kntiwork_primer_thumb_site_2_impure,d0174a,d0176a,d0503a,d0759a
CCS(=O)(=O)N(C)C1CCCSC1,/opt/xchem-fragalysis-2/maxwin/BulkDock/TARGETS/Flavi_NS5_RdRp/aligned_files/d0176a/d0176a.pdb,kntiwork_primer_thumb_site_2_impure,d0174a,d0176a,,
CCS(=O)(=O)NCC1CCCC12CC2,/opt/xchem-fragalysis-2/maxwin/BulkDock/TARGETS/Flavi_NS5_RdRp/aligned_files/d0174a/d0174a.pdb,kntiwork_primer_thumb_site_2_impure,d0174a,d0176a,d0503a,d0759a
CCS(=O)(=O)NCC1CCCC12CC2,/opt/xchem-fragalysis-2/maxwin/BulkDock/TARGETS/Flavi_NS5_RdRp/aligned_files/d0176a/d0176a.pdb,kntiwork_primer_thumb_site_2_impure,d0174a,d0176a,,
CCS(=O)(=O)NCC12CCCCC1C2,/opt/xchem-fragalysis-2/maxwin/BulkDock/TARGETS/Flavi_NS5_RdRp/aligned_files/d0174a/d0174a.pdb,kntiwork_primer_thumb_site_2_impure,d0174a,d0176a,d0503a,d0759a
CC(c1ccccc1)S(=O)(=O)NC(c1ncccn1)C1CC1,/opt/xchem-fragalysis-2/maxwin/BulkDock/TARGETS/Flavi_NS5_RdRp/aligned_files/d0587a/d0587a.pdb,kntiwork_primer_thumb_site_2_impure,d0174a,d0587a,,
CCS(=O)(=O)NCC1CCCC2(CC2)C1,/opt/xchem-fragalysis-2/maxwin/BulkDock/TARGETS/Flavi_NS5_RdRp/aligned_files/d0174a/d0174a.pdb,kntiwork_primer_thumb_site_2_impure,d0174a,d0176a,d0503a,d0759a
CCS(=O)(=O)NCC1CCCC2(CC2)C1,/opt/xchem-fragalysis-2/maxwin/BulkDock/TARGETS/Flavi_NS5_RdRp/aligned_files/d0176a/d0176a.pdb,kntiwork_primer_thumb_site_2_impure,d0174a,d0176a,,
O=S(=O)(CCc1cnoc1)NCC1CCCC2(CC2)C1,/opt/xchem-fragalysis-2/maxwin/BulkDock/TARGETS/Flavi_NS5_RdRp/aligned_files/d0174a/d0174a.pdb,kntiwork_primer_thumb_site_2_impure,d0174a,d0176a,d0503a,d0759a
CC(C)C(NC(=O)c1ccc2[nH]cnc2c1)C(=O)N(C)C,/opt/xchem-fragalysis-2/maxwin/BulkDock/TARGETS/Flavi_NS5_RdRp/aligned_files/d0248a/d0248a.pdb,kntiwork_primer_thumb_site_2_impure,d0248a,d0693a,,
CCS(=O)(=O)N(C)c1cccnc1,/opt/xchem-fragalysis-2/maxwin/BulkDock/TARGETS/Flavi_NS5_RdRp/aligned_files/d0174a/d0174a.pdb,kntiwork_primer_thumb_site_2_impure,d0174a,d0279a,d0615a,
CCS(=O)(=O)N(C)c1cccnc1,/opt/xchem-fragalysis-2/maxwin/BulkDock/TARGETS/Flavi_NS5_RdRp/aligned_files/d0279a/d0279a.pdb,kntiwork_primer_thumb_site_2_impure,d0174a,d0279a,,
CC(C)(C)OCC(O)c1cscn1,/opt/xchem-fragalysis-2/maxwin/BulkDock/TARGETS/Flavi_NS5_RdRp/aligned_files/d0174a/d0174a.pdb,kntiwork_primer_thumb_site_2_impure,d0174a,d0615a,,
CC(C)(C)OCC(O)c1cscn1,/opt/xchem-fragalysis-2/maxwin/BulkDock/TARGETS/Flavi_NS5_RdRp/aligned_files/d0615a/d0615a_hippo.pdb,kntiwork_primer_thumb_site_2_impure,d0174a,d0615a,,
C=CCN(C)S(=O)(=O)NC(C)c1nccs1,/opt/xchem-fragalysis-2/maxwin/BulkDock/TARGETS/Flavi_NS5_RdRp/aligned_files/d0174a/d0174a.pdb,kntiwork_primer_thumb_site_2_impure,d0174a,d0615a,,
C=CCN(C)S(=O)(=O)NC(C)c1nccs1,/opt/xchem-fragalysis-2/maxwin/BulkDock/TARGETS/Flavi_NS5_RdRp/aligned_files/d0615a/d0615a_hippo.pdb,kntiwork_primer_thumb_site_2_impure,d0174a,d0615a,,
C=CCS(=O)(=O)NC(CC)c1nccs1,/opt/xchem-fragalysis-2/maxwin/BulkDock/TARGETS/Flavi_NS5_RdRp/aligned_files/d0174a/d0174a.pdb,kntiwork_primer_thumb_site_2_impure,d0174a,d0615a,,
C=CCS(=O)(=O)NC(CC)c1nccs1,/opt/xchem-fragalysis-2/maxwin/BulkDock/TARGETS/Flavi_NS5_RdRp/aligned_files/d0615a/d0615a_hippo.pdb,kntiwork_primer_thumb_site_2_impure,d0174a,d0615a,,
CC(NS(=O)(=O)CCCCC#N)c1nccs1,/opt/xchem-fragalysis-2/maxwin/BulkDock/TARGETS/Flavi_NS5_RdRp/aligned_files/d0174a/d0174a.pdb,kntiwork_primer_thumb_site_2_impure,d0174a,d0615a,,
CC(NS(=O)(=O)CCCCC#N)c1nccs1,/opt/xchem-fragalysis-2/maxwin/BulkDock/TARGETS/Flavi_NS5_RdRp/aligned_files/d0615a/d0615a_hippo.pdb,kntiwork_primer_thumb_site_2_impure,d0174a,d0615a,,
CN(C)S(=O)(=O)NC(C)(C)c1nccs1,/opt/xchem-fragalysis-2/maxwin/BulkDock/TARGETS/Flavi_NS5_RdRp/aligned_files/d0174a/d0174a.pdb,kntiwork_primer_thumb_site_2_impure,d0174a,d0615a,,
CN(C)S(=O)(=O)NC(C)(C)c1nccs1,/opt/xchem-fragalysis-2/maxwin/BulkDock/TARGETS/Flavi_NS5_RdRp/aligned_files/d0615a/d0615a_hippo.pdb,kntiwork_primer_thumb_site_2_impure,d0174a,d0615a,,
CCCOCCC(O)c1cscn1,/opt/xchem-fragalysis-2/maxwin/BulkDock/TARGETS/Flavi_NS5_RdRp/aligned_files/d0174a/d0174a.pdb,kntiwork_primer_thumb_site_2_impure,d0174a,d0615a,,
CCCOCCC(O)c1cscn1,/opt/xchem-fragalysis-2/maxwin/BulkDock/TARGETS/Flavi_NS5_RdRp/aligned_files/d0615a/d0615a_hippo.pdb,kntiwork_primer_thumb_site_2_impure,d0174a,d0615a,,
C=C(COCC)C(O)c1cscn1,/opt/xchem-fragalysis-2/maxwin/BulkDock/TARGETS/Flavi_NS5_RdRp/aligned_files/d0174a/d0174a.pdb,kntiwork_primer_thumb_site_2_impure,d0174a,d0615a,,
C=C(COCC)C(O)c1cscn1,/opt/xchem-fragalysis-2/maxwin/BulkDock/TARGETS/Flavi_NS5_RdRp/aligned_files/d0615a/d0615a_hippo.pdb,kntiwork_primer_thumb_site_2_impure,d0174a,d0615a,,
CC(CC(C)C(F)F)NS(=O)(=O)Cc1cscn1,/opt/xchem-fragalysis-2/maxwin/BulkDock/TARGETS/Flavi_NS5_RdRp/aligned_files/d0174a/d0174a.pdb,kntiwork_primer_thumb_site_2_impure,d0174a,d0615a,,
CC(CC(C)C(F)F)NS(=O)(=O)Cc1cscn1,/opt/xchem-fragalysis-2/maxwin/BulkDock/TARGETS/Flavi_NS5_RdRp/aligned_files/d0615a/d0615a_hippo.pdb,kntiwork_primer_thumb_site_2_impure,d0174a,d0615a,,
CC(NS(=O)(=O)CCl)c1cncs1,/opt/xchem-fragalysis-2/maxwin/BulkDock/TARGETS/Flavi_NS5_RdRp/aligned_files/d0174a/d0174a.pdb,kntiwork_primer_thumb_site_2_impure,d0174a,d0615a,,
CC(NS(=O)(=O)CCl)c1cncs1,/opt/xchem-fragalysis-2/maxwin/BulkDock/TARGETS/Flavi_NS5_RdRp/aligned_files/d0615a/d0615a_hippo.pdb,kntiwork_primer_thumb_site_2_impure,d0174a,d0615a,,
CC#CCC(=O)C(O)c1cscn1,/opt/xchem-fragalysis-2/maxwin/BulkDock/TARGETS/Flavi_NS5_RdRp/aligned_files/d0174a/d0174a.pdb,kntiwork_primer_thumb_site_2_impure,d0174a,d0615a,,
CC#CCC(=O)C(O)c1cscn1,/opt/xchem-fragalysis-2/maxwin/BulkDock/TARGETS/Flavi_NS5_RdRp/aligned_files/d0615a/d0615a_hippo.pdb,kntiwork_primer_thumb_site_2_impure,d0174a,d0615a,,
CC(=O)CC(C)(O)c1cscn1,/opt/xchem-fragalysis-2/maxwin/BulkDock/TARGETS/Flavi_NS5_RdRp/aligned_files/d0174a/d0174a.pdb,kntiwork_primer_thumb_site_2_impure,d0174a,d0615a,,
CC(=O)CC(C)(O)c1cscn1,/opt/xchem-fragalysis-2/maxwin/BulkDock/TARGETS/Flavi_NS5_RdRp/aligned_files/d0615a/d0615a_hippo.pdb,kntiwork_primer_thumb_site_2_impure,d0174a,d0615a,,
COCC(C)(O)C(=O)c1cncs1,/opt/xchem-fragalysis-2/maxwin/BulkDock/TARGETS/Flavi_NS5_RdRp/aligned_files/d0174a/d0174a.pdb,kntiwork_primer_thumb_site_2_impure,d0174a,d0615a,,
COCC(C)(O)C(=O)c1cncs1,/opt/xchem-fragalysis-2/maxwin/BulkDock/TARGETS/Flavi_NS5_RdRp/aligned_files/d0615a/d0615a_hippo.pdb,kntiwork_primer_thumb_site_2_impure,d0174a,d0615a,,
CC(C)CC(O)C(=O)c1cscn1,/opt/xchem-fragalysis-2/maxwin/BulkDock/TARGETS/Flavi_NS5_RdRp/aligned_files/d0174a/d0174a.pdb,kntiwork_primer_thumb_site_2_impure,d0174a,d0615a,,
CC(C)CC(O)C(=O)c1cscn1,/opt/xchem-fragalysis-2/maxwin/BulkDock/TARGETS/Flavi_NS5_RdRp/aligned_files/d0615a/d0615a_hippo.pdb,kntiwork_primer_thumb_site_2_impure,d0174a,d0615a,,
CC(C)(F)CC(O)c1cscn1,/opt/xchem-fragalysis-2/maxwin/BulkDock/TARGETS/Flavi_NS5_RdRp/aligned_files/d0174a/d0174a.pdb,kntiwork_primer_thumb_site_2_impure,d0174a,d0615a,,
CC(C)(F)CC(O)c1cscn1,/opt/xchem-fragalysis-2/maxwin/BulkDock/TARGETS/Flavi_NS5_RdRp/aligned_files/d0615a/d0615a_hippo.pdb,kntiwork_primer_thumb_site_2_impure,d0174a,d0615a,,
CC(C)CN(C(=O)OC(C)(C)C)C(C#N)c1nccs1,/opt/xchem-fragalysis-2/maxwin/BulkDock/TARGETS/Flavi_NS5_RdRp/aligned_files/d0174a/d0174a.pdb,kntiwork_primer_thumb_site_2_impure,d0174a,d0615a,,
COCC(C)(O)c1cncs1,/opt/xchem-fragalysis-2/maxwin/BulkDock/TARGETS/Flavi_NS5_RdRp/aligned_files/d0174a/d0174a.pdb,kntiwork_primer_thumb_site_2_impure,d0174a,d0615a,,
COCC(C)(O)c1cncs1,/opt/xchem-fragalysis-2/maxwin/BulkDock/TARGETS/Flavi_NS5_RdRp/aligned_files/d0615a/d0615a_hippo.pdb,kntiwork_primer_thumb_site_2_impure,d0174a,d0615a,,
C=CC(C)(CC)NS(=O)(=O)c1cscn1,/opt/xchem-fragalysis-2/maxwin/BulkDock/TARGETS/Flavi_NS5_RdRp/aligned_files/d0174a/d0174a.pdb,kntiwork_primer_thumb_site_2_impure,d0174a,d0615a,,
C=CC(C)(CC)NS(=O)(=O)c1cscn1,/opt/xchem-fragalysis-2/maxwin/BulkDock/TARGETS/Flavi_NS5_RdRp/aligned_files/d0615a/d0615a_hippo.pdb,kntiwork_primer_thumb_site_2_impure,d0174a,d0615a,,
CC(NS(=O)(=O)CC(C)C(C)(F)F)c1nccs1,/opt/xchem-fragalysis-2/maxwin/BulkDock/TARGETS/Flavi_NS5_RdRp/aligned_files/d0174a/d0174a.pdb,kntiwork_primer_thumb_site_2_impure,d0174a,d0615a,,
CC(NS(=O)(=O)CC(C)C(C)(F)F)c1nccs1,/opt/xchem-fragalysis-2/maxwin/BulkDock/TARGETS/Flavi_NS5_RdRp/aligned_files/d0615a/d0615a_hippo.pdb,kntiwork_primer_thumb_site_2_impure,d0174a,d0615a,,
COC(C)(C)C(O)C(=O)c1cncs1,/opt/xchem-fragalysis-2/maxwin/BulkDock/TARGETS/Flavi_NS5_RdRp/aligned_files/d0174a/d0174a.pdb,kntiwork_primer_thumb_site_2_impure,d0174a,d0615a,,
COC(C)(C)C(O)C(=O)c1cncs1,/opt/xchem-fragalysis-2/maxwin/BulkDock/TARGETS/Flavi_NS5_RdRp/aligned_files/d0615a/d0615a_hippo.pdb,kntiwork_primer_thumb_site_2_impure,d0174a,d0615a,,
CCC(=O)C(C)(O)c1cncs1,/opt/xchem-fragalysis-2/maxwin/BulkDock/TARGETS/Flavi_NS5_RdRp/aligned_files/d0174a/d0174a.pdb,kntiwork_primer_thumb_site_2_impure,d0174a,d0615a,,
CCC(=O)C(C)(O)c1cncs1,/opt/xchem-fragalysis-2/maxwin/BulkDock/TARGETS/Flavi_NS5_RdRp/aligned_files/d0615a/d0615a_hippo.pdb,kntiwork_primer_thumb_site_2_impure,d0174a,d0615a,,
CC=CC(=O)C(O)c1cscn1,/opt/xchem-fragalysis-2/maxwin/BulkDock/TARGETS/Flavi_NS5_RdRp/aligned_files/d0174a/d0174a.pdb,kntiwork_primer_thumb_site_2_impure,d0174a,d0615a,,
CC=CC(=O)C(O)c1cscn1,/opt/xchem-fragalysis-2/maxwin/BulkDock/TARGETS/Flavi_NS5_RdRp/aligned_files/d0615a/d0615a_hippo.pdb,kntiwork_primer_thumb_site_2_impure,d0174a,d0615a,,
CCC(C)C(NS(=O)(=O)c1cscn1)C(F)(F)F,/opt/xchem-fragalysis-2/maxwin/BulkDock/TARGETS/Flavi_NS5_RdRp/aligned_files/d0174a/d0174a.pdb,kntiwork_primer_thumb_site_2_impure,d0174a,d0615a,,
CCC(C)C(NS(=O)(=O)c1cscn1)C(F)(F)F,/opt/xchem-fragalysis-2/maxwin/BulkDock/TARGETS/Flavi_NS5_RdRp/aligned_files/d0615a/d0615a_hippo.pdb,kntiwork_primer_thumb_site_2_impure,d0174a,d0615a,,
CC(NS(=O)(=O)CBr)c1cncs1,/opt/xchem-fragalysis-2/maxwin/BulkDock/TARGETS/Flavi_NS5_RdRp/aligned_files/d0174a/d0174a.pdb,kntiwork_primer_thumb_site_2_impure,d0174a,d0615a,,
CC(NS(=O)(=O)CBr)c1cncs1,/opt/xchem-fragalysis-2/maxwin/BulkDock/TARGETS/Flavi_NS5_RdRp/aligned_files/d0615a/d0615a_hippo.pdb,kntiwork_primer_thumb_site_2_impure,d0174a,d0615a,,
CC(C)CC(=O)C(O)c1cncs1,/opt/xchem-fragalysis-2/maxwin/BulkDock/TARGETS/Flavi_NS5_RdRp/aligned_files/d0174a/d0174a.pdb,kntiwork_primer_thumb_site_2_impure,d0174a,d0615a,,
CC(C)CC(=O)C(O)c1cncs1,/opt/xchem-fragalysis-2/maxwin/BulkDock/TARGETS/Flavi_NS5_RdRp/aligned_files/d0615a/d0615a_hippo.pdb,kntiwork_primer_thumb_site_2_impure,d0174a,d0615a,,
CCOC(C(C)C)C(O)c1cncs1,/opt/xchem-fragalysis-2/maxwin/BulkDock/TARGETS/Flavi_NS5_RdRp/aligned_files/d0174a/d0174a.pdb,kntiwork_primer_thumb_site_2_impure,d0174a,d0615a,,
CCOC(C(C)C)C(O)c1cncs1,/opt/xchem-fragalysis-2/maxwin/BulkDock/TARGETS/Flavi_NS5_RdRp/aligned_files/d0615a/d0615a_hippo.pdb,kntiwork_primer_thumb_site_2_impure,d0174a,d0615a,,
CC(O)(C(=O)c1cscn1)C(F)F,/opt/xchem-fragalysis-2/maxwin/BulkDock/TARGETS/Flavi_NS5_RdRp/aligned_files/d0174a/d0174a.pdb,kntiwork_primer_thumb_site_2_impure,d0174a,d0615a,,
CC(O)(C(=O)c1cscn1)C(F)F,/opt/xchem-fragalysis-2/maxwin/BulkDock/TARGETS/Flavi_NS5_RdRp/aligned_files/d0615a/d0615a_hippo.pdb,kntiwork_primer_thumb_site_2_impure,d0174a,d0615a,,
CC(C)OCCC(O)c1cscn1,/opt/xchem-fragalysis-2/maxwin/BulkDock/TARGETS/Flavi_NS5_RdRp/aligned_files/d0174a/d0174a.pdb,kntiwork_primer_thumb_site_2_impure,d0174a,d0615a,,
CC(C)OCCC(O)c1cscn1,/opt/xchem-fragalysis-2/maxwin/BulkDock/TARGETS/Flavi_NS5_RdRp/aligned_files/d0615a/d0615a_hippo.pdb,kntiwork_primer_thumb_site_2_impure,d0174a,d0615a,,
CCC(C)(O)C(=O)c1cscn1,/opt/xchem-fragalysis-2/maxwin/BulkDock/TARGETS/Flavi_NS5_RdRp/aligned_files/d0174a/d0174a.pdb,kntiwork_primer_thumb_site_2_impure,d0174a,d0615a,,
CCC(C)(O)C(=O)c1cscn1,/opt/xchem-fragalysis-2/maxwin/BulkDock/TARGETS/Flavi_NS5_RdRp/aligned_files/d0615a/d0615a_hippo.pdb,kntiwork_primer_thumb_site_2_impure,d0174a,d0615a,,
CC(O)=CC(=O)c1ccncc1,/opt/xchem-fragalysis-2/maxwin/BulkDock/TARGETS/Flavi_NS5_RdRp/aligned_files/d0174a/d0174a.pdb,kntiwork_primer_thumb_site_2_impure,d0174a,d0615a,,
CC(O)=CC(=O)c1ccncc1,/opt/xchem-fragalysis-2/maxwin/BulkDock/TARGETS/Flavi_NS5_RdRp/aligned_files/d0615a/d0615a_hippo.pdb,kntiwork_primer_thumb_site_2_impure,d0174a,d0615a,,
CCCS(=O)(=O)NC(C)c1cccnc1,/opt/xchem-fragalysis-2/maxwin/BulkDock/TARGETS/Flavi_NS5_RdRp/aligned_files/d0174a/d0174a.pdb,kntiwork_primer_thumb_site_2_impure,d0174a,d0615a,,
CCCS(=O)(=O)NC(C)c1cccnc1,/opt/xchem-fragalysis-2/maxwin/BulkDock/TARGETS/Flavi_NS5_RdRp/aligned_files/d0615a/d0615a_hippo.pdb,kntiwork_primer_thumb_site_2_impure,d0174a,d0615a,,
C=CCC(=O)C(O)c1ccncc1,/opt/xchem-fragalysis-2/maxwin/BulkDock/TARGETS/Flavi_NS5_RdRp/aligned_files/d0174a/d0174a.pdb,kntiwork_primer_thumb_site_2_impure,d0174a,d0615a,,
C=CCC(=O)C(O)c1ccncc1,/opt/xchem-fragalysis-2/maxwin/BulkDock/TARGETS/Flavi_NS5_RdRp/aligned_files/d0615a/d0615a_hippo.pdb,kntiwork_primer_thumb_site_2_impure,d0174a,d0615a,,
CCCCN(O)C(=O)c1ccccn1,/opt/xchem-fragalysis-2/maxwin/BulkDock/TARGETS/Flavi_NS5_RdRp/aligned_files/d0174a/d0174a.pdb,kntiwork_primer_thumb_site_2_impure,d0174a,d0615a,,
CCCCN(O)C(=O)c1ccccn1,/opt/xchem-fragalysis-2/maxwin/BulkDock/TARGETS/Flavi_NS5_RdRp/aligned_files/d0615a/d0615a_hippo.pdb,kntiwork_primer_thumb_site_2_impure,d0174a,d0615a,,
COC(=O)N(C)C(C)c1ccncc1,/opt/xchem-fragalysis-2/maxwin/BulkDock/TARGETS/Flavi_NS5_RdRp/aligned_files/d0174a/d0174a.pdb,kntiwork_primer_thumb_site_2_impure,d0174a,d0615a,,
COC(=O)N(C)C(C)c1ccncc1,/opt/xchem-fragalysis-2/maxwin/BulkDock/TARGETS/Flavi_NS5_RdRp/aligned_files/d0615a/d0615a_hippo.pdb,kntiwork_primer_thumb_site_2_impure,d0174a,d0615a,,
CC(CCNS(=O)(=O)Cc1ccncc1)C(F)F,/opt/xchem-fragalysis-2/maxwin/BulkDock/TARGETS/Flavi_NS5_RdRp/aligned_files/d0174a/d0174a.pdb,kntiwork_primer_thumb_site_2_impure,d0174a,d0615a,,
CC(CCNS(=O)(=O)Cc1ccncc1)C(F)F,/opt/xchem-fragalysis-2/maxwin/BulkDock/TARGETS/Flavi_NS5_RdRp/aligned_files/d0615a/d0615a_hippo.pdb,kntiwork_primer_thumb_site_2_impure,d0174a,d0615a,,
COC(=O)CC(C)(O)c1ccncc1,/opt/xchem-fragalysis-2/maxwin/BulkDock/TARGETS/Flavi_NS5_RdRp/aligned_files/d0174a/d0174a.pdb,kntiwork_primer_thumb_site_2_impure,d0174a,d0615a,,
COC(=O)CC(C)(O)c1ccncc1,/opt/xchem-fragalysis-2/maxwin/BulkDock/TARGETS/Flavi_NS5_RdRp/aligned_files/d0615a/d0615a_hippo.pdb,kntiwork_primer_thumb_site_2_impure,d0174a,d0615a,,
CCCC(NS(=O)(=O)CC(C)(C)C(F)(F)F)c1ccccn1,/opt/xchem-fragalysis-2/maxwin/BulkDock/TARGETS/Flavi_NS5_RdRp/aligned_files/d0174a/d0174a.pdb,kntiwork_primer_thumb_site_2_impure,d0174a,d0615a,,
CCCC(NS(=O)(=O)CC(C)(C)C(F)(F)F)c1ccccn1,/opt/xchem-fragalysis-2/maxwin/BulkDock/TARGETS/Flavi_NS5_RdRp/aligned_files/d0615a/d0615a_hippo.pdb,kntiwork_primer_thumb_site_2_impure,d0174a,d0615a,,
C=CCCCC(=O)C(O)c1ccncc1,/opt/xchem-fragalysis-2/maxwin/BulkDock/TARGETS/Flavi_NS5_RdRp/aligned_files/d0174a/d0174a.pdb,kntiwork_primer_thumb_site_2_impure,d0174a,d0615a,,
C=CCCCC(=O)C(O)c1ccncc1,/opt/xchem-fragalysis-2/maxwin/BulkDock/TARGETS/Flavi_NS5_RdRp/aligned_files/d0615a/d0615a_hippo.pdb,kntiwork_primer_thumb_site_2_impure,d0174a,d0615a,,
CCC(NS(=O)(=O)N(C)C)c1ccncc1,/opt/xchem-fragalysis-2/maxwin/BulkDock/TARGETS/Flavi_NS5_RdRp/aligned_files/d0174a/d0174a.pdb,kntiwork_primer_thumb_site_2_impure,d0174a,d0615a,,
CCC(NS(=O)(=O)N(C)C)c1ccncc1,/opt/xchem-fragalysis-2/maxwin/BulkDock/TARGETS/Flavi_NS5_RdRp/aligned_files/d0615a/d0615a_hippo.pdb,kntiwork_primer_thumb_site_2_impure,d0174a,d0615a,,
CC(O)(C(=O)C(F)F)c1ccccn1,/opt/xchem-fragalysis-2/maxwin/BulkDock/TARGETS/Flavi_NS5_RdRp/aligned_files/d0615a/d0615a_hippo.pdb,kntiwork_primer_thumb_site_2_impure,d0174a,d0615a,,
CC(O)(C=O)C(=O)c1cccnc1,/opt/xchem-fragalysis-2/maxwin/BulkDock/TARGETS/Flavi_NS5_RdRp/aligned_files/d0174a/d0174a.pdb,kntiwork_primer_thumb_site_2_impure,d0174a,d0615a,,
CC(O)(C=O)C(=O)c1cccnc1,/opt/xchem-fragalysis-2/maxwin/BulkDock/TARGETS/Flavi_NS5_RdRp/aligned_files/d0615a/d0615a_hippo.pdb,kntiwork_primer_thumb_site_2_impure,d0174a,d0615a,,
CC(NS(=O)(=O)CC#N)c1ccccn1,/opt/xchem-fragalysis-2/maxwin/BulkDock/TARGETS/Flavi_NS5_RdRp/aligned_files/d0174a/d0174a.pdb,kntiwork_primer_thumb_site_2_impure,d0174a,d0615a,,
CC(NS(=O)(=O)CC#N)c1ccccn1,/opt/xchem-fragalysis-2/maxwin/BulkDock/TARGETS/Flavi_NS5_RdRp/aligned_files/d0615a/d0615a_hippo.pdb,kntiwork_primer_thumb_site_2_impure,d0174a,d0615a,,
CC#CCC(=O)C(O)c1cccnc1,/opt/xchem-fragalysis-2/maxwin/BulkDock/TARGETS/Flavi_NS5_RdRp/aligned_files/d0174a/d0174a.pdb,kntiwork_primer_thumb_site_2_impure,d0174a,d0615a,,
CC#CCC(=O)C(O)c1cccnc1,/opt/xchem-fragalysis-2/maxwin/BulkDock/TARGETS/Flavi_NS5_RdRp/aligned_files/d0615a/d0615a_hippo.pdb,kntiwork_primer_thumb_site_2_impure,d0174a,d0615a,,
CCC(NS(=O)(=O)CCC(C)C)c1ccccn1,/opt/xchem-fragalysis-2/maxwin/BulkDock/TARGETS/Flavi_NS5_RdRp/aligned_files/d0174a/d0174a.pdb,kntiwork_primer_thumb_site_2_impure,d0174a,d0615a,,
CCC(NS(=O)(=O)CCC(C)C)c1ccccn1,/opt/xchem-fragalysis-2/maxwin/BulkDock/TARGETS/Flavi_NS5_RdRp/aligned_files/d0615a/d0615a_hippo.pdb,kntiwork_primer_thumb_site_2_impure,d0174a,d0615a,,
COCC(O)C(=O)c1cccnc1,/opt/xchem-fragalysis-2/maxwin/BulkDock/TARGETS/Flavi_NS5_RdRp/aligned_files/d0174a/d0174a.pdb,kntiwork_primer_thumb_site_2_impure,d0174a,d0615a,,
COCC(O)C(=O)c1cccnc1,/opt/xchem-fragalysis-2/maxwin/BulkDock/TARGETS/Flavi_NS5_RdRp/aligned_files/d0615a/d0615a_hippo.pdb,kntiwork_primer_thumb_site_2_impure,d0174a,d0615a,,
CCCC(C)C(=O)C(O)c1cccnc1,/opt/xchem-fragalysis-2/maxwin/BulkDock/TARGETS/Flavi_NS5_RdRp/aligned_files/d0174a/d0174a.pdb,kntiwork_primer_thumb_site_2_impure,d0174a,d0615a,,
CCCC(C)C(=O)C(O)c1cccnc1,/opt/xchem-fragalysis-2/maxwin/BulkDock/TARGETS/Flavi_NS5_RdRp/aligned_files/d0615a/d0615a_hippo.pdb,kntiwork_primer_thumb_site_2_impure,d0174a,d0615a,,
CCCOCC(=O)C(O)c1cccnc1,/opt/xchem-fragalysis-2/maxwin/BulkDock/TARGETS/Flavi_NS5_RdRp/aligned_files/d0174a/d0174a.pdb,kntiwork_primer_thumb_site_2_impure,d0174a,d0615a,,
CCCOCC(=O)C(O)c1cccnc1,/opt/xchem-fragalysis-2/maxwin/BulkDock/TARGETS/Flavi_NS5_RdRp/aligned_files/d0615a/d0615a_hippo.pdb,kntiwork_primer_thumb_site_2_impure,d0174a,d0615a,,
CCCN(O)C(=O)c1ccccn1,/opt/xchem-fragalysis-2/maxwin/BulkDock/TARGETS/Flavi_NS5_RdRp/aligned_files/d0174a/d0174a.pdb,kntiwork_primer_thumb_site_2_impure,d0174a,d0615a,,
CCCN(O)C(=O)c1ccccn1,/opt/xchem-fragalysis-2/maxwin/BulkDock/TARGETS/Flavi_NS5_RdRp/aligned_files/d0615a/d0615a_hippo.pdb,kntiwork_primer_thumb_site_2_impure,d0174a,d0615a,,
CCC(C)CC(O)C(=O)c1cccnc1,/opt/xchem-fragalysis-2/maxwin/BulkDock/TARGETS/Flavi_NS5_RdRp/aligned_files/d0174a/d0174a.pdb,kntiwork_primer_thumb_site_2_impure,d0174a,d0615a,,
CCC(C)CC(O)C(=O)c1cccnc1,/opt/xchem-fragalysis-2/maxwin/BulkDock/TARGETS/Flavi_NS5_RdRp/aligned_files/d0615a/d0615a_hippo.pdb,kntiwork_primer_thumb_site_2_impure,d0174a,d0615a,,
CC(C)CC(C)CS(=O)(=O)NC(C)c1ccncc1,/opt/xchem-fragalysis-2/maxwin/BulkDock/TARGETS/Flavi_NS5_RdRp/aligned_files/d0174a/d0174a.pdb,kntiwork_primer_thumb_site_2_impure,d0174a,d0615a,,
CC(C)CC(C)CS(=O)(=O)NC(C)c1ccncc1,/opt/xchem-fragalysis-2/maxwin/BulkDock/TARGETS/Flavi_NS5_RdRp/aligned_files/d0615a/d0615a_hippo.pdb,kntiwork_primer_thumb_site_2_impure,d0174a,d0615a,,
CCCC(OC)C(O)c1ccccn1,/opt/xchem-fragalysis-2/maxwin/BulkDock/TARGETS/Flavi_NS5_RdRp/aligned_files/d0174a/d0174a.pdb,kntiwork_primer_thumb_site_2_impure,d0174a,d0615a,,
CCCC(OC)C(O)c1ccccn1,/opt/xchem-fragalysis-2/maxwin/BulkDock/TARGETS/Flavi_NS5_RdRp/aligned_files/d0615a/d0615a_hippo.pdb,kntiwork_primer_thumb_site_2_impure,d0174a,d0615a,,
C=C(COC(C)C)C(O)c1cccnc1,/opt/xchem-fragalysis-2/maxwin/BulkDock/TARGETS/Flavi_NS5_RdRp/aligned_files/d0174a/d0174a.pdb,kntiwork_primer_thumb_site_2_impure,d0174a,d0615a,,
C=C(COC(C)C)C(O)c1cccnc1,/opt/xchem-fragalysis-2/maxwin/BulkDock/TARGETS/Flavi_NS5_RdRp/aligned_files/d0615a/d0615a_hippo.pdb,kntiwork_primer_thumb_site_2_impure,d0174a,d0615a,,
CC(C)=CC(=O)C(C)(O)c1cccnc1,/opt/xchem-fragalysis-2/maxwin/BulkDock/TARGETS/Flavi_NS5_RdRp/aligned_files/d0174a/d0174a.pdb,kntiwork_primer_thumb_site_2_impure,d0174a,d0615a,,
CC(C)=CC(=O)C(C)(O)c1cccnc1,/opt/xchem-fragalysis-2/maxwin/BulkDock/TARGETS/Flavi_NS5_RdRp/aligned_files/d0615a/d0615a_hippo.pdb,kntiwork_primer_thumb_site_2_impure,d0174a,d0615a,,
CC(C)C(NS(C)(=O)=O)c1ccncc1,/opt/xchem-fragalysis-2/maxwin/BulkDock/TARGETS/Flavi_NS5_RdRp/aligned_files/d0174a/d0174a.pdb,kntiwork_primer_thumb_site_2_impure,d0174a,d0615a,,
CC(C)C(NS(C)(=O)=O)c1ccncc1,/opt/xchem-fragalysis-2/maxwin/BulkDock/TARGETS/Flavi_NS5_RdRp/aligned_files/d0615a/d0615a_hippo.pdb,kntiwork_primer_thumb_site_2_impure,d0174a,d0615a,,
CC(C)(O)C(=O)c1cccnc1,/opt/xchem-fragalysis-2/maxwin/BulkDock/TARGETS/Flavi_NS5_RdRp/aligned_files/d0174a/d0174a.pdb,kntiwork_primer_thumb_site_2_impure,d0174a,d0615a,,
CC(C)(O)C(=O)c1cccnc1,/opt/xchem-fragalysis-2/maxwin/BulkDock/TARGETS/Flavi_NS5_RdRp/aligned_files/d0615a/d0615a_hippo.pdb,kntiwork_primer_thumb_site_2_impure,d0174a,d0615a,,
CC(C)C(=O)C(O)c1cccnc1,/opt/xchem-fragalysis-2/maxwin/BulkDock/TARGETS/Flavi_NS5_RdRp/aligned_files/d0174a/d0174a.pdb,kntiwork_primer_thumb_site_2_impure,d0174a,d0615a,,
CC(C)C(=O)C(O)c1cccnc1,/opt/xchem-fragalysis-2/maxwin/BulkDock/TARGETS/Flavi_NS5_RdRp/aligned_files/d0615a/d0615a_hippo.pdb,kntiwork_primer_thumb_site_2_impure,d0174a,d0615a,,
CC(NS(C)(=O)=O)c1ccccn1,/opt/xchem-fragalysis-2/maxwin/BulkDock/TARGETS/Flavi_NS5_RdRp/aligned_files/d0174a/d0174a.pdb,kntiwork_primer_thumb_site_2_impure,d0174a,d0615a,,
CC(NS(C)(=O)=O)c1ccccn1,/opt/xchem-fragalysis-2/maxwin/BulkDock/TARGETS/Flavi_NS5_RdRp/aligned_files/d0615a/d0615a_hippo.pdb,kntiwork_primer_thumb_site_2_impure,d0174a,d0615a,,
C=C(C(=O)OC)C(O)c1ccncc1,/opt/xchem-fragalysis-2/maxwin/BulkDock/TARGETS/Flavi_NS5_RdRp/aligned_files/d0174a/d0174a.pdb,kntiwork_primer_thumb_site_2_impure,d0174a,d0615a,,
C=C(C(=O)OC)C(O)c1ccncc1,/opt/xchem-fragalysis-2/maxwin/BulkDock/TARGETS/Flavi_NS5_RdRp/aligned_files/d0615a/d0615a_hippo.pdb,kntiwork_primer_thumb_site_2_impure,d0174a,d0615a,,
CCCOCCC(O)c1ccccn1,/opt/xchem-fragalysis-2/maxwin/BulkDock/TARGETS/Flavi_NS5_RdRp/aligned_files/d0174a/d0174a.pdb,kntiwork_primer_thumb_site_2_impure,d0174a,d0615a,,
CCCOCCC(O)c1ccccn1,/opt/xchem-fragalysis-2/maxwin/BulkDock/TARGETS/Flavi_NS5_RdRp/aligned_files/d0615a/d0615a_hippo.pdb,kntiwork_primer_thumb_site_2_impure,d0174a,d0615a,,
COCC(=O)C(C)(O)c1ccccn1,/opt/xchem-fragalysis-2/maxwin/BulkDock/TARGETS/Flavi_NS5_RdRp/aligned_files/d0174a/d0174a.pdb,kntiwork_primer_thumb_site_2_impure,d0174a,d0615a,,
COCC(=O)C(C)(O)c1ccccn1,/opt/xchem-fragalysis-2/maxwin/BulkDock/TARGETS/Flavi_NS5_RdRp/aligned_files/d0615a/d0615a_hippo.pdb,kntiwork_primer_thumb_site_2_impure,d0174a,d0615a,,
COC(=O)C(C)(O)c1ccccn1,/opt/xchem-fragalysis-2/maxwin/BulkDock/TARGETS/Flavi_NS5_RdRp/aligned_files/d0174a/d0174a.pdb,kntiwork_primer_thumb_site_2_impure,d0174a,d0615a,,
COC(=O)C(C)(O)c1ccccn1,/opt/xchem-fragalysis-2/maxwin/BulkDock/TARGETS/Flavi_NS5_RdRp/aligned_files/d0615a/d0615a_hippo.pdb,kntiwork_primer_thumb_site_2_impure,d0174a,d0615a,,
CC(C)=CC(=O)C(O)c1ccncc1,/opt/xchem-fragalysis-2/maxwin/BulkDock/TARGETS/Flavi_NS5_RdRp/aligned_files/d0174a/d0174a.pdb,kntiwork_primer_thumb_site_2_impure,d0174a,d0615a,,
CC(C)=CC(=O)C(O)c1ccncc1,/opt/xchem-fragalysis-2/maxwin/BulkDock/TARGETS/Flavi_NS5_RdRp/aligned_files/d0615a/d0615a_hippo.pdb,kntiwork_primer_thumb_site_2_impure,d0174a,d0615a,,
COC(=O)CCCCCS(=O)(=O)NC(c1ccccn1)C(C)C,/opt/xchem-fragalysis-2/maxwin/BulkDock/TARGETS/Flavi_NS5_RdRp/aligned_files/d0174a/d0174a.pdb,kntiwork_primer_thumb_site_2_impure,d0174a,d0615a,,
COC(=O)CCCCCS(=O)(=O)NC(c1ccccn1)C(C)C,/opt/xchem-fragalysis-2/maxwin/BulkDock/TARGETS/Flavi_NS5_RdRp/aligned_files/d0615a/d0615a_hippo.pdb,kntiwork_primer_thumb_site_2_impure,d0174a,d0615a,,
CCCC(c1ccccn1)N(C)C(=O)OCCC(C)C,/opt/xchem-fragalysis-2/maxwin/BulkDock/TARGETS/Flavi_NS5_RdRp/aligned_files/d0174a/d0174a.pdb,kntiwork_primer_thumb_site_2_impure,d0174a,d0615a,,
CCCC(c1ccccn1)N(C)C(=O)OCCC(C)C,/opt/xchem-fragalysis-2/maxwin/BulkDock/TARGETS/Flavi_NS5_RdRp/aligned_files/d0615a/d0615a_hippo.pdb,kntiwork_primer_thumb_site_2_impure,d0174a,d0615a,,
CS(=O)(=O)CC(O)c1cccnc1,/opt/xchem-fragalysis-2/maxwin/BulkDock/TARGETS/Flavi_NS5_RdRp/aligned_files/d0174a/d0174a.pdb,kntiwork_primer_thumb_site_2_impure,d0174a,d0615a,,
CS(=O)(=O)CC(O)c1cccnc1,/opt/xchem-fragalysis-2/maxwin/BulkDock/TARGETS/Flavi_NS5_RdRp/aligned_files/d0615a/d0615a_hippo.pdb,kntiwork_primer_thumb_site_2_impure,d0174a,d0615a,,
CC(C)(C)CC(=O)C(O)c1ccccn1,/opt/xchem-fragalysis-2/maxwin/BulkDock/TARGETS/Flavi_NS5_RdRp/aligned_files/d0174a/d0174a.pdb,kntiwork_primer_thumb_site_2_impure,d0174a,d0615a,,
CC(C)(C)CC(=O)C(O)c1ccccn1,/opt/xchem-fragalysis-2/maxwin/BulkDock/TARGETS/Flavi_NS5_RdRp/aligned_files/d0615a/d0615a_hippo.pdb,kntiwork_primer_thumb_site_2_impure,d0174a,d0615a,,
CCCOCC(O)c1cccnc1,/opt/xchem-fragalysis-2/maxwin/BulkDock/TARGETS/Flavi_NS5_RdRp/aligned_files/d0174a/d0174a.pdb,kntiwork_primer_thumb_site_2_impure,d0174a,d0615a,,
CCCOCC(O)c1cccnc1,/opt/xchem-fragalysis-2/maxwin/BulkDock/TARGETS/Flavi_NS5_RdRp/aligned_files/d0615a/d0615a_hippo.pdb,kntiwork_primer_thumb_site_2_impure,d0174a,d0615a,,
CC(C)(C)OCC(O)c1ccccn1,/opt/xchem-fragalysis-2/maxwin/BulkDock/TARGETS/Flavi_NS5_RdRp/aligned_files/d0174a/d0174a.pdb,kntiwork_primer_thumb_site_2_impure,d0174a,d0615a,,
CC(C)(C)OCC(O)c1ccccn1,/opt/xchem-fragalysis-2/maxwin/BulkDock/TARGETS/Flavi_NS5_RdRp/aligned_files/d0615a/d0615a_hippo.pdb,kntiwork_primer_thumb_site_2_impure,d0174a,d0615a,,
CCC(NS(=O)(=O)CCC(F)(F)C(F)F)c1cccnc1,/opt/xchem-fragalysis-2/maxwin/BulkDock/TARGETS/Flavi_NS5_RdRp/aligned_files/d0174a/d0174a.pdb,kntiwork_primer_thumb_site_2_impure,d0174a,d0615a,,
CCC(NS(=O)(=O)CCC(F)(F)C(F)F)c1cccnc1,/opt/xchem-fragalysis-2/maxwin/BulkDock/TARGETS/Flavi_NS5_RdRp/aligned_files/d0615a/d0615a_hippo.pdb,kntiwork_primer_thumb_site_2_impure,d0174a,d0615a,,
CC(C)C1NC(=O)N(C(F)CO)C1=O,/opt/xchem-fragalysis-2/maxwin/BulkDock/TARGETS/Flavi_NS5_RdRp/aligned_files/d0174a/d0174a.pdb,kntiwork_primer_thumb_site_2_impure,d0174a,d0376a,,
CC(C)C1NC(=O)N(C(F)CO)C1=O,/opt/xchem-fragalysis-2/maxwin/BulkDock/TARGETS/Flavi_NS5_RdRp/aligned_files/d0376a/d0376a.pdb,kntiwork_primer_thumb_site_2_impure,d0174a,d0376a,,
CCCc1nnc(NS(=O)(=O)c2ccc3c(c2)OCCO3)s1,/opt/xchem-fragalysis-2/maxwin/BulkDock/TARGETS/Flavi_NS5_RdRp/aligned_files/d0174a/d0174a.pdb,kntiwork_primer_thumb_site_2_impure,d0174a,d0376a,,
CCCc1nnc(NS(=O)(=O)c2ccc3c(c2)OCCO3)s1,/opt/xchem-fragalysis-2/maxwin/BulkDock/TARGETS/Flavi_NS5_RdRp/aligned_files/d0376a/d0376a.pdb,kntiwork_primer_thumb_site_2_impure,d0174a,d0376a,,
CCCn1ccc(CNCc2ccc3c(n2)OCCO3)n1,/opt/xchem-fragalysis-2/maxwin/BulkDock/TARGETS/Flavi_NS5_RdRp/aligned_files/d0376a/d0376a.pdb,kntiwork_primer_thumb_site_2_impure,d0174a,d0376a,,
O=c1ccc(-c2cccnc2)nn1CC1=NOC2OCCCC12,/opt/xchem-fragalysis-2/maxwin/BulkDock/TARGETS/Flavi_NS5_RdRp/aligned_files/d0615a/d0615a_hippo.pdb,kntiwork_primer_thumb_site_2_impure,d0379a,d0615a,,
O=c1ccc(-c2cccnc2)nn1Cc1nsc2ccccc12,/opt/xchem-fragalysis-2/maxwin/BulkDock/TARGETS/Flavi_NS5_RdRp/aligned_files/d0615a/d0615a_hippo.pdb,kntiwork_primer_thumb_site_2_impure,d0379a,d0615a,,
O=S(=O)(CCc1cnoc1)NC(c1ccncc1)C1CCC1,/opt/xchem-fragalysis-2/maxwin/BulkDock/TARGETS/Flavi_NS5_RdRp/aligned_files/d0174a/d0174a.pdb,kntiwork_primer_thumb_site_2_impure,d0174a,d0615a,d0759a,
O=S(=O)(CCc1cnoc1)NC(c1ccncc1)C1CCC1,/opt/xchem-fragalysis-2/maxwin/BulkDock/TARGETS/Flavi_NS5_RdRp/aligned_files/d0615a/d0615a_hippo.pdb,kntiwork_primer_thumb_site_2_impure,d0174a,d0615a,,
O=S(=O)(CCn1cccn1)NC(c1ccncc1)C1CC1,/opt/xchem-fragalysis-2/maxwin/BulkDock/TARGETS/Flavi_NS5_RdRp/aligned_files/d0174a/d0174a.pdb,kntiwork_primer_thumb_site_2_impure,d0174a,d0615a,,
O=S(=O)(CCn1cccn1)NC(c1ccncc1)C1CC1,/opt/xchem-fragalysis-2/maxwin/BulkDock/TARGETS/Flavi_NS5_RdRp/aligned_files/d0615a/d0615a_hippo.pdb,kntiwork_primer_thumb_site_2_impure,d0174a,d0615a,,
CC1(CNS(=O)(=O)CCn2cccn2)COc2ccccc2O1,/opt/xchem-fragalysis-2/maxwin/BulkDock/TARGETS/Flavi_NS5_RdRp/aligned_files/d0615a/d0615a_hippo.pdb,kntiwork_primer_thumb_site_2_impure,d0174a,d0615a,,
O=S(=O)(CCc1cnoc1)NC(c1cccnc1)C1CC1,/opt/xchem-fragalysis-2/maxwin/BulkDock/TARGETS/Flavi_NS5_RdRp/aligned_files/d0174a/d0174a.pdb,kntiwork_primer_thumb_site_2_impure,d0174a,d0615a,,
O=S(=O)(CCc1cnoc1)NC(c1cccnc1)C1CC1,/opt/xchem-fragalysis-2/maxwin/BulkDock/TARGETS/Flavi_NS5_RdRp/aligned_files/d0615a/d0615a_hippo.pdb,kntiwork_primer_thumb_site_2_impure,d0174a,d0615a,,
O=S(=O)(CCc1cnoc1)NC(c1ccccc1)c1cccnc1,/opt/xchem-fragalysis-2/maxwin/BulkDock/TARGETS/Flavi_NS5_RdRp/aligned_files/d0174a/d0174a.pdb,kntiwork_primer_thumb_site_2_impure,d0174a,d0615a,,
O=S(=O)(CCc1cnoc1)NC(c1ccccc1)c1cccnc1,/opt/xchem-fragalysis-2/maxwin/BulkDock/TARGETS/Flavi_NS5_RdRp/aligned_files/d0615a/d0615a_hippo.pdb,kntiwork_primer_thumb_site_2_impure,d0174a,d0615a,,
CCC(NS(=O)(=O)c1coc2ccccc12)C(C)C,/opt/xchem-fragalysis-2/maxwin/BulkDock/TARGETS/Flavi_NS5_RdRp/aligned_files/d0787a/d0787a.pdb,kntiwork_primer_thumb_site_2_impure,d0174a,d0787a,,
CCC(C#N)NS(=O)(=O)c1coc2ccccc12,/opt/xchem-fragalysis-2/maxwin/BulkDock/TARGETS/Flavi_NS5_RdRp/aligned_files/d0787a/d0787a.pdb,kntiwork_primer_thumb_site_2_impure,d0174a,d0787a,,
O=C1C=C(c2ccccn2)CCCC1,/opt/xchem-fragalysis-2/maxwin/BulkDock/TARGETS/Flavi_NS5_RdRp/aligned_files/d0566a/d0566a.pdb,kntiwork_primer_thumb_site_2_impure,d0566a,d0615a,,
O=C1C=C(c2ccccn2)CCCC1,/opt/xchem-fragalysis-2/maxwin/BulkDock/TARGETS/Flavi_NS5_RdRp/aligned_files/d0615a/d0615a_hippo.pdb,kntiwork_primer_thumb_site_2_impure,d0566a,d0615a,,
