,smiles,inchi_key,error_type,error_message,1_r1_smiles,1_r2_smiles,1_reaction,compound_set,hit1,hit2,hit3,num_placed,num_successful,route_uuid,template,to_hippo,total_num_products_enumstereo,total_num_unique_products,2_r1_smiles,2_r2_smiles,2_reaction
0,O=C1CCCCN1CCCNc1ccnc2ccc([N+](=O)[O-])cc12,FRNXPLHZHRXKEC-UHFFFAOYSA-N,,,O=[N+]([O-])c1ccc2nccc(Br)c2c1,NCCCN1CCCCC1=O,Buchwald-Hartwig_amination,C54938,z1018a,z1040a,,5767.0,2442.0,HyfKkM,/opt/xchem-fragalysis-2/maxwin/RdRp_FFF/syndirella/mar_elabs/templates/z1018a_apo-desolv.pdb,/opt/xchem-fragalysis-2/maxwin/RdRp_FFF/syndirella/mar_elabs/elabs_030/FRNXPLHZHRXKEC-UHFFFAOYSA-N/FRNXPLHZHRXKEC-UHFFFAOYSA-N_HyfKkM_to_hippo.pkl.gz,5767.0,1786.0,,,
1,O=C1CCCCN1CCCNc1ccnc2ccc([N+](=O)[O-])cc12,FRNXPLHZHRXKEC-UHFFFAOYSA-N,,,O=[N+]([O-])c1ccc2nccc(Br)c2c1,NCCCN1CCCCC1=O,Buchwald-Hartwig_amination,C54938,z1018a,z1040a,,5852.0,2518.0,xSWTih,/opt/xchem-fragalysis-2/maxwin/RdRp_FFF/syndirella/mar_elabs/templates/z1018a_apo-desolv.pdb,/opt/xchem-fragalysis-2/maxwin/RdRp_FFF/syndirella/mar_elabs/elabs_030/FRNXPLHZHRXKEC-UHFFFAOYSA-N/FRNXPLHZHRXKEC-UHFFFAOYSA-N_xSWTih_to_hippo.pkl.gz,5852.0,1786.0,,,
0,CCS(=O)(=O)NCc1ccc(C(=O)N2CC(=O)N2)cc1,KAFGNTYOOWFSHX-UHFFFAOYSA-N,,,O=C1CNN1,CCS(=O)(=O)NCc1ccc(C(=O)O)cc1,Amidation,C3098,d0174a,d0566a,,10000.0,5016.0,ydHRJ2,/opt/xchem-fragalysis-2/maxwin/RdRp_FFF/syndirella/mar_elabs/templates/d0174a_apo-desolv.pdb,/opt/xchem-fragalysis-2/maxwin/RdRp_FFF/syndirella/mar_elabs/elabs_000/KAFGNTYOOWFSHX-UHFFFAOYSA-N/KAFGNTYOOWFSHX-UHFFFAOYSA-N_ydHRJ2_to_hippo.pkl.gz,34437.0,9715.0,,,
1,CCS(=O)(=O)NCc1ccc(C(=O)N2CC(=O)N2)cc1,KAFGNTYOOWFSHX-UHFFFAOYSA-N,,,O=C1CNN1,CCS(=O)(=O)NCc1ccc(C(=O)O)cc1,Amidation,C3098,d0174a,d0566a,,10000.0,5195.0,QwjC2V,/opt/xchem-fragalysis-2/maxwin/RdRp_FFF/syndirella/mar_elabs/templates/d0174a_apo-desolv.pdb,/opt/xchem-fragalysis-2/maxwin/RdRp_FFF/syndirella/mar_elabs/elabs_000/KAFGNTYOOWFSHX-UHFFFAOYSA-N/KAFGNTYOOWFSHX-UHFFFAOYSA-N_QwjC2V_to_hippo.pkl.gz,34455.0,9715.0,,,
0,O=C(Nc1ccc(Cl)c2ncccc12)c1ccncc1,YAOSTISNIUSXMX-UHFFFAOYSA-N,,,O=C(O)c1ccncc1,Nc1ccc(Cl)c2ncccc12,Amidation,C29639,z0221a,z1040a,,10000.0,2547.0,kzFKyu,/opt/xchem-fragalysis-2/maxwin/RdRp_FFF/syndirella/mar_elabs/templates/z0221a_apo-desolv.pdb,/opt/xchem-fragalysis-2/maxwin/RdRp_FFF/syndirella/mar_elabs/elabs_005/YAOSTISNIUSXMX-UHFFFAOYSA-N/YAOSTISNIUSXMX-UHFFFAOYSA-N_kzFKyu_to_hippo.pkl.gz,13100.0,10900.0,,,
0,O=C(Cc1cc2ccccc2o1)NCc1nsc2ccccc12,ZAXPKNMZZARUDB-UHFFFAOYSA-N,,,O=C(O)Cc1cc2ccccc2o1,NCc1nsc2ccccc12,Amidation,C55535,z0111a,3vws-b,,10000.0,7766.0,TSNBqG,/opt/xchem-fragalysis-2/maxwin/RdRp_FFF/syndirella/mar_elabs/templates/z0111a_apo-desolv.pdb,/opt/xchem-fragalysis-2/maxwin/RdRp_FFF/syndirella/mar_elabs/elabs_007/ZAXPKNMZZARUDB-UHFFFAOYSA-N/ZAXPKNMZZARUDB-UHFFFAOYSA-N_TSNBqG_to_hippo.pkl.gz,18444.0,10588.0,,,
0,CCn1cc(NC(=O)CCCc2csc3ccccc23)cn1,SEXBZMJMGRUWGS-UHFFFAOYSA-N,,,O=C(O)CCCc1csc2ccccc12,CCn1cc(N)cn1,Amidation,C28301,z0653a,3vws-a,,10000.0,1654.0,c7BoH5,/opt/xchem-fragalysis-2/maxwin/RdRp_FFF/syndirella/mar_elabs/templates/z0653a_apo-desolv.pdb,/opt/xchem-fragalysis-2/maxwin/RdRp_FFF/syndirella/mar_elabs/elabs_014/SEXBZMJMGRUWGS-UHFFFAOYSA-N/SEXBZMJMGRUWGS-UHFFFAOYSA-N_c7BoH5_to_hippo.pkl.gz,23956.0,10500.0,,,
0,COc1ccc2cccnc2c1CNC(=O)CCN1CCCC1=O,GNOBTQCXYBMFAB-UHFFFAOYSA-N,,,O=C(O)CCN1CCCC1=O,COc1ccc2cccnc2c1CN,Amidation,C65434,z1018a,z1040a,,5545.0,1886.0,ATHL5e,/opt/xchem-fragalysis-2/maxwin/RdRp_FFF/syndirella/mar_elabs/templates/z1018a_apo-desolv.pdb,/opt/xchem-fragalysis-2/maxwin/RdRp_FFF/syndirella/mar_elabs/elabs_013/GNOBTQCXYBMFAB-UHFFFAOYSA-N/GNOBTQCXYBMFAB-UHFFFAOYSA-N_ATHL5e_to_hippo.pkl.gz,5545.0,1754.0,,,
0,CC(NC(=O)c1ccnc(-n2cccc2)c1)c1ncc[nH]1,DNLUSRYLIQAQAE-UHFFFAOYSA-N,,,O=C(O)c1ccnc(-n2cccc2)c1,CC(N)c1ncc[nH]1,Amidation,C19774,d0472a,z0103a,,10000.0,7621.0,jwa3dr,/opt/xchem-fragalysis-2/maxwin/RdRp_FFF/syndirella/mar_elabs/templates/d0472a_apo-desolv.pdb,/opt/xchem-fragalysis-2/maxwin/RdRp_FFF/syndirella/mar_elabs/elabs_010/DNLUSRYLIQAQAE-UHFFFAOYSA-N/DNLUSRYLIQAQAE-UHFFFAOYSA-N_jwa3dr_to_hippo.pkl.gz,10047.0,5202.0,,,
0,O=C(Cc1noc2ccccc12)NCCc1cc2ccccc2o1,LQQWCINYCCMFRV-UHFFFAOYSA-N,,,NCCc1cc2ccccc2o1,CCOC(=O)Cc1noc2ccccc12,Ester_amidation,C56786,z0111a,3vws-b,,9575.0,7727.0,aqL3HJ,/opt/xchem-fragalysis-2/maxwin/RdRp_FFF/syndirella/mar_elabs/templates/z0111a_apo-desolv.pdb,/opt/xchem-fragalysis-2/maxwin/RdRp_FFF/syndirella/mar_elabs/elabs_023/LQQWCINYCCMFRV-UHFFFAOYSA-N/LQQWCINYCCMFRV-UHFFFAOYSA-N_aqL3HJ_to_hippo.pkl.gz,9575.0,5185.0,,,
1,O=C(Cc1noc2ccccc12)NCCc1cc2ccccc2o1,LQQWCINYCCMFRV-UHFFFAOYSA-N,,,NCCc1cc2ccccc2o1,CCOC(=O)Cc1noc2ccccc12,Ester_amidation,C56786,z0111a,3vws-b,,9575.0,7729.0,iqLUAK,/opt/xchem-fragalysis-2/maxwin/RdRp_FFF/syndirella/mar_elabs/templates/z0111a_apo-desolv.pdb,/opt/xchem-fragalysis-2/maxwin/RdRp_FFF/syndirella/mar_elabs/elabs_023/LQQWCINYCCMFRV-UHFFFAOYSA-N/LQQWCINYCCMFRV-UHFFFAOYSA-N_iqLUAK_to_hippo.pkl.gz,9575.0,5185.0,,,
2,O=C(Cc1noc2ccccc12)NCCc1cc2ccccc2o1,LQQWCINYCCMFRV-UHFFFAOYSA-N,,,O[C:1](Cc1noc2ccccc12)=[O:2],NCCc1cc2ccccc2o1,Amidation,C56786,z0111a,3vws-b,,10000.0,8305.0,zCkLE8,/opt/xchem-fragalysis-2/maxwin/RdRp_FFF/syndirella/mar_elabs/templates/z0111a_apo-desolv.pdb,/opt/xchem-fragalysis-2/maxwin/RdRp_FFF/syndirella/mar_elabs/elabs_023/LQQWCINYCCMFRV-UHFFFAOYSA-N/LQQWCINYCCMFRV-UHFFFAOYSA-N_zCkLE8_to_hippo.pkl.gz,18727.0,10471.0,,,
0,O=C(NCCN1CCCC1=O)c1cc(O)nc2ccccc12,NLPSSNMFGBLZAP-UHFFFAOYSA-N,,,O=C(O)c1cc(O)nc2ccccc12,NCCN1CCCC1=O,Amidation,C65691,z1018a,z1040a,,10000.0,4208.0,FPqWEK,/opt/xchem-fragalysis-2/maxwin/RdRp_FFF/syndirella/mar_elabs/templates/z1018a_apo-desolv.pdb,/opt/xchem-fragalysis-2/maxwin/RdRp_FFF/syndirella/mar_elabs/elabs_024/NLPSSNMFGBLZAP-UHFFFAOYSA-N/NLPSSNMFGBLZAP-UHFFFAOYSA-N_FPqWEK_to_hippo.pkl.gz,22900.0,10200.0,,,
0,O=C(Nc1cccnc1C1CC1)c1cn[nH]c1,OUADHXQUGPVFPL-UHFFFAOYSA-N,,,O=C(O)c1cn[nH]c1,Nc1cccnc1C1CC1,Amidation,C20299,d0160a,d0472a,,10000.0,6668.0,DvyXmN,/opt/xchem-fragalysis-2/maxwin/RdRp_FFF/syndirella/mar_elabs/templates/d0160a_apo-desolv.pdb,/opt/xchem-fragalysis-2/maxwin/RdRp_FFF/syndirella/mar_elabs/elabs_003/OUADHXQUGPVFPL-UHFFFAOYSA-N/OUADHXQUGPVFPL-UHFFFAOYSA-N_DvyXmN_to_hippo.pkl.gz,25900.0,11700.0,,,
0,CC(O)CNC(=O)Nc1cc(C2CC2)n(C)n1,GLKYHQBKOTZYGD-UHFFFAOYSA-N,,,Cn1nc(N)cc1C1CC1,CC(O)CN,Formation_of_urea_from_two_amines,C56548,z0211a,z0215a,,10000.0,2969.0,29RESB,/opt/xchem-fragalysis-2/maxwin/RdRp_FFF/syndirella/mar_elabs/templates/z0211a_apo-desolv.pdb,/opt/xchem-fragalysis-2/maxwin/RdRp_FFF/syndirella/mar_elabs/elabs_050/GLKYHQBKOTZYGD-UHFFFAOYSA-N/GLKYHQBKOTZYGD-UHFFFAOYSA-N_29RESB_to_hippo.pkl.gz,40581.0,10816.0,,,
1,CC(O)CNC(=O)Nc1cc(C2CC2)n(C)n1,GLKYHQBKOTZYGD-UHFFFAOYSA-N,,,Cn1nc(N)cc1C1CC1,CC(O)CN,Formation_of_urea_from_two_amines,C56548,z0211a,z0215a,,10000.0,2837.0,PkfPUd,/opt/xchem-fragalysis-2/maxwin/RdRp_FFF/syndirella/mar_elabs/templates/z0211a_apo-desolv.pdb,/opt/xchem-fragalysis-2/maxwin/RdRp_FFF/syndirella/mar_elabs/elabs_050/GLKYHQBKOTZYGD-UHFFFAOYSA-N/GLKYHQBKOTZYGD-UHFFFAOYSA-N_PkfPUd_to_hippo.pkl.gz,39508.0,10816.0,,,
2,CC(O)CNC(=O)Nc1cc(C2CC2)n(C)n1,GLKYHQBKOTZYGD-UHFFFAOYSA-N,,,CC(O)C[NH:1]C(=O)n1ccnc1,Cn1nc(N)cc1C1CC1,Formation_of_urea_by_displacement_of_imidazole_by_amine,C56548,z0211a,z0215a,,10000.0,2528.0,yg6RYD,/opt/xchem-fragalysis-2/maxwin/RdRp_FFF/syndirella/mar_elabs/templates/z0211a_apo-desolv.pdb,/opt/xchem-fragalysis-2/maxwin/RdRp_FFF/syndirella/mar_elabs/elabs_050/GLKYHQBKOTZYGD-UHFFFAOYSA-N/GLKYHQBKOTZYGD-UHFFFAOYSA-N_yg6RYD_to_hippo.pkl.gz,42828.0,10300.0,,,
0,O=C(NCCc1cccc2ccccc12)c1cccc2cc[nH]c12,DHXCDLUKFAKLSY-UHFFFAOYSA-N,,,O=C(O)c1cccc2cc[nH]c12,NCCc1cccc2ccccc12,Amidation,C28628,z0041a,3vws-b,,10000.0,2850.0,NDLsHp,/opt/xchem-fragalysis-2/maxwin/RdRp_FFF/syndirella/mar_elabs/templates/z0041a_apo-desolv.pdb,/opt/xchem-fragalysis-2/maxwin/RdRp_FFF/syndirella/mar_elabs/elabs_038/DHXCDLUKFAKLSY-UHFFFAOYSA-N/DHXCDLUKFAKLSY-UHFFFAOYSA-N_NDLsHp_to_hippo.pkl.gz,15300.0,10200.0,,,
0,O=C(NCCc1cccc2ccccc12)c1cccc2cc[nH]c12,DHXCDLUKFAKLSY-UHFFFAOYSA-N,,,O=C(O)c1cccc2cc[nH]c12,NCCc1cccc2ccccc12,Amidation,C28628,z0041a,3vws-b,,10000.0,2806.0,hgtVBC,/opt/xchem-fragalysis-2/maxwin/RdRp_FFF/syndirella/mar_elabs/templates/z0041a_apo-desolv.pdb,/opt/xchem-fragalysis-2/maxwin/RdRp_FFF/syndirella/mar_elabs/elabs_039/DHXCDLUKFAKLSY-UHFFFAOYSA-N/DHXCDLUKFAKLSY-UHFFFAOYSA-N_hgtVBC_to_hippo.pkl.gz,15300.0,10200.0,,,
0,CC(NC(=O)Nc1cccc2[nH]ccc12)C(O)C(F)F,PGVYGILCFWWCGJ-UHFFFAOYSA-N,,,Nc1cccc2[nH]ccc12,CC(N)C(O)C(F)F,Formation_of_urea_from_two_amines,C43135,z0041a,z0211a,,10000.0,4468.0,2hv2gf,/opt/xchem-fragalysis-2/maxwin/RdRp_FFF/syndirella/mar_elabs/templates/z0041a_apo-desolv.pdb,/opt/xchem-fragalysis-2/maxwin/RdRp_FFF/syndirella/mar_elabs/elabs_049/PGVYGILCFWWCGJ-UHFFFAOYSA-N/PGVYGILCFWWCGJ-UHFFFAOYSA-N_2hv2gf_to_hippo.pkl.gz,39432.0,10812.0,,,
1,CC(NC(=O)Nc1cccc2[nH]ccc12)C(O)C(F)F,PGVYGILCFWWCGJ-UHFFFAOYSA-N,,,Nc1cccc2[nH]ccc12,CC(N)C(O)C(F)F,Formation_of_urea_from_two_amines,C43135,z0041a,z0211a,,10000.0,4458.0,2snfEk,/opt/xchem-fragalysis-2/maxwin/RdRp_FFF/syndirella/mar_elabs/templates/z0041a_apo-desolv.pdb,/opt/xchem-fragalysis-2/maxwin/RdRp_FFF/syndirella/mar_elabs/elabs_049/PGVYGILCFWWCGJ-UHFFFAOYSA-N/PGVYGILCFWWCGJ-UHFFFAOYSA-N_2snfEk_to_hippo.pkl.gz,39432.0,10812.0,,,
2,CC(NC(=O)Nc1cccc2[nH]ccc12)C(O)C(F)F,PGVYGILCFWWCGJ-UHFFFAOYSA-N,,,CC(C(O)C(F)F)[NH:1]C(=O)n1ccnc1,Nc1cccc2[nH]ccc12,Formation_of_urea_by_displacement_of_imidazole_by_amine,C43135,z0041a,z0211a,,3392.0,1339.0,2xcgHC,/opt/xchem-fragalysis-2/maxwin/RdRp_FFF/syndirella/mar_elabs/templates/z0041a_apo-desolv.pdb,/opt/xchem-fragalysis-2/maxwin/RdRp_FFF/syndirella/mar_elabs/elabs_049/PGVYGILCFWWCGJ-UHFFFAOYSA-N/PGVYGILCFWWCGJ-UHFFFAOYSA-N_2xcgHC_to_hippo.pkl.gz,3392.0,954.0,,,
0,O=C(Cc1noc2ccccc12)NCCc1cc2ccccc2o1,LQQWCINYCCMFRV-UHFFFAOYSA-N,,,NCCc1cc2ccccc2o1,CCOC(=O)Cc1noc2ccccc12,Ester_amidation,C56786,z0111a,3vws-b,,9575.0,7683.0,dkmZdj,/opt/xchem-fragalysis-2/maxwin/RdRp_FFF/syndirella/mar_elabs/templates/z0111a_apo-desolv.pdb,/opt/xchem-fragalysis-2/maxwin/RdRp_FFF/syndirella/mar_elabs/elabs_033/LQQWCINYCCMFRV-UHFFFAOYSA-N/LQQWCINYCCMFRV-UHFFFAOYSA-N_dkmZdj_to_hippo.pkl.gz,9575.0,5185.0,,,
1,O=C(Cc1noc2ccccc12)NCCc1cc2ccccc2o1,LQQWCINYCCMFRV-UHFFFAOYSA-N,,,NCCc1cc2ccccc2o1,CCOC(=O)Cc1noc2ccccc12,Ester_amidation,C56786,z0111a,3vws-b,,9575.0,7731.0,izAuKP,/opt/xchem-fragalysis-2/maxwin/RdRp_FFF/syndirella/mar_elabs/templates/z0111a_apo-desolv.pdb,/opt/xchem-fragalysis-2/maxwin/RdRp_FFF/syndirella/mar_elabs/elabs_033/LQQWCINYCCMFRV-UHFFFAOYSA-N/LQQWCINYCCMFRV-UHFFFAOYSA-N_izAuKP_to_hippo.pkl.gz,9575.0,5185.0,,,
2,O=C(Cc1noc2ccccc12)NCCc1cc2ccccc2o1,LQQWCINYCCMFRV-UHFFFAOYSA-N,,,O[C:1](Cc1noc2ccccc12)=[O:2],NCCc1cc2ccccc2o1,Amidation,C56786,z0111a,3vws-b,,10000.0,8261.0,ADGVPq,/opt/xchem-fragalysis-2/maxwin/RdRp_FFF/syndirella/mar_elabs/templates/z0111a_apo-desolv.pdb,/opt/xchem-fragalysis-2/maxwin/RdRp_FFF/syndirella/mar_elabs/elabs_033/LQQWCINYCCMFRV-UHFFFAOYSA-N/LQQWCINYCCMFRV-UHFFFAOYSA-N_ADGVPq_to_hippo.pkl.gz,18727.0,10471.0,,,
0,Cc1cnccc1NCc1c[nH]cn1,DJVQSQXCKGQNJE-UHFFFAOYSA-N,,,O=Cc1c[nH]cn1,Cc1cnccc1N,Reductive_amination,C12548,d0615b,z0875c,,10000.0,0.0,zvH25b,/opt/xchem-fragalysis-2/maxwin/RdRp_FFF/syndirella/mar_elabs/templates/z0875c_apo-desolv.pdb,/opt/xchem-fragalysis-2/maxwin/RdRp_FFF/syndirella/mar_elabs/elabs_032/DJVQSQXCKGQNJE-UHFFFAOYSA-N/DJVQSQXCKGQNJE-UHFFFAOYSA-N_zvH25b_to_hippo.pkl.gz,16112.0,10500.0,,,
0,Cc1cccc(NC(=O)NCC(C)O)n1,WXCSLBRGRKDJSX-UHFFFAOYSA-N,ProductFormationError,"Shape of passed values is (10000, 1), indices imply (10000, 2)",CC(O)CNC(=O)Nc1ccccn1,CC(=O)O,Minisci_reaction_with_carboxylic_acid_(intermolecular),C49374,z0211a,z0637a,,,,7EQdpu,/opt/xchem-fragalysis-2/maxwin/RdRp_FFF/syndirella/mar_elabs/templates/z0211a_apo-desolv.pdb,,,,,,
0,Cc1nc(CNc2nccc3ccccc23)cs1,QYRRPPSGQNMPRP-UHFFFAOYSA-N,,,Nc1nccc2ccccc12,Cc1nc(C=O)cs1,Reductive_amination,C49503,z0111a,z0496a,,10000.0,1962.0,2Z96hG,/opt/xchem-fragalysis-2/maxwin/RdRp_FFF/syndirella/mar_elabs/templates/z0111a_apo-desolv.pdb,/opt/xchem-fragalysis-2/maxwin/RdRp_FFF/syndirella/mar_elabs/elabs_073/QYRRPPSGQNMPRP-UHFFFAOYSA-N/QYRRPPSGQNMPRP-UHFFFAOYSA-N_2Z96hG_to_hippo.pkl.gz,17172.0,11124.0,,,
0,c1ccn(-c2cc(-c3cn[nH]c3-c3ccncc3)ccn2)c1,QPSJATGGUBQOAU-UHFFFAOYSA-N,NoScaffold,Scaffold was not found in the scaffold names of the HIPPO output at /opt/xchem-fragalysis-2/maxwin/RdRp_FFF/syndirella/mar_elabs/elabs_072/QPSJATGGUBQOAU-UHFFFAOYSA-N/QPSJATGGUBQOAU-UHFFFAOYSA-N_QKfZKQ_to_hippo.pkl.gz.Most likely due to an incorrectly written SMIRKS.,CC1(C)OB(c2ccnc(-n3cccc3)c2)OC1(C)C,Brc1cn[nH]c1-c1ccncc1,Sp2-sp2_Suzuki_coupling,C70838,d0160a,d0472a,z0875c,5506.0,25.0,QKfZKQ,/opt/xchem-fragalysis-2/maxwin/RdRp_FFF/syndirella/mar_elabs/templates/d0160a_apo-desolv.pdb,/opt/xchem-fragalysis-2/maxwin/RdRp_FFF/syndirella/mar_elabs/elabs_072/QPSJATGGUBQOAU-UHFFFAOYSA-N/QPSJATGGUBQOAU-UHFFFAOYSA-N_QKfZKQ_to_hippo.pkl.gz,5506.0,4984.0,,,
0,CC(C)n1cc(NC2=NCCCS2)cn1,QOAMYTSWHMHASV-UHFFFAOYSA-N,,,NC1=NCCCS1,CC(C)n1cc(Br)cn1,N-nucleophilic_aromatic_substitution,C734,z0767a,z0892b,,10000.0,1.0,Ljt3yz,/opt/xchem-fragalysis-2/maxwin/RdRp_FFF/syndirella/mar_elabs/templates/z0767a_apo-desolv.pdb,/opt/xchem-fragalysis-2/maxwin/RdRp_FFF/syndirella/mar_elabs/elabs_075/QOAMYTSWHMHASV-UHFFFAOYSA-N/QOAMYTSWHMHASV-UHFFFAOYSA-N_Ljt3yz_to_hippo.pkl.gz,26838.0,10712.0,,,
1,CC(C)n1cc(NC2=NCCCS2)cn1,QOAMYTSWHMHASV-UHFFFAOYSA-N,,,NC1=NCCCS1,CC(C)n1cc(Br)cn1,N-nucleophilic_aromatic_substitution,C734,z0767a,z0892b,,10000.0,5.0,7qtXji,/opt/xchem-fragalysis-2/maxwin/RdRp_FFF/syndirella/mar_elabs/templates/z0767a_apo-desolv.pdb,/opt/xchem-fragalysis-2/maxwin/RdRp_FFF/syndirella/mar_elabs/elabs_075/QOAMYTSWHMHASV-UHFFFAOYSA-N/QOAMYTSWHMHASV-UHFFFAOYSA-N_7qtXji_to_hippo.pkl.gz,27027.0,10712.0,,,
0,CC(O)CNC(=O)Nc1cccc2cccnc12,SHENAZADMNUPGS-UHFFFAOYSA-N,ArgumentError,"Python argument types in
    FingerprintGenerator64.GetFingerprint(FingerprintGenerator64, NoneType)
did not match C++ signature:
    GetFingerprint(RDKit::FingerprintGenerator<unsigned long> const* self, RDKit::ROMol mol, boost::python::api::object fromAtoms=[], boost::python::api::object ignoreAtoms=[], int confId=-1, boost::python::api::object customAtomInvariants=[], boost::python::api::object customBondInvariants=[], boost::python::api::object additionalOutput=None)",NC(=O)Nc1cccc2cccnc12,CC1CO1,Epoxide_+_amine_coupling,,,,,,,CygAtt,,,,,,,
0,OC1COCC1CNCc1ccn[nH]1,DFFAHRILMAZSJI-UHFFFAOYSA-N,NoScaffold,Scaffold was not found in the scaffold names of the HIPPO output at /opt/xchem-fragalysis-2/maxwin/RdRp_FFF/syndirella/mar_elabs/elabs_086/DFFAHRILMAZSJI-UHFFFAOYSA-N/DFFAHRILMAZSJI-UHFFFAOYSA-N_4buud3_to_hippo.pkl.gz.Most likely due to an incorrectly written SMIRKS.,O=Cc1ccn[nH]1,NCC1COCC1O,Reductive_amination,C10275,d0160a,d0254a,,10000.0,2922.0,4buud3,/opt/xchem-fragalysis-2/maxwin/RdRp_FFF/syndirella/mar_elabs/templates/d0160a_apo-desolv.pdb,/opt/xchem-fragalysis-2/maxwin/RdRp_FFF/syndirella/mar_elabs/elabs_086/DFFAHRILMAZSJI-UHFFFAOYSA-N/DFFAHRILMAZSJI-UHFFFAOYSA-N_4buud3_to_hippo.pkl.gz,86976.0,10200.0,,,
0,O=C(Nc1ccn(Cc2cccnc2)c1)C1CCCO1,YJAMHEONGYOGKE-UHFFFAOYSA-N,NoReactants,Could not find any products .pkl from previous step.,ClCc1cccnc1,Brc1cc[nH]c1,Nucleophilic_substitution_with_amine,,,,,,,P7z24M,,,,,NC(=O)C1CCCO1,Brc1ccn(Cc2cccnc2)c1,Buchwald-Hartwig_amidation_with_amide-like_nucleophile
0,c1ccc(N2CCOc3ccccc3C2)nc1,ZLBFYANSAYZPQU-UHFFFAOYSA-N,ProductFormationError,All products filtered for step 1.,c1ccc2c(c1)CNCCO2,OB(O)c1ccccn1,Chan-Lam_coupling_(amination),C32376,d0472b,z0581a,,,,bvdeiL,/opt/xchem-fragalysis-2/maxwin/RdRp_FFF/syndirella/mar_elabs/templates/d0472b_apo-desolv.pdb,,,,,,
0,CC(O)CNC(=O)Nc1cccc2c1OC(C)(C)CC2,UKWFLRZSMSDWTC-UHFFFAOYSA-N,,,CC1(C)CCc2cccc(N)c2O1,CC(O)CN,Formation_of_urea_from_two_amines,C53809,z0211a,z0991a,,10000.0,3214.0,dEDbNy,/opt/xchem-fragalysis-2/maxwin/RdRp_FFF/syndirella/mar_elabs/templates/z0211a_apo-desolv.pdb,/opt/xchem-fragalysis-2/maxwin/RdRp_FFF/syndirella/mar_elabs/elabs_064/UKWFLRZSMSDWTC-UHFFFAOYSA-N/UKWFLRZSMSDWTC-UHFFFAOYSA-N_dEDbNy_to_hippo.pkl.gz,53799.0,13728.0,,,
1,CC(O)CNC(=O)Nc1cccc2c1OC(C)(C)CC2,UKWFLRZSMSDWTC-UHFFFAOYSA-N,,,CC1(C)CCc2cccc(N)c2O1,CC(O)CN,Formation_of_urea_from_two_amines,C53809,z0211a,z0991a,,10000.0,3215.0,9p8iBB,/opt/xchem-fragalysis-2/maxwin/RdRp_FFF/syndirella/mar_elabs/templates/z0211a_apo-desolv.pdb,/opt/xchem-fragalysis-2/maxwin/RdRp_FFF/syndirella/mar_elabs/elabs_064/UKWFLRZSMSDWTC-UHFFFAOYSA-N/UKWFLRZSMSDWTC-UHFFFAOYSA-N_9p8iBB_to_hippo.pkl.gz,55930.0,13728.0,,,
2,CC(O)CNC(=O)Nc1cccc2c1OC(C)(C)CC2,UKWFLRZSMSDWTC-UHFFFAOYSA-N,,,CC(O)C[NH:1]C(=O)n1ccnc1,CC1(C)CCc2cccc(N)c2O1,Formation_of_urea_by_displacement_of_imidazole_by_amine,C53809,z0211a,z0991a,,10000.0,3398.0,mLDTEa,/opt/xchem-fragalysis-2/maxwin/RdRp_FFF/syndirella/mar_elabs/templates/z0211a_apo-desolv.pdb,/opt/xchem-fragalysis-2/maxwin/RdRp_FFF/syndirella/mar_elabs/elabs_064/UKWFLRZSMSDWTC-UHFFFAOYSA-N/UKWFLRZSMSDWTC-UHFFFAOYSA-N_mLDTEa_to_hippo.pkl.gz,60372.0,13100.0,,,
0,Cc1c[nH]nc1-c1cccc(NC(=O)C2CCCO2)n1,GXKXWJKZPBGFSI-UHFFFAOYSA-N,NoScaffold,Scaffold was not found in the scaffold names of the HIPPO output at /opt/xchem-fragalysis-2/maxwin/RdRp_FFF/syndirella/mar_elabs/elabs_098/GXKXWJKZPBGFSI-UHFFFAOYSA-N/GXKXWJKZPBGFSI-UHFFFAOYSA-N_o9Lr8t_to_hippo.pkl.gz.Most likely due to an incorrectly written SMIRKS.,O=C(Nc1cccc(Cl)n1)C1CCCO1,Cc1c[nH]nc1B1OC(C)(C)C(C)(C)O1,Sp2-sp2_Suzuki_coupling,C66259,d0160a,d0254a,,10000.0,7925.0,o9Lr8t,/opt/xchem-fragalysis-2/maxwin/RdRp_FFF/syndirella/mar_elabs/templates/d0160a_apo-desolv.pdb,/opt/xchem-fragalysis-2/maxwin/RdRp_FFF/syndirella/mar_elabs/elabs_098/GXKXWJKZPBGFSI-UHFFFAOYSA-N/GXKXWJKZPBGFSI-UHFFFAOYSA-N_o9Lr8t_to_hippo.pkl.gz,27772.0,8700.0,,,
0,CC(=O)c1csc(-c2nccc3ccccc23)n1,MKYSFVXFAWJDCJ-UHFFFAOYSA-N,,,CC1(C)OB(c2nccc3ccccc23)OC1(C)C,CC(=O)c1csc(Br)n1,Sp2-sp2_Suzuki_coupling,C48477,z0111a,z0496a,,7802.0,202.0,NnidW3,/opt/xchem-fragalysis-2/maxwin/RdRp_FFF/syndirella/mar_elabs/templates/z0111a_apo-desolv.pdb,/opt/xchem-fragalysis-2/maxwin/RdRp_FFF/syndirella/mar_elabs/elabs_096/MKYSFVXFAWJDCJ-UHFFFAOYSA-N/MKYSFVXFAWJDCJ-UHFFFAOYSA-N_NnidW3_to_hippo.pkl.gz,7802.0,7268.0,,,
0,O=C(Cc1ccn(C2CCCC2)n1)NCCN1CCCC1=O,MOWNOSLAQYMJTK-UHFFFAOYSA-N,,,O=C(O)Cc1ccn(C2CCCC2)n1,NCCN1CCCC1=O,Amidation,C41552,z0215a,z1018a,,3551.0,2209.0,pSmLjH,/opt/xchem-fragalysis-2/maxwin/RdRp_FFF/syndirella/mar_elabs/templates/z0215a_apo-desolv.pdb,/opt/xchem-fragalysis-2/maxwin/RdRp_FFF/syndirella/mar_elabs/elabs_037/MOWNOSLAQYMJTK-UHFFFAOYSA-N/MOWNOSLAQYMJTK-UHFFFAOYSA-N_pSmLjH_to_hippo.pkl.gz,3551.0,1253.0,,,
1,O=C(Cc1ccn(C2CCCC2)n1)NCCN1CCCC1=O,MOWNOSLAQYMJTK-UHFFFAOYSA-N,,,O=C(O)Cc1ccn(C2CCCC2)n1,NCCN1CCCC1=O,Amidation,C41552,z0215a,z1018a,,3551.0,2243.0,sdxFM7,/opt/xchem-fragalysis-2/maxwin/RdRp_FFF/syndirella/mar_elabs/templates/z0215a_apo-desolv.pdb,/opt/xchem-fragalysis-2/maxwin/RdRp_FFF/syndirella/mar_elabs/elabs_037/MOWNOSLAQYMJTK-UHFFFAOYSA-N/MOWNOSLAQYMJTK-UHFFFAOYSA-N_sdxFM7_to_hippo.pkl.gz,3551.0,1253.0,,,
0,CCOC(=O)C1CCCc2ccccc21,YNGYAVXHTVNYBC-UHFFFAOYSA-N,,,O=C(O)C1CCCc2ccccc21,CCO,Steglich_esterification,C45330,z0165a,z0628a,,10000.0,5124.0,RdAPXj,/opt/xchem-fragalysis-2/maxwin/RdRp_FFF/syndirella/mar_elabs/templates/z0165a_apo-desolv.pdb,/opt/xchem-fragalysis-2/maxwin/RdRp_FFF/syndirella/mar_elabs/elabs_105/YNGYAVXHTVNYBC-UHFFFAOYSA-N/YNGYAVXHTVNYBC-UHFFFAOYSA-N_RdAPXj_to_hippo.pkl.gz,40448.0,9600.0,,,
0,CC(=O)c1csc(-c2nccc3ccccc23)n1,MKYSFVXFAWJDCJ-UHFFFAOYSA-N,,,CC1(C)OB(c2nccc3ccccc23)OC1(C)C,CC(=O)c1csc(Br)n1,Sp2-sp2_Suzuki_coupling,C48477,z0111a,z0496a,,7802.0,192.0,Ja66Ah,/opt/xchem-fragalysis-2/maxwin/RdRp_FFF/syndirella/mar_elabs/templates/z0111a_apo-desolv.pdb,/opt/xchem-fragalysis-2/maxwin/RdRp_FFF/syndirella/mar_elabs/elabs_099/MKYSFVXFAWJDCJ-UHFFFAOYSA-N/MKYSFVXFAWJDCJ-UHFFFAOYSA-N_Ja66Ah_to_hippo.pkl.gz,7802.0,7268.0,,,
0,Cn1c(=O)n(CCN2CCCC2=O)c(=S)c2ccccc21,KZGPDDSEMZONAM-UHFFFAOYSA-N,,,O=C1CCCN1CCI,Cn1c(=O)[nH]c(=S)c2ccccc21,Nucleophilic_substitution_with_amine,C68384,z0309a,z1018a,,302.0,108.0,2SaGS2,/opt/xchem-fragalysis-2/maxwin/RdRp_FFF/syndirella/mar_elabs/templates/z0309a_apo-desolv.pdb,/opt/xchem-fragalysis-2/maxwin/RdRp_FFF/syndirella/mar_elabs/elabs_081/KZGPDDSEMZONAM-UHFFFAOYSA-N/KZGPDDSEMZONAM-UHFFFAOYSA-N_2SaGS2_to_hippo.pkl.gz,302.0,80.0,,,
0,CC(CN1CCCC1=O)NC(=O)C=Cc1ccc2c(c1)CCCN2C,WZJPHEKPHALAMW-UHFFFAOYSA-N,,,CN1CCCc2cc(C=CC(=O)O)ccc21,CC(N)CN1CCCC1=O,Amidation,C44380,z0364a,z1018a,,10000.0,1162.0,c6SBXH,/opt/xchem-fragalysis-2/maxwin/RdRp_FFF/syndirella/mar_elabs/templates/z0364a_apo-desolv.pdb,/opt/xchem-fragalysis-2/maxwin/RdRp_FFF/syndirella/mar_elabs/elabs_002/WZJPHEKPHALAMW-UHFFFAOYSA-N/WZJPHEKPHALAMW-UHFFFAOYSA-N_c6SBXH_to_hippo.pkl.gz,18645.0,3502.0,,,
0,O=C(Cc1ccn(C2CCCC2)n1)NCCN1CCCC1=O,MOWNOSLAQYMJTK-UHFFFAOYSA-N,,,O=C(O)Cc1ccn(C2CCCC2)n1,NCCN1CCCC1=O,Amidation,C41552,z0215a,z1018a,,3551.0,2184.0,m2BWbk,/opt/xchem-fragalysis-2/maxwin/RdRp_FFF/syndirella/mar_elabs/templates/z0215a_apo-desolv.pdb,/opt/xchem-fragalysis-2/maxwin/RdRp_FFF/syndirella/mar_elabs/elabs_009/MOWNOSLAQYMJTK-UHFFFAOYSA-N/MOWNOSLAQYMJTK-UHFFFAOYSA-N_m2BWbk_to_hippo.pkl.gz,3551.0,1253.0,,,
1,O=C(Cc1ccn(C2CCCC2)n1)NCCN1CCCC1=O,MOWNOSLAQYMJTK-UHFFFAOYSA-N,,,O=C(O)Cc1ccn(C2CCCC2)n1,NCCN1CCCC1=O,Amidation,C41552,z0215a,z1018a,,3551.0,2236.0,42fd8q,/opt/xchem-fragalysis-2/maxwin/RdRp_FFF/syndirella/mar_elabs/templates/z0215a_apo-desolv.pdb,/opt/xchem-fragalysis-2/maxwin/RdRp_FFF/syndirella/mar_elabs/elabs_009/MOWNOSLAQYMJTK-UHFFFAOYSA-N/MOWNOSLAQYMJTK-UHFFFAOYSA-N_42fd8q_to_hippo.pkl.gz,3551.0,1253.0,,,
0,CCOC(=O)C1c2occc2CCC12CC2,HLLOFLRBSYUORH-UHFFFAOYSA-N,,,O=C(O)C1c2occc2CCC12CC2,CCO,Steglich_esterification,C47311,z0165a,z0628a,,3900.0,3242.0,d9rdYL,/opt/xchem-fragalysis-2/maxwin/RdRp_FFF/syndirella/mar_elabs/templates/z0165a_apo-desolv.pdb,/opt/xchem-fragalysis-2/maxwin/RdRp_FFF/syndirella/mar_elabs/elabs_106/HLLOFLRBSYUORH-UHFFFAOYSA-N/HLLOFLRBSYUORH-UHFFFAOYSA-N_d9rdYL_to_hippo.pkl.gz,3900.0,1440.0,,,
0,O=C(OCC#CCSc1nnc(-c2ccncc2)o1)c1cc2ccccc2o1,ZUCZAINLLDMSCJ-UHFFFAOYSA-N,,,OCC#CCSc1nnc(-c2ccncc2)o1,O=C(O)c1cc2ccccc2o1,Steglich_esterification,C37461,z0637a,3vws-a,,1623.0,634.0,8mbFS7,/opt/xchem-fragalysis-2/maxwin/RdRp_FFF/syndirella/mar_elabs/templates/z0637a_apo-desolv.pdb,/opt/xchem-fragalysis-2/maxwin/RdRp_FFF/syndirella/mar_elabs/elabs_109/ZUCZAINLLDMSCJ-UHFFFAOYSA-N/ZUCZAINLLDMSCJ-UHFFFAOYSA-N_8mbFS7_to_hippo.pkl.gz,1623.0,1474.0,,,
0,CC(C)CC(NC(=O)c1cnc(-c2ccccn2)s1)C(F)(F)F,HGMRINZTTPAZBD-UHFFFAOYSA-N,,,O=C(O)c1cnc(-c2ccccn2)s1,CC(C)CC(N)C(F)(F)F,Amidation,C13884,d0264a,d0472a,,10000.0,1880.0,zzohpX,/opt/xchem-fragalysis-2/maxwin/RdRp_FFF/syndirella/mar_elabs/templates/d0264a_apo-desolv.pdb,/opt/xchem-fragalysis-2/maxwin/RdRp_FFF/syndirella/mar_elabs/elabs_018/HGMRINZTTPAZBD-UHFFFAOYSA-N/HGMRINZTTPAZBD-UHFFFAOYSA-N_zzohpX_to_hippo.pkl.gz,39500.0,10800.0,,,
0,O=C(CCc1csc2ccccc12)NC1CCNC2(CC2)C1,RMDDLTVCDWQPGN-UHFFFAOYSA-N,,,O=C(O)CCc1csc2ccccc12,NC1CCNC2(CC2)C1,Amidation,C34583,z0384a,3vws-b,,10000.0,2797.0,bhKMxv,/opt/xchem-fragalysis-2/maxwin/RdRp_FFF/syndirella/mar_elabs/templates/z0384a_apo-desolv.pdb,/opt/xchem-fragalysis-2/maxwin/RdRp_FFF/syndirella/mar_elabs/elabs_025/RMDDLTVCDWQPGN-UHFFFAOYSA-N/RMDDLTVCDWQPGN-UHFFFAOYSA-N_bhKMxv_to_hippo.pkl.gz,46020.0,12600.0,,,
0,Nc1csc(-c2nccc3ccccc23)n1,BXXSTDNXQYXVHZ-UHFFFAOYSA-N,,,Nc1csc(Br)n1,CC1(C)OB(c2nccc3ccccc23)OC1(C)C,Sp2-sp2_Suzuki_coupling,C49455,z0111a,z0496a,,10000.0,683.0,3hf9p6,/opt/xchem-fragalysis-2/maxwin/RdRp_FFF/syndirella/mar_elabs/templates/z0111a_apo-desolv.pdb,/opt/xchem-fragalysis-2/maxwin/RdRp_FFF/syndirella/mar_elabs/elabs_097/BXXSTDNXQYXVHZ-UHFFFAOYSA-N/BXXSTDNXQYXVHZ-UHFFFAOYSA-N_3hf9p6_to_hippo.pkl.gz,12600.0,10500.0,,,
0,Fc1ccc2c(c1)N(Cc1cnc[nH]1)CCC2,KJOJCYOZXQMGKF-UHFFFAOYSA-N,NoScaffold,Scaffold was not found in the scaffold names of the HIPPO output at /opt/xchem-fragalysis-2/maxwin/RdRp_FFF/syndirella/mar_elabs/elabs_092/KJOJCYOZXQMGKF-UHFFFAOYSA-N/KJOJCYOZXQMGKF-UHFFFAOYSA-N_UooupA_to_hippo.pkl.gz.Most likely due to an incorrectly written SMIRKS.,Fc1ccc2c(c1)NCCC2,BrCc1cnc[nH]1,Nucleophilic_substitution_with_amine,C36233,d0378a,z0904a,,10000.0,5854.0,UooupA,/opt/xchem-fragalysis-2/maxwin/RdRp_FFF/syndirella/mar_elabs/templates/d0378a_apo-desolv.pdb,/opt/xchem-fragalysis-2/maxwin/RdRp_FFF/syndirella/mar_elabs/elabs_092/KJOJCYOZXQMGKF-UHFFFAOYSA-N/KJOJCYOZXQMGKF-UHFFFAOYSA-N_UooupA_to_hippo.pkl.gz,17667.0,10500.0,,,
0,CC(C)(CO)NC(=O)c1csc(-c2ccsc2)n1,IQFFGYDSWILZBZ-UHFFFAOYSA-N,,,O=C(O)c1csc(-c2ccsc2)n1,CC(C)(N)CO,Amidation,C1443,d0248a,d0376a,,10000.0,5583.0,B6whPP,/opt/xchem-fragalysis-2/maxwin/RdRp_FFF/syndirella/mar_elabs/templates/d0248a_apo-desolv.pdb,/opt/xchem-fragalysis-2/maxwin/RdRp_FFF/syndirella/mar_elabs/elabs_034/IQFFGYDSWILZBZ-UHFFFAOYSA-N/IQFFGYDSWILZBZ-UHFFFAOYSA-N_B6whPP_to_hippo.pkl.gz,15800.0,10200.0,,,
0,Cc1cc(NC(=O)NCC(C)O)nn1CC(F)(F)F,OHJDLUXFTXKBRG-UHFFFAOYSA-N,,,Cc1cc(N)nn1CC(F)(F)F,CC(O)CN,Formation_of_urea_from_two_amines,C54733,z0211a,z0215a,,10000.0,2587.0,YVyPGt,/opt/xchem-fragalysis-2/maxwin/RdRp_FFF/syndirella/mar_elabs/templates/z0211a_apo-desolv.pdb,/opt/xchem-fragalysis-2/maxwin/RdRp_FFF/syndirella/mar_elabs/elabs_058/OHJDLUXFTXKBRG-UHFFFAOYSA-N/OHJDLUXFTXKBRG-UHFFFAOYSA-N_YVyPGt_to_hippo.pkl.gz,28159.0,7568.0,,,
0,Cc1cc(NC(=O)NCC(C)O)nn1-c1ccccc1,UIINRFUWBVLBNK-UHFFFAOYSA-N,,,Cc1cc(N)nn1-c1ccccc1,CC(O)CN,Formation_of_urea_from_two_amines,C55149,z0211a,z0215a,,10000.0,1302.0,nt5NxF,/opt/xchem-fragalysis-2/maxwin/RdRp_FFF/syndirella/mar_elabs/templates/z0211a_apo-desolv.pdb,/opt/xchem-fragalysis-2/maxwin/RdRp_FFF/syndirella/mar_elabs/elabs_052/UIINRFUWBVLBNK-UHFFFAOYSA-N/UIINRFUWBVLBNK-UHFFFAOYSA-N_nt5NxF_to_hippo.pkl.gz,24174.0,10608.0,,,
1,Cc1cc(NC(=O)NCC(C)O)nn1-c1ccccc1,UIINRFUWBVLBNK-UHFFFAOYSA-N,,,Cc1cc(N)nn1-c1ccccc1,CC(O)CN,Formation_of_urea_from_two_amines,C55149,z0211a,z0215a,,10000.0,1211.0,rm7FHC,/opt/xchem-fragalysis-2/maxwin/RdRp_FFF/syndirella/mar_elabs/templates/z0211a_apo-desolv.pdb,/opt/xchem-fragalysis-2/maxwin/RdRp_FFF/syndirella/mar_elabs/elabs_052/UIINRFUWBVLBNK-UHFFFAOYSA-N/UIINRFUWBVLBNK-UHFFFAOYSA-N_rm7FHC_to_hippo.pkl.gz,24276.0,10608.0,,,
2,Cc1cc(NC(=O)NCC(C)O)nn1-c1ccccc1,UIINRFUWBVLBNK-UHFFFAOYSA-N,,,CC(O)C[NH:1]C(=O)n1ccnc1,Cc1cc(N)nn1-c1ccccc1,Formation_of_urea_by_displacement_of_imidazole_by_amine,C55149,z0211a,z0215a,,10000.0,1094.0,8PUqGP,/opt/xchem-fragalysis-2/maxwin/RdRp_FFF/syndirella/mar_elabs/templates/z0211a_apo-desolv.pdb,/opt/xchem-fragalysis-2/maxwin/RdRp_FFF/syndirella/mar_elabs/elabs_052/UIINRFUWBVLBNK-UHFFFAOYSA-N/UIINRFUWBVLBNK-UHFFFAOYSA-N_8PUqGP_to_hippo.pkl.gz,26316.0,10200.0,,,
0,O=C(Nc1cccc2c1OCCC2)NC(CCO)C(F)(F)F,IANQXEAOAZTNLW-UHFFFAOYSA-N,,,Nc1cccc2c1OCCC2,NC(CCO)C(F)(F)F,Formation_of_urea_from_two_amines,C46539,z0211a,z0991a,,10000.0,4981.0,9igs4u,/opt/xchem-fragalysis-2/maxwin/RdRp_FFF/syndirella/mar_elabs/templates/z0211a_apo-desolv.pdb,/opt/xchem-fragalysis-2/maxwin/RdRp_FFF/syndirella/mar_elabs/elabs_065/IANQXEAOAZTNLW-UHFFFAOYSA-N/IANQXEAOAZTNLW-UHFFFAOYSA-N_9igs4u_to_hippo.pkl.gz,44940.0,10920.0,,,
0,CC(O)CNC(=O)Nc1ccn(C2CCC2)n1,GTOPDHADXIWWQI-UHFFFAOYSA-N,,,Nc1ccn(C2CCC2)n1,CC(O)CN,Formation_of_urea_from_two_amines,C56765,z0211a,z0215a,,10000.0,2540.0,EWqKBA,/opt/xchem-fragalysis-2/maxwin/RdRp_FFF/syndirella/mar_elabs/templates/z0211a_apo-desolv.pdb,/opt/xchem-fragalysis-2/maxwin/RdRp_FFF/syndirella/mar_elabs/elabs_063/GTOPDHADXIWWQI-UHFFFAOYSA-N/GTOPDHADXIWWQI-UHFFFAOYSA-N_EWqKBA_to_hippo.pkl.gz,46926.0,11128.0,,,
1,CC(O)CNC(=O)Nc1ccn(C2CCC2)n1,GTOPDHADXIWWQI-UHFFFAOYSA-N,,,Nc1ccn(C2CCC2)n1,CC(O)CN,Formation_of_urea_from_two_amines,C56765,z0211a,z0215a,,10000.0,2558.0,3abTdt,/opt/xchem-fragalysis-2/maxwin/RdRp_FFF/syndirella/mar_elabs/templates/z0211a_apo-desolv.pdb,/opt/xchem-fragalysis-2/maxwin/RdRp_FFF/syndirella/mar_elabs/elabs_063/GTOPDHADXIWWQI-UHFFFAOYSA-N/GTOPDHADXIWWQI-UHFFFAOYSA-N_3abTdt_to_hippo.pkl.gz,47124.0,11128.0,,,
2,CC(O)CNC(=O)Nc1ccn(C2CCC2)n1,GTOPDHADXIWWQI-UHFFFAOYSA-N,,,CC(O)C[NH:1]C(=O)n1ccnc1,Nc1ccn(C2CCC2)n1,Formation_of_urea_by_displacement_of_imidazole_by_amine,C56765,z0211a,z0215a,,10000.0,2373.0,n4XWgD,/opt/xchem-fragalysis-2/maxwin/RdRp_FFF/syndirella/mar_elabs/templates/z0211a_apo-desolv.pdb,/opt/xchem-fragalysis-2/maxwin/RdRp_FFF/syndirella/mar_elabs/elabs_063/GTOPDHADXIWWQI-UHFFFAOYSA-N/GTOPDHADXIWWQI-UHFFFAOYSA-N_n4XWgD_to_hippo.pkl.gz,51084.0,10700.0,,,
0,c1nc2ccc(NCc3ccc4occc4c3)cn2n1,WNOQDDCSSLWEEK-UHFFFAOYSA-N,,,NCc1ccc2occc2c1,Ic1ccc2ncnn2c1,N-nucleophilic_aromatic_substitution,C60663,z0521a,3vws-a,,10000.0,4687.0,GjCogc,/opt/xchem-fragalysis-2/maxwin/RdRp_FFF/syndirella/mar_elabs/templates/z0521a_apo-desolv.pdb,/opt/xchem-fragalysis-2/maxwin/RdRp_FFF/syndirella/mar_elabs/elabs_077/WNOQDDCSSLWEEK-UHFFFAOYSA-N/WNOQDDCSSLWEEK-UHFFFAOYSA-N_GjCogc_to_hippo.pkl.gz,15720.0,12524.0,,,
0,Cc1nc(CNc2nccc3ccccc23)cs1,QYRRPPSGQNMPRP-UHFFFAOYSA-N,,,Nc1nccc2ccccc12,Cc1nc(C=O)cs1,Reductive_amination,C49503,z0111a,z0496a,,10000.0,1930.0,obnxhR,/opt/xchem-fragalysis-2/maxwin/RdRp_FFF/syndirella/mar_elabs/templates/z0111a_apo-desolv.pdb,/opt/xchem-fragalysis-2/maxwin/RdRp_FFF/syndirella/mar_elabs/elabs_074/QYRRPPSGQNMPRP-UHFFFAOYSA-N/QYRRPPSGQNMPRP-UHFFFAOYSA-N_obnxhR_to_hippo.pkl.gz,17064.0,11016.0,,,
0,c1nc2ccc(NCc3ccc4occc4c3)cn2n1,WNOQDDCSSLWEEK-UHFFFAOYSA-N,,,NCc1ccc2occc2c1,Ic1ccc2ncnn2c1,N-nucleophilic_aromatic_substitution,C60663,z0521a,3vws-a,,10000.0,4744.0,Nw9mph,/opt/xchem-fragalysis-2/maxwin/RdRp_FFF/syndirella/mar_elabs/templates/z0521a_apo-desolv.pdb,/opt/xchem-fragalysis-2/maxwin/RdRp_FFF/syndirella/mar_elabs/elabs_085/WNOQDDCSSLWEEK-UHFFFAOYSA-N/WNOQDDCSSLWEEK-UHFFFAOYSA-N_Nw9mph_to_hippo.pkl.gz,15851.0,12524.0,,,
0,O=C(CCc1csc2ccccc12)NC1CCNC2(CC2)C1,RMDDLTVCDWQPGN-UHFFFAOYSA-N,,,O=C(O)CCc1csc2ccccc12,NC1CCNC2(CC2)C1,Amidation,C34583,z0384a,3vws-b,,10000.0,2802.0,awFKCY,/opt/xchem-fragalysis-2/maxwin/RdRp_FFF/syndirella/mar_elabs/templates/z0384a_apo-desolv.pdb,/opt/xchem-fragalysis-2/maxwin/RdRp_FFF/syndirella/mar_elabs/elabs_101/RMDDLTVCDWQPGN-UHFFFAOYSA-N/RMDDLTVCDWQPGN-UHFFFAOYSA-N_awFKCY_to_hippo.pkl.gz,45588.0,12600.0,,,
0,CCOC(=O)C1CCCc2ccccc21,YNGYAVXHTVNYBC-UHFFFAOYSA-N,,,O=C(O)C1CCCc2ccccc21,CCO,Steglich_esterification,C45330,z0165a,z0628a,,10000.0,5149.0,NTMWKg,/opt/xchem-fragalysis-2/maxwin/RdRp_FFF/syndirella/mar_elabs/templates/z0165a_apo-desolv.pdb,/opt/xchem-fragalysis-2/maxwin/RdRp_FFF/syndirella/mar_elabs/elabs_108/YNGYAVXHTVNYBC-UHFFFAOYSA-N/YNGYAVXHTVNYBC-UHFFFAOYSA-N_NTMWKg_to_hippo.pkl.gz,40448.0,9600.0,,,
0,O=C(OCC#CCSc1nnc(-c2ccncc2)o1)c1cc2ccccc2o1,ZUCZAINLLDMSCJ-UHFFFAOYSA-N,,,OCC#CCSc1nnc(-c2ccncc2)o1,O=C(O)c1cc2ccccc2o1,Steglich_esterification,C37461,z0637a,3vws-a,,1623.0,614.0,C5joDp,/opt/xchem-fragalysis-2/maxwin/RdRp_FFF/syndirella/mar_elabs/templates/z0637a_apo-desolv.pdb,/opt/xchem-fragalysis-2/maxwin/RdRp_FFF/syndirella/mar_elabs/elabs_107/ZUCZAINLLDMSCJ-UHFFFAOYSA-N/ZUCZAINLLDMSCJ-UHFFFAOYSA-N_C5joDp_to_hippo.pkl.gz,1623.0,1474.0,,,
0,Cc1cnccc1NC(=O)Cc1coc2ccccc12,DEGPAYOEPZCOBR-UHFFFAOYSA-N,,,O=C(O)Cc1coc2ccccc12,Cc1cnccc1N,Amidation,C36458,d0472b,3vws-a,,10000.0,0.0,PwjM5R,/opt/xchem-fragalysis-2/maxwin/RdRp_FFF/syndirella/mar_elabs/templates/d0472b_apo-desolv.pdb,/opt/xchem-fragalysis-2/maxwin/RdRp_FFF/syndirella/mar_elabs/elabs_001/DEGPAYOEPZCOBR-UHFFFAOYSA-N/DEGPAYOEPZCOBR-UHFFFAOYSA-N_PwjM5R_to_hippo.pkl.gz,12508.0,10500.0,,,
0,O=C(CCc1csc2ccccc12)NC1CCNC2(CC2)C1,RMDDLTVCDWQPGN-UHFFFAOYSA-N,,,O=C(O)CCc1csc2ccccc12,NC1CCNC2(CC2)C1,Amidation,C34583,z0384a,3vws-b,,10000.0,2784.0,U3ZwdQ,/opt/xchem-fragalysis-2/maxwin/RdRp_FFF/syndirella/mar_elabs/templates/z0384a_apo-desolv.pdb,/opt/xchem-fragalysis-2/maxwin/RdRp_FFF/syndirella/mar_elabs/elabs_006/RMDDLTVCDWQPGN-UHFFFAOYSA-N/RMDDLTVCDWQPGN-UHFFFAOYSA-N_U3ZwdQ_to_hippo.pkl.gz,46374.0,12600.0,,,
0,Cc1cnccc1NC(=O)Cc1coc2ccccc12,DEGPAYOEPZCOBR-UHFFFAOYSA-N,,,O=C(O)Cc1coc2ccccc12,Cc1cnccc1N,Amidation,C36458,d0472b,3vws-a,,10000.0,0.0,qRKaeH,/opt/xchem-fragalysis-2/maxwin/RdRp_FFF/syndirella/mar_elabs/templates/d0472b_apo-desolv.pdb,/opt/xchem-fragalysis-2/maxwin/RdRp_FFF/syndirella/mar_elabs/elabs_021/DEGPAYOEPZCOBR-UHFFFAOYSA-N/DEGPAYOEPZCOBR-UHFFFAOYSA-N_qRKaeH_to_hippo.pkl.gz,12508.0,10500.0,,,
0,CC(CC(=O)Nc1c[nH]nc1-c1nccs1)N1CCCCC1=O,ZTHISXNUAOFTJB-UHFFFAOYSA-N,,,Nc1c[nH]nc1-c1nccs1,CC(CC(=O)O)N1CCCCC1=O,Amidation,C23289,z0215a,z1018a,,10000.0,2386.0,NaE5Rd,/opt/xchem-fragalysis-2/maxwin/RdRp_FFF/syndirella/mar_elabs/templates/z0215a_apo-desolv.pdb,/opt/xchem-fragalysis-2/maxwin/RdRp_FFF/syndirella/mar_elabs/elabs_020/ZTHISXNUAOFTJB-UHFFFAOYSA-N/ZTHISXNUAOFTJB-UHFFFAOYSA-N_NaE5Rd_to_hippo.pkl.gz,52104.0,10302.0,,,
0,Cc1cnccc1NCc1c[nH]cn1,DJVQSQXCKGQNJE-UHFFFAOYSA-N,,,O=Cc1c[nH]cn1,Cc1cnccc1N,Reductive_amination,C12548,d0615b,z0875c,,10000.0,0.0,jVAZc7,/opt/xchem-fragalysis-2/maxwin/RdRp_FFF/syndirella/mar_elabs/templates/z0875c_apo-desolv.pdb,/opt/xchem-fragalysis-2/maxwin/RdRp_FFF/syndirella/mar_elabs/elabs_031/DJVQSQXCKGQNJE-UHFFFAOYSA-N/DJVQSQXCKGQNJE-UHFFFAOYSA-N_jVAZc7_to_hippo.pkl.gz,16112.0,10500.0,,,
0,O=C(Cc1cc2ccccc2o1)NCc1nsc2ccccc12,ZAXPKNMZZARUDB-UHFFFAOYSA-N,,,O=C(O)Cc1cc2ccccc2o1,NCc1nsc2ccccc12,Amidation,C55535,z0111a,3vws-b,,10000.0,7743.0,jPTpDb,/opt/xchem-fragalysis-2/maxwin/RdRp_FFF/syndirella/mar_elabs/templates/z0111a_apo-desolv.pdb,/opt/xchem-fragalysis-2/maxwin/RdRp_FFF/syndirella/mar_elabs/elabs_027/ZAXPKNMZZARUDB-UHFFFAOYSA-N/ZAXPKNMZZARUDB-UHFFFAOYSA-N_jPTpDb_to_hippo.pkl.gz,18716.0,10597.0,,,
0,CC(CN1CCCC1=O)NC(=O)c1cccc2ncccc12,XZCHKOUIHXKRTC-UHFFFAOYSA-N,,,O=C(O)c1cccc2ncccc12,CC(N)CN1CCCC1=O,Amidation,C65404,z1018a,z1040a,,10000.0,3511.0,UJbZnQ,/opt/xchem-fragalysis-2/maxwin/RdRp_FFF/syndirella/mar_elabs/templates/z1018a_apo-desolv.pdb,/opt/xchem-fragalysis-2/maxwin/RdRp_FFF/syndirella/mar_elabs/elabs_040/XZCHKOUIHXKRTC-UHFFFAOYSA-N/XZCHKOUIHXKRTC-UHFFFAOYSA-N_UJbZnQ_to_hippo.pkl.gz,33900.0,10300.0,,,
0,Cc1cccc(NC(=O)NCC(C)O)n1,WXCSLBRGRKDJSX-UHFFFAOYSA-N,ProductFormationError,"Shape of passed values is (10000, 1), indices imply (10000, 2)",CC(O)CNC(=O)Nc1ccccn1,CC(=O)O,Minisci_reaction_with_carboxylic_acid_(intermolecular),C49374,z0211a,z0637a,,,,iJzWt4,/opt/xchem-fragalysis-2/maxwin/RdRp_FFF/syndirella/mar_elabs/templates/z0211a_apo-desolv.pdb,,,,,,
0,CC(O)CNC(=O)Nc1cc(-c2ccsc2)nn1C,WXJNUXZTXDROIJ-UHFFFAOYSA-N,,,Cn1nc(-c2ccsc2)cc1N,CC(O)CN,Formation_of_urea_from_two_amines,C55156,z0211a,z0215a,,10000.0,2003.0,gwDJo3,/opt/xchem-fragalysis-2/maxwin/RdRp_FFF/syndirella/mar_elabs/templates/z0211a_apo-desolv.pdb,/opt/xchem-fragalysis-2/maxwin/RdRp_FFF/syndirella/mar_elabs/elabs_053/WXJNUXZTXDROIJ-UHFFFAOYSA-N/WXJNUXZTXDROIJ-UHFFFAOYSA-N_gwDJo3_to_hippo.pkl.gz,23937.0,10504.0,,,
0,CCCn1ccc2ccc(NC(=O)NCC(C)O)cc21,OXHXBAHSHMBTDQ-UHFFFAOYSA-N,,,CCCn1ccc2ccc(N)cc21,CC(O)CN,Formation_of_urea_from_two_amines,C35145,z0136a,z0211a,,10000.0,379.0,hA3FYp,/opt/xchem-fragalysis-2/maxwin/RdRp_FFF/syndirella/mar_elabs/templates/z0136a_apo-desolv.pdb,/opt/xchem-fragalysis-2/maxwin/RdRp_FFF/syndirella/mar_elabs/elabs_051/OXHXBAHSHMBTDQ-UHFFFAOYSA-N/OXHXBAHSHMBTDQ-UHFFFAOYSA-N_hA3FYp_to_hippo.pkl.gz,37446.0,10608.0,,,
1,CCCn1ccc2ccc(NC(=O)NCC(C)O)cc21,OXHXBAHSHMBTDQ-UHFFFAOYSA-N,,,CCCn1ccc2ccc(N)cc21,CC(O)CN,Formation_of_urea_from_two_amines,C35145,z0136a,z0211a,,10000.0,248.0,5YpzV3,/opt/xchem-fragalysis-2/maxwin/RdRp_FFF/syndirella/mar_elabs/templates/z0136a_apo-desolv.pdb,/opt/xchem-fragalysis-2/maxwin/RdRp_FFF/syndirella/mar_elabs/elabs_051/OXHXBAHSHMBTDQ-UHFFFAOYSA-N/OXHXBAHSHMBTDQ-UHFFFAOYSA-N_5YpzV3_to_hippo.pkl.gz,37604.0,10608.0,,,
2,CCCn1ccc2ccc(NC(=O)NCC(C)O)cc21,OXHXBAHSHMBTDQ-UHFFFAOYSA-N,,,CC(O)C[NH:1]C(=O)n1ccnc1,CCCn1ccc2ccc(N)cc21,Formation_of_urea_by_displacement_of_imidazole_by_amine,C35145,z0136a,z0211a,,10000.0,229.0,d74YTe,/opt/xchem-fragalysis-2/maxwin/RdRp_FFF/syndirella/mar_elabs/templates/z0136a_apo-desolv.pdb,/opt/xchem-fragalysis-2/maxwin/RdRp_FFF/syndirella/mar_elabs/elabs_051/OXHXBAHSHMBTDQ-UHFFFAOYSA-N/OXHXBAHSHMBTDQ-UHFFFAOYSA-N_d74YTe_to_hippo.pkl.gz,40246.0,10198.0,,,
0,CC(C)n1cc(NC2=NCCCS2)cn1,QOAMYTSWHMHASV-UHFFFAOYSA-N,,,NC1=NCCCS1,CC(C)n1cc(Br)cn1,N-nucleophilic_aromatic_substitution,C734,z0767a,z0892b,,10000.0,5.0,M52new,/opt/xchem-fragalysis-2/maxwin/RdRp_FFF/syndirella/mar_elabs/templates/z0767a_apo-desolv.pdb,/opt/xchem-fragalysis-2/maxwin/RdRp_FFF/syndirella/mar_elabs/elabs_069/QOAMYTSWHMHASV-UHFFFAOYSA-N/QOAMYTSWHMHASV-UHFFFAOYSA-N_M52new_to_hippo.pkl.gz,26838.0,10712.0,,,
1,CC(C)n1cc(NC2=NCCCS2)cn1,QOAMYTSWHMHASV-UHFFFAOYSA-N,,,NC1=NCCCS1,CC(C)n1cc(Br)cn1,N-nucleophilic_aromatic_substitution,C734,z0767a,z0892b,,10000.0,3.0,hFva33,/opt/xchem-fragalysis-2/maxwin/RdRp_FFF/syndirella/mar_elabs/templates/z0767a_apo-desolv.pdb,/opt/xchem-fragalysis-2/maxwin/RdRp_FFF/syndirella/mar_elabs/elabs_069/QOAMYTSWHMHASV-UHFFFAOYSA-N/QOAMYTSWHMHASV-UHFFFAOYSA-N_hFva33_to_hippo.pkl.gz,27027.0,10712.0,,,
0,O=C1CCCCN1CCCNc1ccnc2ccc([N+](=O)[O-])cc12,FRNXPLHZHRXKEC-UHFFFAOYSA-N,,,O=[N+]([O-])c1ccc2nccc(Br)c2c1,NCCCN1CCCCC1=O,Buchwald-Hartwig_amination,C54938,z1018a,z1040a,,5767.0,2481.0,pZzULA,/opt/xchem-fragalysis-2/maxwin/RdRp_FFF/syndirella/mar_elabs/templates/z1018a_apo-desolv.pdb,/opt/xchem-fragalysis-2/maxwin/RdRp_FFF/syndirella/mar_elabs/elabs_078/FRNXPLHZHRXKEC-UHFFFAOYSA-N/FRNXPLHZHRXKEC-UHFFFAOYSA-N_pZzULA_to_hippo.pkl.gz,5767.0,1786.0,,,
1,O=C1CCCCN1CCCNc1ccnc2ccc([N+](=O)[O-])cc12,FRNXPLHZHRXKEC-UHFFFAOYSA-N,,,O=[N+]([O-])c1ccc2nccc(Br)c2c1,NCCCN1CCCCC1=O,Buchwald-Hartwig_amination,C54938,z1018a,z1040a,,5852.0,2517.0,piiTZt,/opt/xchem-fragalysis-2/maxwin/RdRp_FFF/syndirella/mar_elabs/templates/z1018a_apo-desolv.pdb,/opt/xchem-fragalysis-2/maxwin/RdRp_FFF/syndirella/mar_elabs/elabs_078/FRNXPLHZHRXKEC-UHFFFAOYSA-N/FRNXPLHZHRXKEC-UHFFFAOYSA-N_piiTZt_to_hippo.pkl.gz,5852.0,1786.0,,,
0,Cc1cnccc1NCc1c[nH]cn1,DJVQSQXCKGQNJE-UHFFFAOYSA-N,,,O=Cc1c[nH]cn1,Cc1cnccc1N,Reductive_amination,C12548,d0615b,z0875c,,10000.0,0.0,72BTBc,/opt/xchem-fragalysis-2/maxwin/RdRp_FFF/syndirella/mar_elabs/templates/z0875c_apo-desolv.pdb,/opt/xchem-fragalysis-2/maxwin/RdRp_FFF/syndirella/mar_elabs/elabs_090/DJVQSQXCKGQNJE-UHFFFAOYSA-N/DJVQSQXCKGQNJE-UHFFFAOYSA-N_72BTBc_to_hippo.pkl.gz,16112.0,10500.0,,,
0,Brc1ccnc2c(NCc3ccncc3)cccc12,ZFGFQBONQPPJMM-UHFFFAOYSA-N,,,OCc1ccncc1,Nc1cccc2c(Br)ccnc12,Mitsunobu_reaction_with_amine_alcohol_and_thioalcohol,C56537,z0221a,z1040a,,1796.0,1412.0,VJRuYn,/opt/xchem-fragalysis-2/maxwin/RdRp_FFF/syndirella/mar_elabs/templates/z0221a_apo-desolv.pdb,/opt/xchem-fragalysis-2/maxwin/RdRp_FFF/syndirella/mar_elabs/elabs_093/ZFGFQBONQPPJMM-UHFFFAOYSA-N/ZFGFQBONQPPJMM-UHFFFAOYSA-N_VJRuYn_to_hippo.pkl.gz,1796.0,1488.0,,,
0,O=C(Nc1ccc(Cc2cccnc2)cn1)C1CCCO1,FDFYHEBLRWRXQS-UHFFFAOYSA-N,,,O=C(Nc1ccc(Cl)cn1)C1CCCO1,CC1(C)OB(Cc2cccnc2)OC1(C)C,Sp3-sp2_Suzuki_coupling,C67424,d0160a,d0254a,,10000.0,5280.0,6K4Bvm,/opt/xchem-fragalysis-2/maxwin/RdRp_FFF/syndirella/mar_elabs/templates/d0160a_apo-desolv.pdb,/opt/xchem-fragalysis-2/maxwin/RdRp_FFF/syndirella/mar_elabs/elabs_100/FDFYHEBLRWRXQS-UHFFFAOYSA-N/FDFYHEBLRWRXQS-UHFFFAOYSA-N_6K4Bvm_to_hippo.pkl.gz,30080.0,7900.0,,,
0,Cc1oc2ccccc2c1C(=O)OCc1ccn2ncnc2c1,AWQDWKYDKALBOD-UHFFFAOYSA-N,,,OCc1ccn2ncnc2c1,Cc1oc2ccccc2c1C(=O)O,Steglich_esterification,C60687,z0521a,3vws-b,,10000.0,8740.0,zHH6MS,/opt/xchem-fragalysis-2/maxwin/RdRp_FFF/syndirella/mar_elabs/templates/z0521a_apo-desolv.pdb,/opt/xchem-fragalysis-2/maxwin/RdRp_FFF/syndirella/mar_elabs/elabs_102/AWQDWKYDKALBOD-UHFFFAOYSA-N/AWQDWKYDKALBOD-UHFFFAOYSA-N_zHH6MS_to_hippo.pkl.gz,22000.0,10100.0,,,
0,O=C(OCCN1CCCc2ccccc21)c1ncsc1Br,SGOQIRYDERXCCT-UHFFFAOYSA-N,,,OCCN1CCCc2ccccc21,O=C(O)c1ncsc1Br,Steglich_esterification,C28106,z0165a,z0628a,,10000.0,4191.0,Yph7Ye,/opt/xchem-fragalysis-2/maxwin/RdRp_FFF/syndirella/mar_elabs/templates/z0165a_apo-desolv.pdb,/opt/xchem-fragalysis-2/maxwin/RdRp_FFF/syndirella/mar_elabs/elabs_103/SGOQIRYDERXCCT-UHFFFAOYSA-N/SGOQIRYDERXCCT-UHFFFAOYSA-N_Yph7Ye_to_hippo.pkl.gz,19930.0,10196.0,,,
0,O=C1CCCN1CCNC(=O)C1(c2ccccn2)CC1,GEKOBKXDLILBGR-UHFFFAOYSA-N,,,O=C(O)C1(c2ccccn2)CC1,NCCN1CCCC1=O,Amidation,C4093,d0472b,z1018a,,10000.0,1057.0,cW4Hkb,/opt/xchem-fragalysis-2/maxwin/RdRp_FFF/syndirella/mar_elabs/templates/d0472b_apo-desolv.pdb,/opt/xchem-fragalysis-2/maxwin/RdRp_FFF/syndirella/mar_elabs/elabs_008/GEKOBKXDLILBGR-UHFFFAOYSA-N/GEKOBKXDLILBGR-UHFFFAOYSA-N_cW4Hkb_to_hippo.pkl.gz,43968.0,10200.0,,,
0,CC(CN1CCCC1=O)NC(=O)c1cccc2ncccc12,XZCHKOUIHXKRTC-UHFFFAOYSA-N,,,O=C(O)c1cccc2ncccc12,CC(N)CN1CCCC1=O,Amidation,C65404,z1018a,z1040a,,10000.0,3530.0,m6Rz6y,/opt/xchem-fragalysis-2/maxwin/RdRp_FFF/syndirella/mar_elabs/templates/z1018a_apo-desolv.pdb,/opt/xchem-fragalysis-2/maxwin/RdRp_FFF/syndirella/mar_elabs/elabs_012/XZCHKOUIHXKRTC-UHFFFAOYSA-N/XZCHKOUIHXKRTC-UHFFFAOYSA-N_m6Rz6y_to_hippo.pkl.gz,33900.0,10300.0,,,
0,O=C1CCCCN1CCCNc1ccnc2ccc([N+](=O)[O-])cc12,FRNXPLHZHRXKEC-UHFFFAOYSA-N,,,O=[N+]([O-])c1ccc2nccc(Br)c2c1,NCCCN1CCCCC1=O,Buchwald-Hartwig_amination,C54938,z1018a,z1040a,,5869.0,2514.0,cJ6wBF,/opt/xchem-fragalysis-2/maxwin/RdRp_FFF/syndirella/mar_elabs/templates/z1018a_apo-desolv.pdb,/opt/xchem-fragalysis-2/maxwin/RdRp_FFF/syndirella/mar_elabs/elabs_028/FRNXPLHZHRXKEC-UHFFFAOYSA-N/FRNXPLHZHRXKEC-UHFFFAOYSA-N_cJ6wBF_to_hippo.pkl.gz,5869.0,1786.0,,,
1,O=C1CCCCN1CCCNc1ccnc2ccc([N+](=O)[O-])cc12,FRNXPLHZHRXKEC-UHFFFAOYSA-N,,,O=[N+]([O-])c1ccc2nccc(Br)c2c1,NCCCN1CCCCC1=O,Buchwald-Hartwig_amination,C54938,z1018a,z1040a,,5852.0,2510.0,No9FHu,/opt/xchem-fragalysis-2/maxwin/RdRp_FFF/syndirella/mar_elabs/templates/z1018a_apo-desolv.pdb,/opt/xchem-fragalysis-2/maxwin/RdRp_FFF/syndirella/mar_elabs/elabs_028/FRNXPLHZHRXKEC-UHFFFAOYSA-N/FRNXPLHZHRXKEC-UHFFFAOYSA-N_No9FHu_to_hippo.pkl.gz,5852.0,1786.0,,,
0,CC(NC(=O)c1ccnc(-n2cccc2)c1)c1ncc[nH]1,DNLUSRYLIQAQAE-UHFFFAOYSA-N,,,O=C(O)c1ccnc(-n2cccc2)c1,CC(N)c1ncc[nH]1,Amidation,C19774,d0472a,z0103a,,10000.0,7694.0,HYVCVu,/opt/xchem-fragalysis-2/maxwin/RdRp_FFF/syndirella/mar_elabs/templates/d0472a_apo-desolv.pdb,/opt/xchem-fragalysis-2/maxwin/RdRp_FFF/syndirella/mar_elabs/elabs_026/DNLUSRYLIQAQAE-UHFFFAOYSA-N/DNLUSRYLIQAQAE-UHFFFAOYSA-N_HYVCVu_to_hippo.pkl.gz,10047.0,5202.0,,,
0,O=C1CCCN1CCNC(=O)C1(c2ccccn2)CC1,GEKOBKXDLILBGR-UHFFFAOYSA-N,,,O=C(O)C1(c2ccccn2)CC1,NCCN1CCCC1=O,Amidation,C4093,d0472b,z1018a,,10000.0,1013.0,VgcNgz,/opt/xchem-fragalysis-2/maxwin/RdRp_FFF/syndirella/mar_elabs/templates/d0472b_apo-desolv.pdb,/opt/xchem-fragalysis-2/maxwin/RdRp_FFF/syndirella/mar_elabs/elabs_036/GEKOBKXDLILBGR-UHFFFAOYSA-N/GEKOBKXDLILBGR-UHFFFAOYSA-N_VgcNgz_to_hippo.pkl.gz,43968.0,10200.0,,,
0,O=C(OCC#CCSc1nnc(-c2ccncc2)o1)c1cc2ccccc2o1,ZUCZAINLLDMSCJ-UHFFFAOYSA-N,,,OCC#CCSc1nnc(-c2ccncc2)o1,O=C(O)c1cc2ccccc2o1,Steglich_esterification,C37461,z0637a,3vws-a,,1623.0,626.0,n5P7qG,/opt/xchem-fragalysis-2/maxwin/RdRp_FFF/syndirella/mar_elabs/templates/z0637a_apo-desolv.pdb,/opt/xchem-fragalysis-2/maxwin/RdRp_FFF/syndirella/mar_elabs/elabs_046/ZUCZAINLLDMSCJ-UHFFFAOYSA-N/ZUCZAINLLDMSCJ-UHFFFAOYSA-N_n5P7qG_to_hippo.pkl.gz,1623.0,1474.0,,,
0,Cc1ccn(-c2cccc(NC(=O)NCC(C)O)c2)n1,LYBJDPXLKAGWQA-UHFFFAOYSA-N,,,Cc1ccn(-c2cccc(N)c2)n1,CC(O)CN,Formation_of_urea_from_two_amines,C55856,z0211a,z0215a,,10000.0,425.0,LGh55t,/opt/xchem-fragalysis-2/maxwin/RdRp_FFF/syndirella/mar_elabs/templates/z0211a_apo-desolv.pdb,/opt/xchem-fragalysis-2/maxwin/RdRp_FFF/syndirella/mar_elabs/elabs_056/LYBJDPXLKAGWQA-UHFFFAOYSA-N/LYBJDPXLKAGWQA-UHFFFAOYSA-N_LGh55t_to_hippo.pkl.gz,26244.0,11232.0,,,
0,CC(O)CNC(=O)Nc1cccc(-n2cccn2)c1,QLFFONPVDDKJCE-UHFFFAOYSA-N,,,Nc1cccc(-n2cccn2)c1,CC(O)CN,Formation_of_urea_from_two_amines,C55598,z0211a,z0215a,,10000.0,903.0,9smtnz,/opt/xchem-fragalysis-2/maxwin/RdRp_FFF/syndirella/mar_elabs/templates/z0211a_apo-desolv.pdb,/opt/xchem-fragalysis-2/maxwin/RdRp_FFF/syndirella/mar_elabs/elabs_055/QLFFONPVDDKJCE-UHFFFAOYSA-N/QLFFONPVDDKJCE-UHFFFAOYSA-N_9smtnz_to_hippo.pkl.gz,24411.0,10712.0,,,
1,CC(O)CNC(=O)Nc1cccc(-n2cccn2)c1,QLFFONPVDDKJCE-UHFFFAOYSA-N,,,Nc1cccc(-n2cccn2)c1,CC(O)CN,Formation_of_urea_from_two_amines,C55598,z0211a,z0215a,,10000.0,887.0,gmSv4W,/opt/xchem-fragalysis-2/maxwin/RdRp_FFF/syndirella/mar_elabs/templates/z0211a_apo-desolv.pdb,/opt/xchem-fragalysis-2/maxwin/RdRp_FFF/syndirella/mar_elabs/elabs_055/QLFFONPVDDKJCE-UHFFFAOYSA-N/QLFFONPVDDKJCE-UHFFFAOYSA-N_gmSv4W_to_hippo.pkl.gz,24514.0,10712.0,,,
2,CC(O)CNC(=O)Nc1cccc(-n2cccn2)c1,QLFFONPVDDKJCE-UHFFFAOYSA-N,,,CC(O)C[NH:1]C(=O)n1ccnc1,Nc1cccc(-n2cccn2)c1,Formation_of_urea_by_displacement_of_imidazole_by_amine,C55598,z0211a,z0215a,,10000.0,971.0,vE6A8X,/opt/xchem-fragalysis-2/maxwin/RdRp_FFF/syndirella/mar_elabs/templates/z0211a_apo-desolv.pdb,/opt/xchem-fragalysis-2/maxwin/RdRp_FFF/syndirella/mar_elabs/elabs_055/QLFFONPVDDKJCE-UHFFFAOYSA-N/QLFFONPVDDKJCE-UHFFFAOYSA-N_vE6A8X_to_hippo.pkl.gz,26574.0,10300.0,,,
0,CC(CN1CCCC1=O)NC(=O)C=Cc1ccc2c(c1)CCCN2C,WZJPHEKPHALAMW-UHFFFAOYSA-N,,,CN1CCCc2cc(C=CC(=O)O)ccc21,CC(N)CN1CCCC1=O,Amidation,C44380,z0364a,z1018a,,10000.0,1124.0,YNnfTY,/opt/xchem-fragalysis-2/maxwin/RdRp_FFF/syndirella/mar_elabs/templates/z0364a_apo-desolv.pdb,/opt/xchem-fragalysis-2/maxwin/RdRp_FFF/syndirella/mar_elabs/elabs_068/WZJPHEKPHALAMW-UHFFFAOYSA-N/WZJPHEKPHALAMW-UHFFFAOYSA-N_YNnfTY_to_hippo.pkl.gz,18645.0,3502.0,,,
0,CCC(C)n1ncc(NC(=O)NCC(C)O)c1C,NQDDIJLQMDSXML-UHFFFAOYSA-N,,,CCC(C)n1ncc(N)c1C,CC(O)CN,Formation_of_urea_from_two_amines,C54862,z0211a,z0215a,,10000.0,939.0,ZsT2oh,/opt/xchem-fragalysis-2/maxwin/RdRp_FFF/syndirella/mar_elabs/templates/z0211a_apo-desolv.pdb,/opt/xchem-fragalysis-2/maxwin/RdRp_FFF/syndirella/mar_elabs/elabs_066/NQDDIJLQMDSXML-UHFFFAOYSA-N/NQDDIJLQMDSXML-UHFFFAOYSA-N_ZsT2oh_to_hippo.pkl.gz,45741.0,10608.0,,,
0,O=C1CCCN1C1CCN(c2c(Br)cnc3ccccc23)C1,JQYMVSWSAPDAIV-UHFFFAOYSA-N,,,O=C1CCCN1C1CCNC1,Brc1cnc2ccccc2c1Br,N-nucleophilic_aromatic_substitution,C65515,z1018a,z1040a,,10000.0,2309.0,YjDK4E,/opt/xchem-fragalysis-2/maxwin/RdRp_FFF/syndirella/mar_elabs/templates/z1018a_apo-desolv.pdb,/opt/xchem-fragalysis-2/maxwin/RdRp_FFF/syndirella/mar_elabs/elabs_079/JQYMVSWSAPDAIV-UHFFFAOYSA-N/JQYMVSWSAPDAIV-UHFFFAOYSA-N_YjDK4E_to_hippo.pkl.gz,118090.0,25235.0,,,
0,Cn1c(=O)n(CCN2CCCC2=O)c(=S)c2ccccc21,KZGPDDSEMZONAM-UHFFFAOYSA-N,,,O=C1CCCN1CCI,Cn1c(=O)[nH]c(=S)c2ccccc21,Nucleophilic_substitution_with_amine,C68384,z0309a,z1018a,,302.0,105.0,vvhvsU,/opt/xchem-fragalysis-2/maxwin/RdRp_FFF/syndirella/mar_elabs/templates/z0309a_apo-desolv.pdb,/opt/xchem-fragalysis-2/maxwin/RdRp_FFF/syndirella/mar_elabs/elabs_084/KZGPDDSEMZONAM-UHFFFAOYSA-N/KZGPDDSEMZONAM-UHFFFAOYSA-N_vvhvsU_to_hippo.pkl.gz,302.0,80.0,,,
0,O=C(OCCCN1CCCC1=O)c1ccnc(C2CC2)c1,PPLQPJVUYBOHPD-UHFFFAOYSA-N,,,O=C1CCCN1CCCO,O=C(O)c1ccnc(C2CC2)c1,Steglich_esterification,C4091,d0566a,d0615a,,10000.0,4318.0,aFKH7M,/opt/xchem-fragalysis-2/maxwin/RdRp_FFF/syndirella/mar_elabs/templates/d0566a_apo-desolv.pdb,/opt/xchem-fragalysis-2/maxwin/RdRp_FFF/syndirella/mar_elabs/elabs_104/PPLQPJVUYBOHPD-UHFFFAOYSA-N/PPLQPJVUYBOHPD-UHFFFAOYSA-N_aFKH7M_to_hippo.pkl.gz,67184.0,10500.0,,,
0,O=C(NCCc1cccc2ccccc12)c1cccc2cc[nH]c12,DHXCDLUKFAKLSY-UHFFFAOYSA-N,,,O=C(O)c1cccc2cc[nH]c12,NCCc1cccc2ccccc12,Amidation,C28628,z0041a,3vws-b,,10000.0,2843.0,Hi3UsF,/opt/xchem-fragalysis-2/maxwin/RdRp_FFF/syndirella/mar_elabs/templates/z0041a_apo-desolv.pdb,/opt/xchem-fragalysis-2/maxwin/RdRp_FFF/syndirella/mar_elabs/elabs_011/DHXCDLUKFAKLSY-UHFFFAOYSA-N/DHXCDLUKFAKLSY-UHFFFAOYSA-N_Hi3UsF_to_hippo.pkl.gz,15300.0,10200.0,,,
0,CC(CN1CCCC1=O)NC(=O)Cc1n[nH]c2c1CCCC2,XWUQVDZICNOZJP-UHFFFAOYSA-N,,,O=C(O)Cc1n[nH]c2c1CCCC2,CC(N)CN1CCCC1=O,Amidation,C52471,z0936a,z1018a,,10000.0,3841.0,opzXQN,/opt/xchem-fragalysis-2/maxwin/RdRp_FFF/syndirella/mar_elabs/templates/z0936a_apo-desolv.pdb,/opt/xchem-fragalysis-2/maxwin/RdRp_FFF/syndirella/mar_elabs/elabs_015/XWUQVDZICNOZJP-UHFFFAOYSA-N/XWUQVDZICNOZJP-UHFFFAOYSA-N_opzXQN_to_hippo.pkl.gz,61359.0,10403.0,,,
0,CCOC(=O)c1cnccc1NCC(C)(O)COC,VDFCXTONXACPCO-UHFFFAOYSA-N,,,COCC(C)(O)CN,CCOC(=O)c1cnccc1Br,Buchwald-Hartwig_amination,C37923,z0628a,z0637a,,10000.0,3747.0,Ge9uik,/opt/xchem-fragalysis-2/maxwin/RdRp_FFF/syndirella/mar_elabs/templates/z0628a_apo-desolv.pdb,/opt/xchem-fragalysis-2/maxwin/RdRp_FFF/syndirella/mar_elabs/elabs_029/VDFCXTONXACPCO-UHFFFAOYSA-N/VDFCXTONXACPCO-UHFFFAOYSA-N_Ge9uik_to_hippo.pkl.gz,32595.0,11400.0,,,
0,O=C(OCCCN1CCCC1=O)c1ccnc(C2CC2)c1,PPLQPJVUYBOHPD-UHFFFAOYSA-N,,,O=C1CCCN1CCCO,O=C(O)c1ccnc(C2CC2)c1,Steglich_esterification,C4091,d0566a,d0615a,,10000.0,4357.0,wTLPgu,/opt/xchem-fragalysis-2/maxwin/RdRp_FFF/syndirella/mar_elabs/templates/d0566a_apo-desolv.pdb,/opt/xchem-fragalysis-2/maxwin/RdRp_FFF/syndirella/mar_elabs/elabs_045/PPLQPJVUYBOHPD-UHFFFAOYSA-N/PPLQPJVUYBOHPD-UHFFFAOYSA-N_wTLPgu_to_hippo.pkl.gz,66215.0,10500.0,,,
0,O=C(CCCc1ccncc1)NCc1coc2ccccc12,XPDDKFHYDJHELS-UHFFFAOYSA-N,,,O=C(O)CCCc1ccncc1,NCc1coc2ccccc12,Amidation,C35920,d0472b,3vws-a,,10000.0,2.0,bxCaD8,/opt/xchem-fragalysis-2/maxwin/RdRp_FFF/syndirella/mar_elabs/templates/d0472b_apo-desolv.pdb,/opt/xchem-fragalysis-2/maxwin/RdRp_FFF/syndirella/mar_elabs/elabs_042/XPDDKFHYDJHELS-UHFFFAOYSA-N/XPDDKFHYDJHELS-UHFFFAOYSA-N_bxCaD8_to_hippo.pkl.gz,27552.0,10500.0,,,
0,CC(O)CNC(=O)Nc1ccn(-c2ncccn2)n1,VRFUMBMWIYOQKS-UHFFFAOYSA-N,,,Nc1ccn(-c2ncccn2)n1,CC(O)CN,Formation_of_urea_from_two_amines,C55174,z0211a,z0215a,,10000.0,2476.0,P9W3JB,/opt/xchem-fragalysis-2/maxwin/RdRp_FFF/syndirella/mar_elabs/templates/z0211a_apo-desolv.pdb,/opt/xchem-fragalysis-2/maxwin/RdRp_FFF/syndirella/mar_elabs/elabs_054/VRFUMBMWIYOQKS-UHFFFAOYSA-N/VRFUMBMWIYOQKS-UHFFFAOYSA-N_P9W3JB_to_hippo.pkl.gz,25122.0,11024.0,,,
1,CC(O)CNC(=O)Nc1ccn(-c2ncccn2)n1,VRFUMBMWIYOQKS-UHFFFAOYSA-N,,,Nc1ccn(-c2ncccn2)n1,CC(O)CN,Formation_of_urea_from_two_amines,C55174,z0211a,z0215a,,10000.0,2377.0,Df6TQP,/opt/xchem-fragalysis-2/maxwin/RdRp_FFF/syndirella/mar_elabs/templates/z0211a_apo-desolv.pdb,/opt/xchem-fragalysis-2/maxwin/RdRp_FFF/syndirella/mar_elabs/elabs_054/VRFUMBMWIYOQKS-UHFFFAOYSA-N/VRFUMBMWIYOQKS-UHFFFAOYSA-N_Df6TQP_to_hippo.pkl.gz,25228.0,11024.0,,,
2,CC(O)CNC(=O)Nc1ccn(-c2ncccn2)n1,VRFUMBMWIYOQKS-UHFFFAOYSA-N,,,CC(O)C[NH:1]C(=O)n1ccnc1,Nc1ccn(-c2ncccn2)n1,Formation_of_urea_by_displacement_of_imidazole_by_amine,C55174,z0211a,z0215a,,10000.0,1895.0,t3VKFn,/opt/xchem-fragalysis-2/maxwin/RdRp_FFF/syndirella/mar_elabs/templates/z0211a_apo-desolv.pdb,/opt/xchem-fragalysis-2/maxwin/RdRp_FFF/syndirella/mar_elabs/elabs_054/VRFUMBMWIYOQKS-UHFFFAOYSA-N/VRFUMBMWIYOQKS-UHFFFAOYSA-N_t3VKFn_to_hippo.pkl.gz,27348.0,10600.0,,,
0,CC(=O)c1csc(-c2nccc3ccccc23)n1,MKYSFVXFAWJDCJ-UHFFFAOYSA-N,,,CC1(C)OB(c2nccc3ccccc23)OC1(C)C,CC(=O)c1csc(Br)n1,Sp2-sp2_Suzuki_coupling,C48477,z0111a,z0496a,,7802.0,197.0,NkgGes,/opt/xchem-fragalysis-2/maxwin/RdRp_FFF/syndirella/mar_elabs/templates/z0111a_apo-desolv.pdb,/opt/xchem-fragalysis-2/maxwin/RdRp_FFF/syndirella/mar_elabs/elabs_067/MKYSFVXFAWJDCJ-UHFFFAOYSA-N/MKYSFVXFAWJDCJ-UHFFFAOYSA-N_NkgGes_to_hippo.pkl.gz,7802.0,7268.0,,,
0,c1ccc(N2CCOc3ccccc3C2)nc1,ZLBFYANSAYZPQU-UHFFFAOYSA-N,ProductFormationError,All products filtered for step 1.,c1ccc2c(c1)CNCCO2,OB(O)c1ccccn1,Chan-Lam_coupling_(amination),C32376,d0472b,z0581a,,,,od7EzY,/opt/xchem-fragalysis-2/maxwin/RdRp_FFF/syndirella/mar_elabs/templates/d0472b_apo-desolv.pdb,,,,,,
0,Nc1cc(NCc2c[nH]cn2)ccn1,FJIZSRBICNYNGK-UHFFFAOYSA-N,NoScaffold,Scaffold was not found in the scaffold names of the HIPPO output at /opt/xchem-fragalysis-2/maxwin/RdRp_FFF/syndirella/mar_elabs/elabs_080/FJIZSRBICNYNGK-UHFFFAOYSA-N/FJIZSRBICNYNGK-UHFFFAOYSA-N_79uo6t_to_hippo.pkl.gz.Most likely due to an incorrectly written SMIRKS.,Nc1cc(Cl)ccn1,NCc1c[nH]cn1,N-nucleophilic_aromatic_substitution,C12483,d0191a,z0103a,,10000.0,6742.0,79uo6t,/opt/xchem-fragalysis-2/maxwin/RdRp_FFF/syndirella/mar_elabs/templates/d0191a_apo-desolv.pdb,/opt/xchem-fragalysis-2/maxwin/RdRp_FFF/syndirella/mar_elabs/elabs_080/FJIZSRBICNYNGK-UHFFFAOYSA-N/FJIZSRBICNYNGK-UHFFFAOYSA-N_79uo6t_to_hippo.pkl.gz,13685.0,11730.0,,,
0,Cc1nc(CNc2nccc3ccccc23)cs1,QYRRPPSGQNMPRP-UHFFFAOYSA-N,,,Nc1nccc2ccccc12,Cc1nc(C=O)cs1,Reductive_amination,C49503,z0111a,z0496a,,10000.0,1971.0,UmPEEA,/opt/xchem-fragalysis-2/maxwin/RdRp_FFF/syndirella/mar_elabs/templates/z0111a_apo-desolv.pdb,/opt/xchem-fragalysis-2/maxwin/RdRp_FFF/syndirella/mar_elabs/elabs_088/QYRRPPSGQNMPRP-UHFFFAOYSA-N/QYRRPPSGQNMPRP-UHFFFAOYSA-N_UmPEEA_to_hippo.pkl.gz,17172.0,11124.0,,,
0,OC1COCC1CNCc1ccn[nH]1,DFFAHRILMAZSJI-UHFFFAOYSA-N,NoScaffold,Scaffold was not found in the scaffold names of the HIPPO output at /opt/xchem-fragalysis-2/maxwin/RdRp_FFF/syndirella/mar_elabs/elabs_087/DFFAHRILMAZSJI-UHFFFAOYSA-N/DFFAHRILMAZSJI-UHFFFAOYSA-N_4NmriH_to_hippo.pkl.gz.Most likely due to an incorrectly written SMIRKS.,O=Cc1ccn[nH]1,NCC1COCC1O,Reductive_amination,C10275,d0160a,d0254a,,10000.0,2903.0,4NmriH,/opt/xchem-fragalysis-2/maxwin/RdRp_FFF/syndirella/mar_elabs/templates/d0160a_apo-desolv.pdb,/opt/xchem-fragalysis-2/maxwin/RdRp_FFF/syndirella/mar_elabs/elabs_087/DFFAHRILMAZSJI-UHFFFAOYSA-N/DFFAHRILMAZSJI-UHFFFAOYSA-N_4NmriH_to_hippo.pkl.gz,86976.0,10200.0,,,
0,CC(C)CC(NC(=O)c1cnc(-c2ccccn2)s1)C(F)(F)F,HGMRINZTTPAZBD-UHFFFAOYSA-N,,,O=C(O)c1cnc(-c2ccccn2)s1,CC(C)CC(N)C(F)(F)F,Amidation,C13884,d0264a,d0472a,,10000.0,1822.0,ZWdiVr,/opt/xchem-fragalysis-2/maxwin/RdRp_FFF/syndirella/mar_elabs/templates/d0264a_apo-desolv.pdb,/opt/xchem-fragalysis-2/maxwin/RdRp_FFF/syndirella/mar_elabs/elabs_044/HGMRINZTTPAZBD-UHFFFAOYSA-N/HGMRINZTTPAZBD-UHFFFAOYSA-N_ZWdiVr_to_hippo.pkl.gz,39500.0,10800.0,,,
0,Cc1cc(NC(=O)NCC(C)O)n(-c2ccccc2)n1,FGZCUNYQGFTGLS-UHFFFAOYSA-N,,,Cc1cc(N)n(-c2ccccc2)n1,CC(O)CN,Formation_of_urea_from_two_amines,C55996,z0211a,z0215a,,10000.0,1728.0,pMke9u,/opt/xchem-fragalysis-2/maxwin/RdRp_FFF/syndirella/mar_elabs/templates/z0211a_apo-desolv.pdb,/opt/xchem-fragalysis-2/maxwin/RdRp_FFF/syndirella/mar_elabs/elabs_062/FGZCUNYQGFTGLS-UHFFFAOYSA-N/FGZCUNYQGFTGLS-UHFFFAOYSA-N_pMke9u_to_hippo.pkl.gz,25122.0,11024.0,,,
1,Cc1cc(NC(=O)NCC(C)O)n(-c2ccccc2)n1,FGZCUNYQGFTGLS-UHFFFAOYSA-N,,,Cc1cc(N)n(-c2ccccc2)n1,CC(O)CN,Formation_of_urea_from_two_amines,C55996,z0211a,z0215a,,10000.0,1725.0,4HKAHD,/opt/xchem-fragalysis-2/maxwin/RdRp_FFF/syndirella/mar_elabs/templates/z0211a_apo-desolv.pdb,/opt/xchem-fragalysis-2/maxwin/RdRp_FFF/syndirella/mar_elabs/elabs_062/FGZCUNYQGFTGLS-UHFFFAOYSA-N/FGZCUNYQGFTGLS-UHFFFAOYSA-N_4HKAHD_to_hippo.pkl.gz,25228.0,11024.0,,,
2,Cc1cc(NC(=O)NCC(C)O)n(-c2ccccc2)n1,FGZCUNYQGFTGLS-UHFFFAOYSA-N,,,CC(O)C[NH:1]C(=O)n1ccnc1,Cc1cc(N)n(-c2ccccc2)n1,Formation_of_urea_by_displacement_of_imidazole_by_amine,C55996,z0211a,z0215a,,10000.0,1376.0,SnPu3r,/opt/xchem-fragalysis-2/maxwin/RdRp_FFF/syndirella/mar_elabs/templates/z0211a_apo-desolv.pdb,/opt/xchem-fragalysis-2/maxwin/RdRp_FFF/syndirella/mar_elabs/elabs_062/FGZCUNYQGFTGLS-UHFFFAOYSA-N/FGZCUNYQGFTGLS-UHFFFAOYSA-N_SnPu3r_to_hippo.pkl.gz,27348.0,10600.0,,,
0,Cc1cc(NC(=O)NCC(C)O)nn1C1CC1,GZPXXQDQKSPFSB-UHFFFAOYSA-N,,,Cc1cc(N)nn1C1CC1,CC(O)CN,Formation_of_urea_from_two_amines,C54945,z0211a,z0215a,,10000.0,3231.0,TaAYU4,/opt/xchem-fragalysis-2/maxwin/RdRp_FFF/syndirella/mar_elabs/templates/z0211a_apo-desolv.pdb,/opt/xchem-fragalysis-2/maxwin/RdRp_FFF/syndirella/mar_elabs/elabs_059/GZPXXQDQKSPFSB-UHFFFAOYSA-N/GZPXXQDQKSPFSB-UHFFFAOYSA-N_TaAYU4_to_hippo.pkl.gz,13103.0,5332.0,,,
0,CC(CC(=O)Nc1c[nH]nc1-c1nccs1)N1CCCCC1=O,ZTHISXNUAOFTJB-UHFFFAOYSA-N,,,Nc1c[nH]nc1-c1nccs1,CC(CC(=O)O)N1CCCCC1=O,Amidation,C23289,z0215a,z1018a,,10000.0,2424.0,Crgfq8,/opt/xchem-fragalysis-2/maxwin/RdRp_FFF/syndirella/mar_elabs/templates/z0215a_apo-desolv.pdb,/opt/xchem-fragalysis-2/maxwin/RdRp_FFF/syndirella/mar_elabs/elabs_019/ZTHISXNUAOFTJB-UHFFFAOYSA-N/ZTHISXNUAOFTJB-UHFFFAOYSA-N_Crgfq8_to_hippo.pkl.gz,52104.0,10302.0,,,
0,O=C(CCCc1ccncc1)NCc1coc2ccccc12,XPDDKFHYDJHELS-UHFFFAOYSA-N,,,O=C(O)CCCc1ccncc1,NCc1coc2ccccc12,Amidation,C35920,d0472b,3vws-a,,10000.0,2.0,Ujrir4,/opt/xchem-fragalysis-2/maxwin/RdRp_FFF/syndirella/mar_elabs/templates/d0472b_apo-desolv.pdb,/opt/xchem-fragalysis-2/maxwin/RdRp_FFF/syndirella/mar_elabs/elabs_017/XPDDKFHYDJHELS-UHFFFAOYSA-N/XPDDKFHYDJHELS-UHFFFAOYSA-N_Ujrir4_to_hippo.pkl.gz,27675.0,10500.0,,,
0,COCCCn1ccc(NC(=O)NCC(C)O)n1,VEAPMNAYWNOMRJ-UHFFFAOYSA-N,,,COCCCn1ccc(N)n1,CC(O)CN,Formation_of_urea_from_two_amines,C55155,z0211a,z0215a,,10000.0,3211.0,oBUHPJ,/opt/xchem-fragalysis-2/maxwin/RdRp_FFF/syndirella/mar_elabs/templates/z0211a_apo-desolv.pdb,/opt/xchem-fragalysis-2/maxwin/RdRp_FFF/syndirella/mar_elabs/elabs_060/VEAPMNAYWNOMRJ-UHFFFAOYSA-N/VEAPMNAYWNOMRJ-UHFFFAOYSA-N_oBUHPJ_to_hippo.pkl.gz,39579.0,10608.0,,,
1,COCCCn1ccc(NC(=O)NCC(C)O)n1,VEAPMNAYWNOMRJ-UHFFFAOYSA-N,,,COCCCn1ccc(N)n1,CC(O)CN,Formation_of_urea_from_two_amines,C55155,z0211a,z0215a,,10000.0,3279.0,Xhtsx2,/opt/xchem-fragalysis-2/maxwin/RdRp_FFF/syndirella/mar_elabs/templates/z0211a_apo-desolv.pdb,/opt/xchem-fragalysis-2/maxwin/RdRp_FFF/syndirella/mar_elabs/elabs_060/VEAPMNAYWNOMRJ-UHFFFAOYSA-N/VEAPMNAYWNOMRJ-UHFFFAOYSA-N_Xhtsx2_to_hippo.pkl.gz,39746.0,10608.0,,,
2,COCCCn1ccc(NC(=O)NCC(C)O)n1,VEAPMNAYWNOMRJ-UHFFFAOYSA-N,,,CC(O)C[NH:1]C(=O)n1ccnc1,COCCCn1ccc(N)n1,Formation_of_urea_by_displacement_of_imidazole_by_amine,C55155,z0211a,z0215a,,10000.0,3124.0,VVXPXL,/opt/xchem-fragalysis-2/maxwin/RdRp_FFF/syndirella/mar_elabs/templates/z0211a_apo-desolv.pdb,/opt/xchem-fragalysis-2/maxwin/RdRp_FFF/syndirella/mar_elabs/elabs_060/VEAPMNAYWNOMRJ-UHFFFAOYSA-N/VEAPMNAYWNOMRJ-UHFFFAOYSA-N_VVXPXL_to_hippo.pkl.gz,43082.0,10199.0,,,
0,O=C(NCCN1CCCC1=O)c1cc(O)nc2ccccc12,NLPSSNMFGBLZAP-UHFFFAOYSA-N,,,O=C(O)c1cc(O)nc2ccccc12,NCCN1CCCC1=O,Amidation,C65691,z1018a,z1040a,,10000.0,4019.0,hCH2co,/opt/xchem-fragalysis-2/maxwin/RdRp_FFF/syndirella/mar_elabs/templates/z1018a_apo-desolv.pdb,/opt/xchem-fragalysis-2/maxwin/RdRp_FFF/syndirella/mar_elabs/elabs_016/NLPSSNMFGBLZAP-UHFFFAOYSA-N/NLPSSNMFGBLZAP-UHFFFAOYSA-N_hCH2co_to_hippo.pkl.gz,22900.0,10200.0,,,
0,CC(CN1CCCC1=O)NC(=O)c1cccc2ncccc12,XZCHKOUIHXKRTC-UHFFFAOYSA-N,,,O=C(O)c1cccc2ncccc12,CC(N)CN1CCCC1=O,Amidation,C65404,z1018a,z1040a,,10000.0,3511.0,N5hSaF,/opt/xchem-fragalysis-2/maxwin/RdRp_FFF/syndirella/mar_elabs/templates/z1018a_apo-desolv.pdb,/opt/xchem-fragalysis-2/maxwin/RdRp_FFF/syndirella/mar_elabs/elabs_041/XZCHKOUIHXKRTC-UHFFFAOYSA-N/XZCHKOUIHXKRTC-UHFFFAOYSA-N_N5hSaF_to_hippo.pkl.gz,33900.0,10300.0,,,
0,COC(=O)c1cc(NC(=O)NCC(C)O)nn1C,WVGFLLFSIMGYJN-UHFFFAOYSA-N,,,COC(=O)c1cc(N)nn1C,CC(O)CN,Formation_of_urea_from_two_amines,C55262,z0211a,z0215a,,10000.0,1313.0,dfzEwH,/opt/xchem-fragalysis-2/maxwin/RdRp_FFF/syndirella/mar_elabs/templates/z0211a_apo-desolv.pdb,/opt/xchem-fragalysis-2/maxwin/RdRp_FFF/syndirella/mar_elabs/elabs_061/WVGFLLFSIMGYJN-UHFFFAOYSA-N/WVGFLLFSIMGYJN-UHFFFAOYSA-N_dfzEwH_to_hippo.pkl.gz,28677.0,11024.0,,,
1,COC(=O)c1cc(NC(=O)NCC(C)O)nn1C,WVGFLLFSIMGYJN-UHFFFAOYSA-N,,,COC(=O)c1cc(N)nn1C,CC(O)CN,Formation_of_urea_from_two_amines,C55262,z0211a,z0215a,,10000.0,1245.0,2SFedS,/opt/xchem-fragalysis-2/maxwin/RdRp_FFF/syndirella/mar_elabs/templates/z0211a_apo-desolv.pdb,/opt/xchem-fragalysis-2/maxwin/RdRp_FFF/syndirella/mar_elabs/elabs_061/WVGFLLFSIMGYJN-UHFFFAOYSA-N/WVGFLLFSIMGYJN-UHFFFAOYSA-N_2SFedS_to_hippo.pkl.gz,28560.0,11024.0,,,
2,COC(=O)c1cc(NC(=O)NCC(C)O)nn1C,WVGFLLFSIMGYJN-UHFFFAOYSA-N,,,CC(O)C[NH:1]C(=O)n1ccnc1,COC(=O)c1cc(N)nn1C,Formation_of_urea_by_displacement_of_imidazole_by_amine,C55262,z0211a,z0215a,,10000.0,1162.0,LyiXGx,/opt/xchem-fragalysis-2/maxwin/RdRp_FFF/syndirella/mar_elabs/templates/z0211a_apo-desolv.pdb,/opt/xchem-fragalysis-2/maxwin/RdRp_FFF/syndirella/mar_elabs/elabs_061/WVGFLLFSIMGYJN-UHFFFAOYSA-N/WVGFLLFSIMGYJN-UHFFFAOYSA-N_LyiXGx_to_hippo.pkl.gz,30960.0,10600.0,,,
0,O=C(CCCc1ccncc1)NCc1coc2ccccc12,XPDDKFHYDJHELS-UHFFFAOYSA-N,,,O=C(O)CCCc1ccncc1,NCc1coc2ccccc12,Amidation,C35920,d0472b,3vws-a,,10000.0,4.0,5xZZRg,/opt/xchem-fragalysis-2/maxwin/RdRp_FFF/syndirella/mar_elabs/templates/d0472b_apo-desolv.pdb,/opt/xchem-fragalysis-2/maxwin/RdRp_FFF/syndirella/mar_elabs/elabs_043/XPDDKFHYDJHELS-UHFFFAOYSA-N/XPDDKFHYDJHELS-UHFFFAOYSA-N_5xZZRg_to_hippo.pkl.gz,27552.0,10500.0,,,
0,CC(CN1CCCC1=O)NC(=O)C=Cc1ccc2c(c1)CCCN2C,WZJPHEKPHALAMW-UHFFFAOYSA-N,,,CN1CCCc2cc(C=CC(=O)O)ccc21,CC(N)CN1CCCC1=O,Amidation,C44380,z0364a,z1018a,,10000.0,1163.0,ByRRUx,/opt/xchem-fragalysis-2/maxwin/RdRp_FFF/syndirella/mar_elabs/templates/z0364a_apo-desolv.pdb,/opt/xchem-fragalysis-2/maxwin/RdRp_FFF/syndirella/mar_elabs/elabs_022/WZJPHEKPHALAMW-UHFFFAOYSA-N/WZJPHEKPHALAMW-UHFFFAOYSA-N_ByRRUx_to_hippo.pkl.gz,17628.0,3502.0,,,
0,c1nc2ccc(NCc3ccc4occc4c3)cn2n1,WNOQDDCSSLWEEK-UHFFFAOYSA-N,,,NCc1ccc2occc2c1,Ic1ccc2ncnn2c1,N-nucleophilic_aromatic_substitution,C60663,z0521a,3vws-a,,10000.0,4738.0,yoqDHE,/opt/xchem-fragalysis-2/maxwin/RdRp_FFF/syndirella/mar_elabs/templates/z0521a_apo-desolv.pdb,/opt/xchem-fragalysis-2/maxwin/RdRp_FFF/syndirella/mar_elabs/elabs_071/WNOQDDCSSLWEEK-UHFFFAOYSA-N/WNOQDDCSSLWEEK-UHFFFAOYSA-N_yoqDHE_to_hippo.pkl.gz,15720.0,12524.0,,,
0,OC1COCC1CNCc1ccn[nH]1,DFFAHRILMAZSJI-UHFFFAOYSA-N,NoScaffold,Scaffold was not found in the scaffold names of the HIPPO output at /opt/xchem-fragalysis-2/maxwin/RdRp_FFF/syndirella/mar_elabs/elabs_089/DFFAHRILMAZSJI-UHFFFAOYSA-N/DFFAHRILMAZSJI-UHFFFAOYSA-N_d6KgRo_to_hippo.pkl.gz.Most likely due to an incorrectly written SMIRKS.,O=Cc1ccn[nH]1,NCC1COCC1O,Reductive_amination,C10275,d0160a,d0254a,,10000.0,3012.0,d6KgRo,/opt/xchem-fragalysis-2/maxwin/RdRp_FFF/syndirella/mar_elabs/templates/d0160a_apo-desolv.pdb,/opt/xchem-fragalysis-2/maxwin/RdRp_FFF/syndirella/mar_elabs/elabs_089/DFFAHRILMAZSJI-UHFFFAOYSA-N/DFFAHRILMAZSJI-UHFFFAOYSA-N_d6KgRo_to_hippo.pkl.gz,86976.0,10200.0,,,
0,O=C(Nc1cccnc1C1CC1)c1cn[nH]c1,OUADHXQUGPVFPL-UHFFFAOYSA-N,,,O=C(O)c1cn[nH]c1,Nc1cccnc1C1CC1,Amidation,C20299,d0160a,d0472a,,10000.0,6739.0,PBqB9Z,/opt/xchem-fragalysis-2/maxwin/RdRp_FFF/syndirella/mar_elabs/templates/d0160a_apo-desolv.pdb,/opt/xchem-fragalysis-2/maxwin/RdRp_FFF/syndirella/mar_elabs/elabs_035/OUADHXQUGPVFPL-UHFFFAOYSA-N/OUADHXQUGPVFPL-UHFFFAOYSA-N_PBqB9Z_to_hippo.pkl.gz,26000.0,11700.0,,,
0,c1cnc2c(c1)CCCC2NCc1cccnc1N1CCCC1,KSLLTEVDKMOHSW-UHFFFAOYSA-N,,,OCc1cccnc1N1CCCC1,NC1CCCc2cccnc21,Mitsunobu_reaction_with_amine_alcohol_and_thioalcohol,C61386,d0472b,z0200a,,10000.0,703.0,FtTLun,/opt/xchem-fragalysis-2/maxwin/RdRp_FFF/syndirella/mar_elabs/templates/d0472b_apo-desolv.pdb,/opt/xchem-fragalysis-2/maxwin/RdRp_FFF/syndirella/mar_elabs/elabs_094/KSLLTEVDKMOHSW-UHFFFAOYSA-N/KSLLTEVDKMOHSW-UHFFFAOYSA-N_FtTLun_to_hippo.pkl.gz,51570.0,10908.0,,,
