,compound,smiles,quote_id,quote_entry,quote_price_USD,quote_amount_mg,quote_catalogue,JA curated YES,DF curated NO,AC curated INTERESTING,DF curated INTERESTING,Enamine_Order_1968912,AC curated YES,DF curated YES,JA curated MAYBE,JA curated INTERESTING,JA curated NO,LCD curated YES,LCD curated INTERESTING,#curated YES,#curated NO,#curated INTERESTING
0,734,CC(C)n1cc(NC2=NCCCS2)cn1,,,,,,True,True,,,,,,,,,,,2,2,1
1,743,CC(Cn1cccn1)NC1=NCCCS1,,,,,,,,True,,,,,,,,,,0,0,1
2,778,CCS(=O)(=O)NCC=1C=CC(=NC1)N2CCCC=3C=CC=CC32,923.0,Z4278175298,132.0,5.0,sRDB,,,,True,,,,,,,,,0,0,1
3,890,CCS(=O)(=O)NCC=1C=CN=CC1Cl,874.0,Z2680349149,75.0,5.0,Advanced,True,,,True,True,,,,,,,,2,1,2
4,897,CCS(=O)(=O)NCC=1C=CC(=CC1)OCC=2C=CC=CN2,954.0,Z805640618,79.0,5.0,HTS,True,,,True,True,,,,,,,,2,1,2
5,1941,CN(C=1C=CC=NC1)S(=O)(=O)CCC2CCCO2,781.0,Z1420252205,125.0,5.0,sRDB,,,True,,,,,,,,,,0,0,1
6,3098,CCS(=O)(=O)NCc1ccc(C(=O)N2CC(=O)N2)cc1,,,,,,True,,,True,,,,,,,,,2,1,2
7,18275,CCC1OCCC1CNCc1cc[nH]n1,,,,,,,,True,,,,,,,,,,0,0,1
8,5226,CCOC(=O)CN1N=C(C=CC1=O)C=2C=CC=NC2,919.0,Z3663805978,132.0,5.0,sRDB,,,,True,,,,,,,,,0,0,1
9,16150,O=C(NOC1CCOC1)N2CCN(C=3C=CC=NC3)C(=O)C2,779.0,Z1700699334,125.0,5.0,sRDB,,,True,,,,,,,,,,0,0,1
10,7755,CCS(=O)(=O)NCC1=NC=2C=C(Cl)C=CC2N1,955.0,Z2677388725,79.0,5.0,HTS,True,,True,True,True,,,,,,,,2,1,3
11,1569,CC1=CN=C(CC(=O)NCC=2C=CC(=O)NN2)S1,805.0,Z3336152414,125.0,5.0,sRDB,,,True,,,,,,,,,,0,0,1
12,1778,O=C(O)c1csc(-c2ccc(=O)[nH]n2)n1,,,,,,,,True,,,,,,,,,,0,0,1
13,1905,NCc1csc(-c2ccc(=O)[nH]n2)n1,,,,,,,,True,,,,,,,,,,0,0,1
14,1226,CC(C)(CO)NC(=O)C1=CN=C(S1)C2=CC=C(Cl)S2,966.0,Z1616725039,144.0,5.0,sRDB,True,True,,,True,,,,,,,,2,2,1
15,1191,CCS(=O)(=O)NCC1CCCN(Cc2cccc3ccccc23)C1,,,,,,,,True,True,,,,,,,,,0,0,2
16,1443,CC(C)(CO)NC(=O)C1=CSC(=N1)C=2C=CSC2,962.0,Z425735388,144.0,5.0,sRDB,True,True,,,True,,,,,,,,2,2,1
17,2600,CC(C)(C)OCC(O)c1ccncn1,,,,,,,,True,,,,,,,,,,0,0,1
18,2614,CCCN(CCC)S(=O)(=O)NC(C)C=1N=CC=CN1,814.0,Z3618333376,125.0,5.0,sRDB,,,True,,,,,,,,,,0,0,1
19,2658,CC(NS(=O)(=O)CC(C)(C)C#N)C=1N=CC=CN1,813.0,Z3618333085,125.0,5.0,sRDB,,,True,,,,,,,,,,0,0,1
20,2664,C[C@@H](NS(=O)(=O)CC#N)C=1N=CC=CN1,934.0,Z9412090079,132.0,5.0,sRDB,True,,,True,True,,,,,,,,2,1,2
21,8588,CCS(=O)(=O)NCc1ccc(C=CC(=O)O)s1,,,,,,True,,,,,True,,,,,,,2,0,0
22,14910,C1=CC(=CC=N1)N2CCCOCC2,747.0,Z1957676618,125.0,5.0,sRDB,,,,True,,,,,,,,,0,0,1
23,15070,CN(CCNC(=O)CC1CCCCO1)C(=O)C=2C=CC=NC2,866.0,Z9426627581,187.0,5.0,mRDB,,,True,,,,,,,,,,0,0,1
24,9420,O=C(C=CC1=CSC=N1)OCCCCC2CCCO2,807.0,Z3383153484,125.0,5.0,sRDB,,,,,,True,,,,,,,2,1,1
25,2576,CC(C)(CO)NC(=O)N1CCC(C1)C=2C=CON2,981.0,Z3374716368,216.0,5.0,mRDB,True,True,,,True,,,,,,,,2,2,1
26,2576,CC(C)(CO)NC(=O)N1CCC(C1)C=2C=CON2,981.0,Z3374716368,216.0,5.0,mRDB,True,True,,,True,,,,,,,,2,2,1
27,1237,CCS(=O)(=O)N(C)C1CCN(CC1)C(=O)CC=2C=CC=NC2,769.0,Z1178038993,125.0,5.0,sRDB,,,True,,,,,,,,,,0,0,1
28,14066,CC(O)C1=NC=C(CNC(CCC=2C=CC=CC2)CC(=O)O)S1,860.0,Z3838487329,187.0,5.0,mRDB,,,True,,,,,,,,,,0,0,1
29,14067,CCC1=NC=C(CNC(CCC=2C=CC=CC2)CC(=O)O)S1,855.0,Z2899420163,187.0,5.0,mRDB,,,True,,,,,,,,,,0,0,1
30,23454,c1nc(-c2n[nH]c3c2CCCC3)c[nH]1,,,,,,,,True,True,,,,,,,,,0,0,2
31,14551,CC=1N=CSC1COC(=O)COC=2C=CSC2,760.0,Z2000307411,125.0,5.0,sRDB,,,True,,,,,,,,,,0,0,1
32,2829,CCS(=O)(=O)NCC1CC(=O)N(c2ccc(C)cc2)C1,,,,,,True,,True,,,,,,,,,,2,1,2
33,3075,CCS(=O)(=O)NCC1CC(=O)N(C1)C=2C=CC(Cl)=CC2,972.0,Z1744828268,144.0,5.0,sRDB,True,,True,,True,,,,,,,,2,1,2
34,3914,CCS(=O)(=O)NCC1CN(c2ncc(F)cn2)Cc2cncn21,,,,,,,,True,True,,,,,,,,,0,0,2
35,21062,CC(=O)NCCN(Cc1ccsc1)C(=O)c1cnccc1O,,,,,,,,True,,,,,,,,,,0,0,1
36,1623,CCS(=O)(=O)NCC1=CN(CCCN2C=NC=N2)N=N1,935.0,Z9426627126,132.0,5.0,sRDB,,,True,,,,,,,,,,0,0,1
37,983,CCS(=O)(=O)NCC1CCCC2CC12,853.0,Z2509405973,187.0,5.0,mRDB,,,,True,,,,,,,,,0,0,1
38,1194,CCS(=O)(=O)NCC1C=CCCCC1,857.0,Z3337393275,187.0,5.0,mRDB,,,,True,,,,,,,,,0,0,1
39,5802,CC(C=1C=CC=CC1)S(=O)(=O)NC(C=2N=CC=CN2)C3CC3,858.0,Z3475395797,187.0,5.0,mRDB,,,True,True,,,,,,,,,0,0,2
40,1465,CCS(=O)(=O)NCC1CCCC2(CC2)C1,854.0,Z2512801959,187.0,5.0,mRDB,,,,True,,,,,,,,,0,0,1
41,9207,CCOC(=O)CC(C)OC(=O)c1ccnn1-c1ccncc1,,,,,,,,True,,,,,,,,,,0,0,1
42,9207,CCOC(=O)CC(C)OC(=O)c1ccnn1-c1ccncc1,,,,,,,,True,,,,,,,,,,0,0,1
43,772,CCS(=O)(=O)NCC=1N=CC=CC1OC,980.0,Z5025266519,144.0,5.0,sRDB,True,,,True,True,,,,,,,,2,1,2
44,791,CCS(=O)(=O)NCC=1N=CC=CC1F,968.0,Z1498584846,144.0,5.0,sRDB,True,,,True,True,,,,,,,,2,1,2
45,808,CCS(=O)(=O)NCC1=NC(Cl)=CC=C1Br,979.0,Z3820117159,144.0,5.0,sRDB,True,,,True,True,,,,,,,,2,1,2
46,850,CCS(=O)(=O)NCC=1C=CN=CC1C,958.0,Z1742120905,144.0,5.0,sRDB,True,,,True,True,,,,,,,,2,1,2
47,852,CCS(=O)(=O)NCC=1N=CC=CC1C,957.0,Z1130340361,144.0,5.0,sRDB,True,,,True,True,,,,,,,,2,1,2
48,856,CCS(=O)(=O)NCC=1N=CC(C)=CC1C,976.0,Z2890054145,144.0,5.0,sRDB,True,,,True,True,,,,,,,,2,1,2
49,885,CCS(=O)(=O)NCC=1C=NC(C)=CC1C,973.0,Z2279849399,144.0,5.0,sRDB,True,,,True,True,,,,,,,,2,1,2
50,886,CCS(=O)(=O)NCC=1N=CC=CC1Cl,875.0,Z3016999067,75.0,5.0,Advanced,True,,,True,True,,,,,,,,2,1,2
51,890,CCS(=O)(=O)NCC=1C=CN=CC1Cl,874.0,Z2680349149,75.0,5.0,Advanced,True,,,True,True,,,,,,,,2,1,2
52,915,CCS(=O)(=O)NCC=1C=NC=CC1C,959.0,Z1763514824,144.0,5.0,sRDB,True,,,True,True,,,,,,,,2,1,2
53,1345,CCS(=O)(=O)N(C)C1=CC=CN=C1,956.0,Z1238655138,144.0,5.0,sRDB,True,,,True,True,,,,,,,,2,1,2
54,1345,CCS(=O)(=O)N(C)C1=CC=CN=C1,956.0,Z1238655138,144.0,5.0,sRDB,,,,True,,,,,,,,,0,0,1
55,5550,CC(C)(C)OCC(O)c1cscn1,,,,,,,,,,,True,,,,,,,2,1,1
56,5555,C=CCN(C)S(=O)(=O)NC(C)C1=NC=CS1,828.0,Z4264237159,125.0,5.0,sRDB,,,True,,,,,,,,,,0,0,1
57,5616,CC(NS(=O)(=O)CCCCC#N)C1=NC=CS1,767.0,Z1168399499,125.0,5.0,sRDB,,,True,,,,,,,,,,0,0,1
58,5663,CC(CC(C)C(F)F)NS(=O)(=O)CC1=CSC=N1,861.0,Z4034768090,187.0,5.0,mRDB,,,True,,,,,,,,,,0,0,1
59,5850,C=CC(C)(CC)NS(=O)(=O)C1=CSC=N1,859.0,Z3619730231,187.0,5.0,mRDB,,,,True,,,,,,,,,0,0,1
60,5927,CC(CS(=O)(=O)NC(C)C1=NC=CS1)C(C)(F)F,862.0,Z4264237449,187.0,5.0,mRDB,,,,True,,,,,,,,,0,0,1
61,6140,CC(NS(=O)(=O)CBr)C1=CN=CS1,798.0,Z2895614550,125.0,5.0,sRDB,,,,True,,,,,,,,,0,0,1
62,6353,CCCS(=O)(=O)NC(C)C=1C=CC=NC1,960.0,Z815143088,144.0,5.0,sRDB,True,,,True,True,,,,,,,,2,1,2
63,6445,CCCCN(O)C(=O)C1=CC=CC=N1,799.0,Z2900667522,125.0,5.0,sRDB,,,True,,,,,,,,,,0,0,1
64,6465,CC(CCNS(=O)(=O)CC=1C=CN=CC1)C(F)F,863.0,Z4278550576,187.0,5.0,mRDB,,,,True,,,,,,,,,0,0,1
65,6489,CCCC(NS(=O)(=O)CC(C)(C)C(F)(F)F)C=1C=CC=CN1,812.0,Z3616715385,125.0,5.0,sRDB,,,True,,,,,,,,,,0,0,1
66,6489,CCCC(NS(=O)(=O)CC(C)(C)C(F)(F)F)C=1C=CC=CN1,812.0,Z3616715385,125.0,5.0,sRDB,,,True,,,,,,,,,,0,0,1
67,6527,CCC(NS(=O)(=O)N(C)C)C=1C=CN=CC1,775.0,Z1271211895,125.0,5.0,sRDB,,,,True,,True,,,,,,,2,1,2
68,6543,CC(NS(=O)(=O)CC#N)C=1C=CC=CN1,755.0,Z871802814,125.0,5.0,sRDB,,,,True,,,,,,,,,0,0,1
69,6567,CC[C@@H](NS(=O)(=O)CCC(C)C)C=1C=CC=CN1,848.0,Z2774704738,125.0,5.0,sRDB,,,,True,,,,,,,,,0,0,1
70,6634,CC(C)CC(C)CS(=O)(=O)NC(C)C=1C=CN=CC1,827.0,Z4259887894,125.0,5.0,sRDB,,,,True,,,,,,,,,0,0,1
71,6634,CC(C)CC(C)CS(=O)(=O)NC(C)C=1C=CN=CC1,827.0,Z4259887894,125.0,5.0,sRDB,,,,True,,,,,,,,,0,0,1
72,6710,CC(C)C(NS(C)(=O)=O)C=1C=CN=CC1,773.0,Z1199449998,125.0,5.0,sRDB,,,,True,,,,,,,,,0,0,1
73,6745,CC(NS(C)(=O)=O)C=1C=CC=CN1,745.0,Z133729596,125.0,5.0,sRDB,,,,True,,,,,,,,,0,0,1
74,6748,C=C(C(=O)OC)C(O)C=1C=CN=CC1,736.0,Z320967548,38.0,5.0,Legacy,,,True,,,,,,,,,,0,0,1
75,23751,CC(CNC(=O)NC1=NC=C(CC2CCOCC2)S1)S(N)(=O)=O,868.0,Z9426627799,187.0,5.0,mRDB,,,True,,,,,,,,,,0,0,1
76,6935,CCCOCC(O)c1cccnc1,,,,,,,,True,,,,,,,,,,0,0,1
77,6945,CC(C)(C)OCC(O)c1ccccn1,,,,,,,,True,,,,,,,,,,0,0,1
78,6950,CCC(NS(=O)(=O)CCC(F)(F)C(F)F)C=1C=CC=NC1,743.0,Z4343940688,125.0,5.0,sRDB,,,,True,,True,,,,,,,2,1,2
79,14654,C=1C=CC(=NC1)N2CCCOCC2,746.0,Z929763336,125.0,5.0,sRDB,,,True,True,,,,,,,,,0,0,2
80,24397,CSCC(C)CNC(C)c1cn(C)nc1C1CCOCC1,,,,,,,,True,,,,,,,,,,0,0,1
81,4670,CCCC1=NN=C(NS(=O)(=O)C=2C=CC=3OCCOC3C2)S1,852.0,Z1366999927,187.0,5.0,mRDB,,,True,,,,,,,,,,0,0,1
82,5076,CCCN1C=CC(CNCC2=CC=C3OCCOC3=N2)=N1,833.0,Z4482323982,125.0,5.0,sRDB,,,True,,,,,,,,,,0,0,1
83,4745,O=C1C=CC(=NN1CC2=NSC=3C=CC=CC23)C=4C=CC=NC4,836.0,Z8952182813,125.0,5.0,sRDB,,,True,True,,,,,,,,,0,0,2
84,1453,O=S(=O)(CCC=1C=NOC1)NC(C=2C=CN=CC2)C3CCC3,831.0,Z4275436706,125.0,5.0,sRDB,,,True,True,,,,,,,,,0,0,2
85,1504,O=S(=O)(CCC=1C=NOC1)NC(C=2C=CC=NC2)C3CC3,829.0,Z4267687993,125.0,5.0,sRDB,,,True,True,,,,,,,,,0,0,2
86,1548,O=S(=O)(CCC=1C=NOC1)NC(C=2C=CC=CC2)C3=CC=CN=C3,837.0,Z9426627110,125.0,5.0,sRDB,,,True,True,,,,,,,,,0,0,2
87,1548,O=S(=O)(CCC=1C=NOC1)NC(C=2C=CC=CC2)C3=CC=CN=C3,837.0,Z9426627110,125.0,5.0,sRDB,,,,True,,,,,,,,,0,0,1
88,8715,C1=NC=C(N1)C=2C=CN=CC2,742.0,Z2491387466,67.0,5.0,Advanced,,,,,,True,True,,,,,,2,0,0
89,66289,COc1ccc2cc(CN)[nH]c2c1NC(C)=O,,,,,,,,,,,,True,,,,,,2,1,1
90,20751,CC(CC(=O)NC1=CNN=C1C2=NC=CS2)N3C=CC=C3,787.0,Z1894109819,125.0,5.0,sRDB,,,,True,,,,,,,,,0,0,1
91,6954,O=C1C=C(c2ccccn2)CCCC1,,,,,,,,,,,True,,,,,,,2,1,1
92,13407,Cn1cncc1-c1nnc(C2CCCCN2)o1,,,,,,,,,True,,,,,,,,,0,0,1
93,16080,CC(CNC(=O)C=1C=CC(=NC1)C=2N=CNN2)C3=NC=CN3,841.0,Z9426627598,125.0,5.0,sRDB,,,,,,,True,,,,,,2,1,1
94,19774,CC(NC(=O)C=1C=CN=C(C1)N2C=CC=C2)C3=NC=CN3,842.0,Z9426627664,125.0,5.0,sRDB,,,,,,,True,,,,,,2,1,1
95,10197,OC1(CNCC2=CC=NN2)CCOC1,752.0,Z2582855536,125.0,5.0,sRDB,,,True,,,,,,,,,,0,0,1
96,10237,CC1(CNCC2=CC=NN2)CCOC1,753.0,Z2582856813,125.0,5.0,sRDB,,,True,,,,,,,,,,0,0,1
97,10275,OC1COCC1CNCc1ccn[nH]1,,,,,,,,,,,True,,,,,,,2,1,1
98,9237,C=C(Cn1ccnc1)C(=O)NC(CO)Cc1cccnc1,,,,,,,,,,,True,,,,,,,2,1,1
99,21233,C1=CN(C=N1)C=2C=C(C=CN2)C3=NN=C(O3)C=4C=CC=NC4,850.0,Z1661185374,187.0,5.0,mRDB,,,True,,,,True,,,,,,2,1,2
100,21752,O=C(CCCN1C=CN=C1)NC(CO)C(O)C=2C=CC=NC2,843.0,Z9426627698,125.0,5.0,sRDB,,,True,,,,,,,,,,0,0,1
101,23300,CC(CC1=CN=CN1)C(=O)NCC2=NN=C(O2)N3CCCC3,825.0,Z4236157400,125.0,5.0,sRDB,,,True,,,,,,,,,,0,0,1
102,17764,CCC(NC(=O)NC=1C=CC(=CN1)OC(F)F)C2CCCO2,788.0,Z2294828299,125.0,5.0,sRDB,,,True,,,,,,,,,,0,0,1
103,26127,O=C(NC1CCC21CNC2)C=3C=CC(=NC3)C=4C=CN=CC4,821.0,Z4029336495,125.0,5.0,sRDB,,,True,True,,,,,,,,,0,0,2
104,22539,CC(CC(=O)NC=1C=NNC1C#N)C2CCCO2,797.0,Z2817904935,125.0,5.0,sRDB,,,True,True,,,,,,,,,0,0,2
105,22542,CN1C=C(C=N1)C(=O)CNC(=O)C2CCCO2,801.0,Z2962156250,125.0,5.0,sRDB,,,,True,,,,,,,,,0,0,1
106,22777,CC(C)(NCC1=CC=NN1C2CCCC2)C3CCCO3,804.0,Z3318668420,125.0,5.0,sRDB,,,,True,,,,,,,,,0,0,1
107,22810,O=C(NCC1CCCO1)C=2C=CN(N2)C3CCCC3,782.0,Z1431482202,125.0,5.0,sRDB,,,,True,,,,,,,,,0,0,1
108,23189,O=S(=O)(NCC1CCCO1)C=2C=NN(C2)C3CCCC3,794.0,Z2772250608,125.0,5.0,sRDB,,,True,True,,,,,,,,,0,0,2
109,18236,ClC=1C=C(C=CN1)NCC2=CC=NN2,749.0,Z2582855603,125.0,5.0,sRDB,,,,True,,,,,,,,,0,0,1
110,18302,FC=1C=NC=CC1NCC2=CC=NN2,754.0,Z2754114695,125.0,5.0,sRDB,,,,True,,,,,,,,,0,0,1
111,18620,C=CCNC(=O)C1=CC=C(N=C1)N2CCC(C2)C3=CC=NN3,818.0,Z3870429174,125.0,5.0,sRDB,,,True,,,,,,,,,,0,0,1
112,18861,CNS(=O)(=O)C=1C=CC(=NC1)N2CCC(C2)C3=CC=NN3,819.0,Z3870429202,125.0,5.0,sRDB,,,True,,,,,,,,,,0,0,1
113,18883,CS(=N)(=O)C=1C=CC(=NC1)N2CCC(C2)C3=CC=NN3,824.0,Z4229960942,125.0,5.0,sRDB,,,True,,,,,,,,,,0,0,1
114,18884,OCC=1C=CN=C(C1)N2CCC(C2)C3=CC=NN3,817.0,Z3870428392,125.0,5.0,sRDB,,,True,,,,,,,,,,0,0,1
115,18885,CS(=O)(=O)C=1C=CC(=NC1)N2CCC(C2)C3=CC=NN3,808.0,Z3393866775,125.0,5.0,sRDB,,,True,,,,,,,,,,0,0,1
116,11952,COC(=O)c1[nH]c(C(C)C)cc1-c1cn[nH]c1,,,,,,,,,True,,,,,,,,,0,0,1
117,24657,CC(=Cc1ccccn1)C(=O)N(C)C1(C(=O)O)CCOC1,,,,,,,,True,,,,,,,,,,0,0,1
118,11581,CC1=CN=C(CNC(C)C2=CN=CS2)N1,793.0,Z2581859906,125.0,5.0,sRDB,,,True,,,,,,,,,,0,0,1
119,13088,COCCN(CC1=CN=CS1)C(=O)CN2C=NC(=C2)C(=O)O,822.0,Z4173684939,125.0,5.0,sRDB,,,True,,,,,,,,,,0,0,1
120,15286,CC(C)c1[nH]ccc1C(=O)NCCN(CCO)C(=O)c1ccncc1,,,,,,,,True,,,,,,,,,,0,0,1
121,15286,CC(C)c1[nH]ccc1C(=O)NCCN(CCO)C(=O)c1ccncc1,,,,,,,,True,,,,,,,,,,0,0,1
122,15419,CCN(CCNC(=O)c1ccncc1)C(=O)c1cc[nH]c1C(C)C,,,,,,,,True,,,,,,,,,,0,0,1
123,17585,CC=1C=NC=CC1NCC2=CN=CS2,751.0,Z1713605135,125.0,5.0,sRDB,,,,True,,,,,,,,,0,0,1
124,17667,CNc1ccnc(NCc2cncs2)c1,,,,,,,,,True,,,,,,,,,0,0,1
125,17958,Nc1cnccc1NCc1cncs1,,,,,,,,,True,,,,,,,,,0,0,1
126,17958,Nc1cnccc1NCc1cncs1,,,,,,,,,True,,,,,,,,,0,0,1
127,26114,COCCNC(=O)CN(C)C=1C=CC(=CN1)C=2C=CN=CC2,802.0,Z2967699957,125.0,5.0,sRDB,,,True,,,,,,,,,,0,0,1
128,10384,O=C(O)C1=CC(=CN1)S(=O)(=O)NCC2=NC=CS2,759.0,Z802607250,125.0,5.0,sRDB,,,True,,,,,,,,,,0,0,1
129,16185,O=C1CN(CCN1C2=CC=CN=C2)C3=NC(=NS3)C4CCOC4,867.0,Z9426627605,187.0,5.0,mRDB,,,True,,,,,,,,,,0,0,1
130,13838,CC(=O)NCCC(C)NC(=O)C1=CSC(=N1)C=2C=CC=CN2,865.0,Z9426627555,187.0,5.0,mRDB,,,True,,,,,,,,,,0,0,1
131,12483,NC=1C=C(C=CN1)NCC2=CNC=N2,881.0,Z1633496113,132.0,5.0,sRDB,,,True,,,,True,,,,,,2,1,2
132,12548,CC=1C=NC=CC1NCC2=CNC=N2,748.0,Z1267817381,125.0,5.0,sRDB,,,,,,,True,,,,,,2,1,1
133,25743,N#Cc1ccc(-c2nccs2)[nH]1,,,,,,,,True,True,,,,,,,,,0,0,2
134,13623,CC(OC=1C=CC=NC1)C(=O)NCC(CO)C=2C=CC=NC2,774.0,Z2141143935,125.0,5.0,sRDB,,,True,,,,,,,,,,0,0,1
135,12388,CC(n1nc(-c2cncs2)nc1-c1cc[nH]c1)C(F)(F)F,,,,,,,,True,,,,,,,,,,0,0,1
136,11480,CC(NC=1C=NC(=CN1)N2C=CC=C2)C=3C=CC=CN3,839.0,Z9426627520,125.0,5.0,sRDB,,,True,,,,,,,,,,0,0,1
137,10412,COC(=O)CCN(CC1=CC=CN=C1)S(=O)(=O)C2CCOC2,780.0,Z1417009149,125.0,5.0,sRDB,,,True,,,True,,,,,,,2,1,2
138,13403,O=C(CCC(=O)C1=CC=CN1)OC(C=2C=CC=NC2)C(F)(F)F,778.0,Z1986000898,125.0,5.0,sRDB,,,True,,,,,,,,,,0,0,1
139,17072,CC(NC(C)C1CCCO1)C=2C=CC(=CC2)C=3C=CC=NC3,776.0,Z1663058060,125.0,5.0,sRDB,,,True,,,,,,,,,,0,0,1
140,13884,CC(C)C[C@H](NC(=O)C1=CN=C(S1)C=2C=CC=CN2)C(F)(F)F,920.0,Z3856530889,132.0,5.0,sRDB,,,,,,,True,,,,,,2,1,1
141,21483,CN(C)S(N)(=O)=NC(=O)C=1C=NN(C)C1N2C=CC=C2,826.0,Z4259455180,125.0,5.0,sRDB,,,True,,,,,,,,,,0,0,1
142,22012,CN1N=CC(C(=O)OCCCCC(C)(F)F)=C1N2C=CC=C2,834.0,Z4520431970,125.0,5.0,sRDB,,,True,,,,,,,,,,0,0,1
143,15932,CCC=1N=C(SC1C(=O)OC(C)CC)N2C=CC=C2,840.0,Z9426627595,125.0,5.0,sRDB,,,True,,,,,,,,,,0,0,1
144,22253,O=C(O)C1CCOC1CNCC2=CN=CS2,864.0,Z4405461689,187.0,5.0,mRDB,,,True,,,,,,,,,,0,0,1
145,22360,CCC1(C(N)c2cncs2)CCCO1,,,,,,,,True,,,,,,,,,,0,0,1
146,23087,NCC1CC(CNCC2=CN=CS2)CO1,796.0,Z2795308372,125.0,5.0,sRDB,,,True,,,,,,,,,,0,0,1
147,67390,COc1cccc(S(=O)(=O)NC(=O)c2cc(-c3ccc(C#CCO)s3)c(C(C)c3c[nH]nc3-c3ccncc3)cc2OC)c1,,,,,,,,,,,,True,,,,,,2,1,1
148,67398,Cc1cc(C(C)c2c[nH]nc2-c2ccncc2)c(-c2ccc(C#CCO)s2)cc1C(=O)NS(C)(=O)=O,,,,,,,,,,,,True,,,,,,2,1,1
149,67404,Cc1sc(C(C)NC(=O)C(C)C)c(C)c1CCNc1ccn(Cc2cccnc2)c1,,,,,,,,True,,,,,,,,,,0,0,1
150,67405,c1cncc(Cn2ccc(Nc3cccnc3-n3cccc3)c2)c1,,,,,,,,,True,,,,,,,,,0,0,1
151,67410,N#Cc1nc[nH]c1Nc1cccn1Cc1cccnc1,,,,,,True,,,,,,True,,,,,,2,0,0
152,68652,CC(C)(c1ccc(-c2csc(N)n2)cc1)c1ccncn1,,,,,,,,,,,,,True,,,,,0,0,0
153,68657,Nc1nc(-c2ccc(N(CC(=O)N3CCOCC3)C3CCCCC3)cc2)cs1,,,,,,,,True,,,,,,,,,,0,0,1
154,68663,Nc1nc(-c2ccc(NC(=O)c3csc(-c4cc(CC(=O)O)cc(CC(=O)O)c4)c3)cc2)cs1,,,,,,,,,,,,,True,,,,,0,0,0
155,68667,CCS(=O)(=O)NCc1ccc2c(c1)OC(Oc1ccc(S(=O)(=O)N3CCNCC3)cc1)O2,,,,,,True,,,,,,True,,,,,,2,0,0
156,68673,CCc1c(NCc2ccc3c(c2)OCO3)n[nH]c1O,,,,,,,,,True,,,,,,,,,0,0,1
157,67990,Cc1cc2cccc(NCC3CCNC3)n2n1,,,,,,,,,True,,,,,,,,,0,0,1
158,68932,Cc1cc(Cn2[nH]c3c(c2=O)CCCC3)on1,,,,,,,,,True,,,,,,,,,0,0,1
159,68932,Cc1cc(Cn2[nH]c3c(c2=O)CCCC3)on1,,,,,,,,,True,,,,,,,,,0,0,1
160,68987,CC1CCN(C1)S(=O)(=O)N2CC(C2)C=3C=CC=CC3,795.0,Z2775275268,125.0,5.0,sRDB,,,,True,,,,,,,,,0,0,1
161,69057,CC=1C=NC(=C(Cl)C1)N(C)CC2CCOC2,847.0,Z9426628035,125.0,5.0,sRDB,,,,True,,,,,,,,,0,0,1
162,69057,CC=1C=NC(=C(Cl)C1)N(C)CC2CCOC2,847.0,Z9426628035,125.0,5.0,sRDB,,,,True,,,,,,,,,0,0,1
163,69116,N#Cc1ccc(Cn2cnc3ccccc32)cc1O,,,,,,,,,True,,,,,,,,,0,0,1
164,68384,Cn1c(=O)n(CCN2CCCC2=O)c(=S)c2ccccc21,,,,,,True,True,,,,,,,,,,,2,2,1
165,68384,Cn1c(=O)n(CCN2CCCC2=O)c(=S)c2ccccc21,,,,,,True,True,,,,,,,,,,,2,2,1
166,69322,NC(c1ccccc1)c1ccc(-c2cc(CC(=O)O)cc(CC(=O)O)c2)s1,,,,,,True,,,True,,,,,,,,,2,1,2
167,69322,NC(c1ccccc1)c1ccc(-c2cc(CC(=O)O)cc(CC(=O)O)c2)s1,,,,,,True,,,True,,,,,,,,,2,1,2
168,67659,COc1c(CC(=O)O)cc(CC(=O)O)cc1-c1ccc(C#CCO)s1,,,,,,,,,,,,True,,,,,,2,1,1
169,67659,COc1c(CC(=O)O)cc(CC(=O)O)cc1-c1ccc(C#CCO)s1,,,,,,,,,,,,True,,,,,,2,1,1
170,67659,COc1c(CC(=O)O)cc(CC(=O)O)cc1-c1ccc(C#CCO)s1,,,,,,,,,,,,True,,,,,,2,1,1
171,67718,O=C(O)Cc1cc(-c2ccccc2)cc(C(C(=O)O)c2cc(-c3ccncc3)n[nH]2)c1,,,,,,,,,True,,,,,,,,,0,0,1
172,67721,Nc1c(CC(=O)O)cc(CC(=O)O)cc1-c1ccccc1,,,,,,,,,,,True,True,,,,,,2,0,0
173,66810,COc1cc(CC2CCNC2)cc2[nH]ccc12,,,,,,,,,True,,,,,,,,,0,0,1
174,66810,COc1cc(CC2CCNC2)cc2[nH]ccc12,,,,,,,,,True,,,,,,,,,0,0,1
175,66848,CN(c1nccc2cc(F)ccc12)S(N)(=O)=O,,,,,,,,,True,,,,,,,,,0,0,1
176,23249,CN(C)C(=O)CN1C=CC(=N1)NS(=O)(=O)N2CCCCC2,777.0,Z1265635469,125.0,5.0,sRDB,,,True,,,,,,,,,,0,0,1
177,33434,C[C@H](O)CNC(=O)NC1=CC=CC=2C=CC=NC12,892.0,Z1563511780,132.0,5.0,sRDB,True,,,,True,,,,,,,,2,1,1
178,35403,CC1=CSC(CN(C)C(=O)C(N)CC2=COC=3C=CC=CC23)=N1,809.0,Z3550204468,125.0,5.0,sRDB,,,,,,,,,True,,,,0,0,1
179,40644,CC(C)C1=CSC(CCNS(=O)(=O)C2=COC=3C=CC=CC23)=N1,844.0,Z9426627920,125.0,5.0,sRDB,,,,,,,,,True,,,,0,0,1
180,34321,C=1C=NC=C(C1)C2CCCC(C2)NC3CNC=4C=CC=CC4C3,789.0,Z2476678011,125.0,5.0,sRDB,,,,,,,,,True,,,,0,0,1
181,34509,CC(NC(=O)NC1CNC=2C=CC=CC2C1)C=3C=CC=CN3,790.0,Z2482192222,125.0,5.0,sRDB,,,,,,,,,True,,,,0,0,1
182,28013,CC=1C=CC(NC(=O)C=2C=CN=CC2)=C3C=CC=NC13,952.0,Z284853536,71.0,5.0,Legacy,True,,,,True,,,,,,,,2,1,1
183,29639,O=C(NC=1C=CC(Cl)=C2N=CC=CC12)C=3C=CN=CC3,953.0,Z288630386,71.0,5.0,Legacy,True,,,,True,,,,,,,,2,1,1
184,45268,C[C@H](O)CNC(=O)NC1=CC=CC(=N1)C2CC2,910.0,Z2295144365,132.0,5.0,sRDB,,,,,,,,,,True,True,True,2,2,2
185,45327,CC(O)CNC(=O)NC1=CC=CN=C1N2CCCC2,740.0,Z434535198,43.0,5.0,HTS,,,,,,,,,True,,True,True,2,1,3
186,49374,CC=1C=CC=C(N1)NC(=O)NCC(C)O,970.0,Z1693402753,144.0,5.0,sRDB,True,,,,True,,,,,,,,2,1,1
187,49374,CC=1C=CC=C(N1)NC(=O)NCC(C)O,970.0,Z1693402753,144.0,5.0,sRDB,True,,,,True,,,,,,,,2,1,1
188,48477,CC(=O)c1csc(-c2nccc3ccccc23)n1,,,,,,,,,,,,,,,True,True,True,2,2,2
189,48706,NC1=NC(=CS1)C=2N=CC=C3C=CC=CC23,961.0,Z1607200474,144.0,5.0,sRDB,True,,,,True,,,,,,True,,2,0,0
190,49455,Nc1csc(-c2nccc3ccccc23)n1,,,,,,,,,,,,,,,True,True,True,2,2,2
191,49503,CC1=NC(=CS1)CNC=2N=CC=C3C=CC=CC23,885.0,Z3239761394,132.0,5.0,sRDB,,,,,,,,,,True,True,True,2,2,2
192,56537,BrC=1C=CN=C2C(=CC=CC12)NCC=3C=CN=CC3,939.0,Z9471938625,132.0,5.0,sRDB,,,,,,,,,,True,True,True,2,2,2
193,30876,CC=1C=CC(NC(=O)C=2C=CC=NC2)=C3C=CC=NC13,739.0,Z284853590,38.0,5.0,Legacy,,,,,,,,,True,,,,0,0,1
194,37081,O=C(COC(=O)C1=COC=2C=CC=CC12)C3=CNC4=CC=CC=C34,772.0,Z1195922141,125.0,5.0,sRDB,,,,,,,,,True,,,,0,0,1
195,54733,CC1=CC(=NN1CC(F)(F)F)NC(=O)NCC(C)O,761.0,Z9426627949,125.0,5.0,sRDB,,,,,,,,,True,,True,,2,1,2
196,54945,CC1=CC(=NN1C2CC2)NC(=O)NC[C@@H](C)O,924.0,Z4345280131,132.0,5.0,sRDB,,,,,,,,,,True,True,True,2,2,2
197,55155,COCCCN1C=CC(=N1)NC(=O)NC[C@H](C)O,902.0,Z1865933998,132.0,5.0,sRDB,,,,,,,,,,True,True,True,2,2,2
198,55174,CC(O)CNC(=O)NC=1C=CN(N1)C=2N=CC=CN2,845.0,Z9426627955,125.0,5.0,sRDB,,,,,,,,,True,,,,0,0,1
199,55262,COC(=O)C1=CC(=NN1C)NC(=O)NC[C@H](C)O,940.0,Z9471938626,132.0,5.0,sRDB,,,,,,,,,,True,True,True,2,2,2
200,34696,C1=CC=2C=CC(=CC2O1)NCC3=CC=NN3C=4C=CC=CN4,869.0,Z9426627881,187.0,5.0,mRDB,,,,,,,,,True,,,,0,0,1
201,55996,CC=1C=C(NC(=O)NCC(C)O)N(N1)C=2C=CC=CC2,737.0,Z412178238,38.0,5.0,Legacy,,,,,,,,,True,,True,True,2,1,3
202,56548,C[C@@H](O)CNC(=O)NC=1C=C(C2CC2)N(C)N1,906.0,Z2171912904,132.0,5.0,sRDB,,,,,,,,,,True,True,True,2,2,2
203,56765,C[C@@H](O)CNC(=O)NC=1C=CN(N1)C2CCC2,921.0,Z4195014172,132.0,5.0,sRDB,,,,,,,,,,True,True,True,2,2,2
204,46078,CC(C)CC=1C=CN=C(C1)NC(=O)NCC(C)O,816.0,Z3845778601,125.0,5.0,sRDB,,,,,,,,,True,,,,0,0,1
205,46078,CC(C)CC=1C=CN=C(C1)NC(=O)NCC(C)O,816.0,Z3845778601,125.0,5.0,sRDB,,,,,,,,,True,,,,0,0,1
206,32376,C=1C=CC(=NC1)N2CCOC=3C=CC=CC3C2,964.0,Z646605084,144.0,5.0,sRDB,True,,,,True,,,,,,,,2,1,1
207,60288,CC(C)(C)C=1C=NC(=C(C#N)C1)N2CCOC=3C=CC=CC3C2,846.0,Z9426627960,125.0,5.0,sRDB,,,,,,,,,True,,,,0,0,1
208,62405,FC=1C=CC=NC1N2CCOC=3C=CC=CC3C2,741.0,Z1373424921,43.0,5.0,HTS,,,,,,,,,True,,,,0,0,1
209,62406,FC=1C=CC(=NC1)N2CCOC=3C=CC=CC3C2,763.0,Z2033642196,125.0,5.0,sRDB,,,,,,,,,True,,,,0,0,1
210,26822,c1cncc(Nc2ccc3ccccc3n2)c1,,,,,,,,,,,,,,True,,,,0,0,1
211,26966,CC(O)CNC(=O)NC=1C=CC=C2CN(CC12)C=3C=CC=CN3,762.0,Z1524104355,125.0,5.0,sRDB,,,,,,,,,True,,,,0,0,1
212,13699,N#Cc1ccc(-c2cscn2)nc1C1CC1,,,,,,,,,,,,,,True,,True,True,2,1,3
213,30341,C1=CSC(=N1)C=2N=CC=C3C=CC=CC23,882.0,Z1659902394,132.0,5.0,sRDB,,,,,,,,,True,,,,0,0,1
214,37448,c1csc(Cc2ccc3c(c2)NCCC3)n1,,,,,,,,,,,,,,True,,,,0,0,1
215,43155,Cn1cc(C(CO)NCC(O)CN2CCCC2=O)cn1,,,,,,,,,,,,,,,True,True,,2,2,1
216,3859,CC(C)(C(=O)NCCN1CCCC1=O)C=2C=C(C=CN2)C(F)(F)F,806.0,Z3357687083,125.0,5.0,sRDB,,,,,,,,,True,,,,0,0,1
217,4091,O=C(OCCCN1CCCC1=O)C=2C=CN=C(C2)C3CC3,895.0,Z1647127529,132.0,5.0,sRDB,,,,,,,,,,True,True,,2,2,1
218,4093,O=C(NCCN1CCCC1=O)C2(CC2)C=3C=CC=CN3,915.0,Z2779839306,132.0,5.0,sRDB,,,,,,,,,,True,True,,2,2,1
219,28654,C=1C=CC(=NC1)C=2C=CC=C3NCCCC23,800.0,Z2961254665,125.0,5.0,sRDB,,,,,,,,,True,,,,0,0,1
220,31378,C=1C=CC(=NC1)C=2C=CC=3NCCCC3C2,758.0,Z1143356132,125.0,5.0,sRDB,,,,,,,,,True,,,,0,0,1
221,4109,O=C1CCCN1CC(O)CNC1(c2ccccn2)CC1,,,,,,,,,,,,,,,True,True,,2,2,1
222,41552,O=C(CC=1C=CN(N1)C2CCCC2)NCCN3CCCC3=O,922.0,Z4198874180,132.0,5.0,sRDB,,,,,,,,,True,,True,,2,1,2
223,41689,O=C1CCCN1CCNS(=O)(=O)C2=CC=NN2C3CCCC3,918.0,Z3472186747,132.0,5.0,sRDB,,,,,,,,,,True,True,True,2,2,2
224,4621,O=C1CCCN1C2CCN(C2)C=3N=CC=CC3OC(F)F,810.0,Z3558371794,125.0,5.0,sRDB,,,,,,,,,True,,,,0,0,1
225,40797,C[C@H](NC(=O)CCN1CCCC1=O)C=2C=CC=CN2,888.0,Z1081093460,132.0,5.0,sRDB,,,,,,,,,,True,True,True,2,2,2
226,19954,O=C(CCCC=1C=CC=CC1)NC2=CNN=C2C=3C=CC=CN3,785.0,Z1451067379,125.0,5.0,sRDB,,,,,,,,,True,,,,0,0,1
227,53809,CC(O)CNC(=O)NC1=CC=CC=2CCC(C)(C)OC12,975.0,Z2712060937,144.0,5.0,sRDB,True,,,,True,,,,,,,,2,1,1
228,34580,CCC(=O)NC=1C=CC=CN1,744.0,Z85525318,125.0,5.0,sRDB,,,,,,,,,True,,,,0,0,1
229,35325,CC1CC=2C=CC=CC2N(C1)C(=O)C(F)(F)C=3C=CC=NC3,856.0,Z3080751475,187.0,5.0,mRDB,,,,,,,,,True,,,,0,0,1
230,37923,CCOC(=O)c1cnccc1NCC(C)(O)COC,,,,,,,,,,,,,,,True,True,True,2,2,2
231,40440,CN1C=CC=2C=C(C=CC21)S(=O)(=O)NC=3C=CC=4OC=CC4C3,941.0,Z9471938630,132.0,5.0,sRDB,,,,,,,,,,True,True,,2,2,1
232,65404,CC(CN1CCCC1=O)NC(=O)C=2C=CC=C3N=CC=CC23,764.0,Z739203412,125.0,5.0,sRDB,,,,,,,,,True,,True,,2,1,2
233,65434,COC1=CC=C2C=CC=NC2=C1CNC(=O)CCN3CCCC3=O,917.0,Z3060955806,132.0,5.0,sRDB,,,,,,,,,,True,True,,2,2,1
234,65515,O=C1CCCN1C1CCN(c2c(Br)cnc3ccccc23)C1,,,,,,,,,,,,,,,True,True,,2,2,1
235,65520,O=C1CCCN1C2CCN(C2)C=3C=CN=C4C=C(Br)C=CC34,783.0,Z1840420190,125.0,5.0,sRDB,,,,,,,,,True,,,,0,0,1
236,65520,O=C1CCCN1C2CCN(C2)C=3C=CN=C4C=C(Br)C=CC34,783.0,Z1840420190,125.0,5.0,sRDB,,,,,,,,,True,,,,0,0,1
237,65644,O=C(NCCN1CCCC1=O)C=2C=CN=C3C=CC=CC23,912.0,Z2484801940,132.0,5.0,sRDB,,,,,,,,,True,,True,,2,1,2
238,65644,O=C(NCCN1CCCC1=O)C=2C=CN=C3C=CC=CC23,912.0,Z2484801940,132.0,5.0,sRDB,,,,,,,,,True,,,,0,0,1
239,65691,O=C(NCCN1CCCC1=O)C=2C=C(O)N=C3C=CC=CC23,913.0,Z2484804112,132.0,5.0,sRDB,,,,,,,,,,True,True,,2,2,1
240,54207,CC(OC(=O)C1CCC2=CC=CC=C21)C3=CSC=N3,792.0,Z2498192966,125.0,5.0,sRDB,,,,,,,,,True,,,,0,0,1
241,65064,CC=1C=CC(=NC1)C(C)NC2=NC=3CCCCC3S2,820.0,Z4027131602,125.0,5.0,sRDB,,,,,,,,,True,,,,0,0,1
242,36844,CN1CCCc2ccc(NS(=O)(=O)c3cncs3)cc21,,,,,,True,,,,,,,,,,True,True,2,0,1
243,35920,O=C(CCCC=1C=CN=CC1)NCC2=COC=3C=CC=CC23,929.0,Z7669233711,132.0,5.0,sRDB,,,,,,,,,,True,True,True,2,2,2
244,34650,C1=CC=2C=CC(=CC2O1)NCC=3C=CC=CN3,908.0,Z1797122493,132.0,5.0,sRDB,,,,,,,,,,True,True,True,2,2,2
245,37461,O=C(OCC#CCSc1nnc(-c2ccncc2)o1)c1cc2ccccc2o1,,,,,,,,,,,,,,,True,True,True,2,2,2
246,53969,CC(O)CNC(=O)NC1=CC=CC(=C1)N2C=C(C=N2)C(F)(F)F,784.0,Z1732639193,125.0,5.0,sRDB,,,,,,,,,True,,,,0,0,1
247,54733,CC1=CC(=NN1CC(F)(F)F)NC(=O)NCC(C)O,761.0,Z9426627949,125.0,5.0,sRDB,,,,,,,,,True,,True,True,2,1,3
248,54862,CCC(C)n1ncc(NC(=O)NCC(C)O)c1C,,,,,,,,,,,,,,,True,True,True,2,2,2
249,55598,C[C@@H](O)CNC(=O)NC1=CC=CC(=C1)N2C=CC=N2,899.0,Z1865840267,132.0,5.0,sRDB,,,,,,,,,True,,,,0,0,1
250,28098,CC=1C=CC(NC(=O)C2=COC=3C=CC=CC23)=C4C=CC=NC14,771.0,Z1192440996,125.0,5.0,sRDB,,,,,,,,,True,,,,0,0,1
251,34701,C[C@@H](O)CNC(=O)NC1=CC=CC=2C=CNC12,900.0,Z1866037017,132.0,5.0,sRDB,True,,,,True,,,,,,,,2,1,1
252,35145,CCCN1C=CC2=CC=C(C=C21)NC(=O)NCC(C)O,786.0,Z1277965182,125.0,5.0,sRDB,,,,,,,,,True,,True,True,2,1,3
253,54123,CC1=CN(N=C1NC(=O)NC[C@H](C)O)C2CCCCC2,905.0,Z1866019465,132.0,5.0,sRDB,True,,,,True,,,,,,True,,2,0,0
254,55149,CC1=CC(=NN1C=2C=CC=CC2)NC(=O)NCC(C)O,766.0,Z1581026857,125.0,5.0,sRDB,,,,,,,,,,True,True,True,2,2,2
255,55149,CC1=CC(=NN1C=2C=CC=CC2)NC(=O)NCC(C)O,766.0,Z1581026857,125.0,5.0,sRDB,,,,,,,,,True,,,,0,0,1
256,55156,C[C@H](O)CNC(=O)NC1=CC(=NN1C)C=2C=CSC2,904.0,Z1903615068,132.0,5.0,sRDB,,,,,,,,,,True,True,,2,2,1
257,55174,CC(O)CNC(=O)NC=1C=CN(N1)C=2N=CC=CN2,845.0,Z9426627955,125.0,5.0,sRDB,,,,,,,,,,True,True,True,2,2,2
258,55598,C[C@@H](O)CNC(=O)NC1=CC=CC(=C1)N2C=CC=N2,899.0,Z1865840267,132.0,5.0,sRDB,True,,,,True,,,,,,True,True,2,0,1
259,55856,CC=1C=CN(N1)C2=CC=CC(=C2)NC(=O)NC[C@H](C)O,903.0,Z1865892155,132.0,5.0,sRDB,True,,,,True,,,,,,True,True,2,0,1
260,55856,CC=1C=CN(N1)C2=CC=CC(=C2)NC(=O)NC[C@H](C)O,903.0,Z1865892155,132.0,5.0,sRDB,True,,,,True,,,,,,,,2,1,1
261,33434,C[C@H](O)CNC(=O)NC1=CC=CC=2C=CC=NC12,892.0,Z1563511780,132.0,5.0,sRDB,True,,,,True,,,,,,,,2,1,1
262,33434,C[C@H](O)CNC(=O)NC1=CC=CC=2C=CC=NC12,892.0,Z1563511780,132.0,5.0,sRDB,True,,,,True,,,,,,,,2,1,1
263,33585,COC=1C=CC=2C=CC=C(NC(=O)NCC(C)O)C2N1,851.0,Z1565463331,187.0,5.0,mRDB,,,,,,,,,True,,,,0,0,1
264,33585,COC=1C=CC=2C=CC=C(NC(=O)NCC(C)O)C2N1,851.0,Z1565463331,187.0,5.0,mRDB,,,,,,,,,True,,,,0,0,1
265,63779,CCC(C(=O)OCC=1C=CC2=CC=CC=C2N1)N3CCCC3=O,768.0,Z1305696087,125.0,5.0,sRDB,,,,,,,,,True,,,,0,0,1
266,30886,O=C(NCC(O)CN1C=CC=N1)NC=2C=CC=C(Br)C2,835.0,Z8314582321,125.0,5.0,sRDB,,,,,,,,,True,,,,0,0,1
267,33061,CSC=1C=CN=C(C1)NC(=O)NCC(O)CN2C=CC=N2,811.0,Z3607059062,125.0,5.0,sRDB,,,,,,,,,True,,,,0,0,1
268,34586,O=C(NCC(O)CN1C=CC=N1)NC2CCCC3=CC=CC=C32,803.0,Z3184028013,125.0,5.0,sRDB,,,,,,,,,True,,,,0,0,1
269,42494,CCNC(Cc1ccncc1)c1ccccn1,,,,,,,,,,,,,,True,,,,0,0,1
270,26252,CCCC(C(=O)Nc1ccncc1)c1ccccn1,,,,,,,,,,,,,,True,,,,0,0,1
271,7817,CCOC(=O)C1(N2CCCc3ccccc32)CCC1,,,,,,,,,,,,,,,True,True,True,2,2,2
272,28106,O=C(OCCN1CCCC=2C=CC=CC21)C=3N=CSC3Br,893.0,Z2101833350,132.0,5.0,sRDB,,,,,,,,,,True,True,True,2,2,2
273,17030,CC(Nc1cccc(C2CC2)n1)c1cncs1,,,,,,,,,,,,,,True,,,,0,0,1
274,48666,CN(CCC1NC(=O)NC1=O)C2(CC2)C=3C=CC=NC3,830.0,Z4274278783,125.0,5.0,sRDB,,,,,,,,,True,,,,0,0,1
275,28593,C1=CC=2C(=CC=CC2N1)C=3C=CN=CC3,756.0,Z1255358308,125.0,5.0,sRDB,,,,,,,,,True,,,,0,0,1
276,40809,COC=1C=CC=2C(=COC2C1)CC(=O)OCC(=O)C3=CNC=4C=CC=CC34,738.0,Z25278747,38.0,5.0,Legacy,,,,,,,,,True,,,,0,0,1
277,38982,O=C(CN1C=CC=2C=CC(Cl)=CC21)NCC3=CC=4C=CC=CC4O3,765.0,Z803835968,125.0,5.0,sRDB,,,,,,,,,True,,,,0,0,1
278,36458,CC=1C=NC=CC1NC(=O)CC2=COC=3C=CC=CC23,965.0,Z2070221632,144.0,5.0,sRDB,True,,,,True,,,,,,,,2,1,1
279,44380,CC(CN1CCCC1=O)NC(=O)C=Cc1ccc2c(c1)CCCN2C,,,,,,,,,,,,,,,True,True,,2,2,1
280,57699,Cc1c[nH]c(N2CCCc3ccccc32)n1,,,,,,,,,,,,,,True,,,,0,0,1
281,65984,CC=1C=C2C=CC=CC2=C(N1)N3CCCC3C=4C=CC=CN4,770.0,Z1618161747,125.0,5.0,sRDB,,,,,,,,,True,,,,0,0,1
282,27764,C1=CC=2C=CC(=CC2N1)C3=COC=N3,942.0,Z9471938635,132.0,5.0,sRDB,,,,,,,,,,,,True,0,0,1
283,29520,c1cc2ccc(-c3cnoc3)cc2[nH]1,,,,,,,,,,,,,,,,,True,0,0,1
284,43135,CC(NC(=O)Nc1cccc2[nH]ccc12)C(O)C(F)F,,,,,,,,,,,,,,,,True,,2,1,1
285,43304,CSCC[C@H](CO)NC(=O)C(=O)NC=1C=CC=C2NC=CC12,925.0,Z4915776383,132.0,5.0,sRDB,,,,,,,,,,,,True,0,0,1
286,43832,C1=NC(=CS1)C=2C=CC=3NCCC3C2,880.0,Z1269240984,132.0,5.0,sRDB,,,,,,,,,,,,True,0,0,1
287,44995,O=C(NCCC(O)C(F)(F)F)Nc1cccc2cc[nH]c12,,,,,,,,,,,,,,,,,True,0,0,1
288,44522,O=C(c1ccc2c(c1)CCN2)c1cncs1,,,,,,,,,,,,,,,,True,,2,1,1
289,27417,CC(C)C(C)(CO)NC(=O)Nc1cccc2[nH]ccc12,,,,,,,,,,,,,,,,True,,2,1,1
290,29647,C1=CC=2C=CC=C(C3=CN=CO3)C2N1,933.0,Z8992741758,132.0,5.0,sRDB,,,,,,,,,,,,True,0,0,1
291,34583,O=C(CCc1csc2ccccc12)NC1CCNC2(CC2)C1,,,,,,,,,,,,,,,,True,,2,1,1
292,12690,CC(C)(C(=O)O)N1C=C(C=N1)NC(=O)CCC=2C=CC=CN2,907.0,Z1991859620,132.0,5.0,sRDB,,,,,,,,,,,True,,2,1,1
293,55410,O=S(=O)(NCC1=NOC=2C=CC=CC12)C3=COC=4C=CC=CC34,943.0,Z9471938640,132.0,5.0,sRDB,,,,,,,,,,,,True,0,0,1
294,55535,O=C(CC1=CC=2C=CC=CC2O1)NCC3=NSC=4C=CC=CC34,930.0,Z7679539119,132.0,5.0,sRDB,,,,,,,,,,,True,,2,1,1
295,55870,CC=1OC=2C=CC=CC2C1CCNC3=NC=CN4C=CC=C34,944.0,Z9471938641,132.0,5.0,sRDB,,,,,,,,,,,,True,0,0,1
296,56786,O=C(CC1=NOC=2C=CC=CC12)NCCC3=CC=4C=CC=CC4O3,873.0,Z1246834186,48.0,5.0,HTS,,,,,,,,,,,True,,2,1,1
297,61386,C1=CC(CN[C@H]2CCCC=3C=CC=NC32)=C(N=C1)N4CCCC4,926.0,Z5058703383,132.0,5.0,sRDB,,,,,,,,,,,True,,2,1,1
298,33434,C[C@H](O)CNC(=O)NC1=CC=CC=2C=CC=NC12,892.0,Z1563511780,132.0,5.0,sRDB,,,,,,,,,,,True,,2,1,1
299,43742,CCOC(=O)C1c2ccccc2CCC12CC2,,,,,,,,,,,,,,,,True,,2,1,1
300,45330,CCOC(=O)C1CCCc2ccccc21,,,,,,,,,,,,,,,,True,,2,1,1
301,47311,CCOC(=O)C1c2occc2CCC12CC2,,,,,,,,,,,,,,,,True,,2,1,1
302,47542,CCOC(=O)C12CC1CCc1ccccc12,,,,,,,,,,,,,,,,True,,2,1,1
303,49559,CCOC(=O)c1cccc2c1NCCS2,,,,,,,,,,,,,,,,True,,2,1,1
304,49677,CCOC(=O)c1cccc2c1NCCCS2,,,,,,,,,,,,,,,,True,,2,1,1
305,28628,O=C(NCCC=1C=CC=C2C=CC=CC12)C=3C=CC=C4C=CNC34,896.0,Z1273460031,132.0,5.0,sRDB,,,,,,,,,,,True,,2,1,1
306,40580,CC(CN1CC(=O)N(Cc2ccns2)C1=O)OC(F)F,,,,,,,,,,,,,,,,,True,0,0,1
307,61134,CS(=O)(=O)N1CCCC2=CC=CC=C21,871.0,Z45614715,48.0,5.0,HTS,,,,,,,,,,,True,,2,1,1
308,61200,CC(CCl)S(=O)(=O)N1CCCc2ccccc21,,,,,,,,,,,,,,,,True,,2,1,1
309,30332,COc1cccc2cc(C(=O)NCC(O)c3cccc4ccccc34)oc12,,,,,,,,,,,,,,,,,True,0,0,1
310,28301,CCN1C=C(C=N1)NC(=O)CCCC2=CSC=3C=CC=CC23,909.0,Z1389535619,132.0,5.0,sRDB,,,,,,,,,,,True,,2,1,1
311,65168,CCOC(=O)C(C#N)=CN1CCCc2ccccc21,,,,,,,,,,,,,,,,True,,2,1,1
312,54938,[O-][N+](=O)C1=CC=C2N=CC=C(NCCCN3CCCCC3=O)C2=C1,914.0,Z2769730005,132.0,5.0,sRDB,,,,,,,,,,,True,,2,1,1
313,43304,CSCC[C@H](CO)NC(=O)C(=O)NC=1C=CC=C2NC=CC12,925.0,Z4915776383,132.0,5.0,sRDB,,,,,,,,,,,True,,2,1,1
314,52471,CC(CN1CCCC1=O)NC(=O)Cc1n[nH]c2c1CCCC2,,,,,,,,,,,,,,,,True,,2,1,1
315,65250,CC(C)(CS(=O)(=O)N1CCCC=2C=CC=CC21)C(F)F,948.0,Z3402390089,197.0,5.0,mRDB,,,,,,,,,,,True,,2,1,1
316,65264,N#CCS(=O)(=O)N1CCCC2=CC=CC=C21,883.0,Z871802530,132.0,5.0,sRDB,,,,,,,,,,,True,,2,1,1
317,30433,C1=CC=2N=C(C=CC2O1)CNC3(CC3)C=4C=CC=CN4,949.0,Z4482242894,197.0,5.0,mRDB,,,,,,,,,,,,True,0,0,1
318,46539,O=C(Nc1cccc2c1OCCC2)NC(CCO)C(F)(F)F,,,,,,,,,,,,,,,,True,,2,1,1
319,47051,CC=CCC(CO)NC(=O)C(=O)Nc1cccc2c1OCCC2,,,,,,,,,,,,,,,,,True,0,0,1
320,23289,CC(CC(=O)Nc1c[nH]nc1-c1nccs1)N1CCCCC1=O,,,,,,,,,,,,,,,,True,,2,1,1
321,60687,CC=1OC=2C=CC=CC2C1C(=O)OCC=3C=CN4N=CN=C4C3,946.0,Z9471938654,132.0,5.0,sRDB,,,,,,,,,,,True,,2,1,1
322,36233,FC=1C=CC=2CCCN(CC3=CN=CN3)C2C1,894.0,Z1631624196,132.0,5.0,sRDB,,,,,,,,,,,True,,2,1,1
323,29126,c1ccc(-c2nc(-c3ccc4ncnn4c3)n(C3CC3)n2)nc1,,,,,,,,,,,,,,,,,True,0,0,1
324,33380,CC(O)(CNC(=O)Nc1cccc2ccccc12)c1ccco1,,,,,,,,,,,,,,,,True,,2,1,1
325,30431,O=C(N[C@H]1CCN(C1)C=2C=CC=CN2)C=3C=CC4=NC=NN4C3,927.0,Z5388797418,132.0,5.0,sRDB,,,,,,,,,,,,True,0,0,1
326,34701,C[C@@H](O)CNC(=O)NC1=CC=CC=2C=CNC12,900.0,Z1866037017,132.0,5.0,sRDB,,,,,,,,,,,True,,2,1,1
327,50922,CC(O)(CNC(=O)Nc1cccc2cc[nH]c12)c1ccco1,,,,,,,,,,,,,,,,True,,2,1,1
328,36698,CCC(CC)(CO)CNC(=O)NC=1C=CC=2NCCCC2C1,911.0,Z2356456955,132.0,5.0,sRDB,,,,,,,,,,,,True,0,0,1
329,20299,O=C(NC=1C=CC=NC1C2CC2)C=3C=NNC3,916.0,Z2965525309,132.0,5.0,sRDB,,,,,,,,,,,True,,2,1,1
330,29852,c1ccc2c(-n3cccn3)nccc2c1,,,,,,,,,,,,,,,,True,,2,1,1
331,37157,COCC(C)(O)CNC(=O)Nc1ccc2c(c1)CCCN2,,,,,,,,,,,,,,,,True,,2,1,1
332,30341,C1=CSC(=N1)C=2N=CC=C3C=CC=CC23,882.0,Z1659902394,132.0,5.0,sRDB,,,,,,,,,,,True,,2,1,1
333,52455,CC(O)(CNC(=O)Nc1ccc2scnc2c1)C1CC1,,,,,,,,,,,,,,,,,True,0,0,1
334,29796,C1=NC(=CS1)C=2C=CC=3C=NC=CC3C2,898.0,Z2204882262,132.0,5.0,sRDB,,,,,,,,,,,True,True,2,1,2
335,29512,O=C(NC=1C=CC(Cl)=C2N=CC=CC12)C3=CN=CO3,887.0,Z1526959590,132.0,5.0,sRDB,,,,,,,,,,,,True,0,0,1
336,29888,O=C(NC=1C(Br)=CC=C2N=CC=CC12)C3=CSC=N3,931.0,Z7694465713,132.0,5.0,sRDB,,,,,,,,,,,,True,0,0,1
337,30047,O=C(NC=1C(Br)=CC=C2N=CC=CC12)C3=CN=CS3,932.0,Z7694466432,132.0,5.0,sRDB,,,,,,,,,,,,True,0,0,1
338,31409,O=C(NC=1C=CC(OC(F)F)=C2N=CC=CC12)C=3C=CC=CN3,889.0,Z775226296,132.0,5.0,sRDB,,,,,,,,,,,,True,0,0,1
339,59282,O=C1COc2c1cccc2-c1csc(C(F)(F)F)n1,,,,,,,,,,,,,,,,,True,0,0,1
340,60673,O=C1CCC(CCNC(=O)C2CC(=O)c3ccccc3O2)N1,,,,,,,,,,,,,,,,,True,0,0,1
341,60663,C1=CC=2C=C(C=CC2O1)CNC=3C=CC4=NC=NN4C3,947.0,Z9471938662,132.0,5.0,sRDB,,,,,,,,,,,True,,2,1,1
342,49938,C1=NC=2C(=CC=CC2O1)C3=CSC=N3,945.0,Z9471938651,132.0,5.0,sRDB,,,,,,,,,,,True,,2,1,1
