Retro_OK_batch1-2024-12-10-A,,,,,,,,,,,,,,,,,,,,,,,,,,
smiles,name,fragmenstein_runtime,Multi-SuCOS,HIPPO Pose ID,HIPPO Compound ID,_id,scratch_subdir,fragmenstein_outcome,fragmenstein_mode,fragmenstein_error,original ID,merge_set,inspiration_1,inspiration_2,inspiration_3,inspiration_4,inspiration_5,inspiration_6,purple,purple-text,green,green-text,blue,blue-text,red,red-text
CC(C)n1cc(NC2=NCCCS2)cn1,v1a,[2.4448459148406982],0.64195,34825,734,1944,['/opt/xchem-fragalysis-2/maxwin/BulkDock/SCRATCH/211006/C734-P174'],['acceptable'],['expansion'],[''],QOAMYTSWHMHASV-UHFFFAOYSA-N,RdRp_knitwork_cavity_b_pure,z0767a,z0892b,,,,,,,,,,,,
C[C@@H](Cn1cccn1)NC1=NCCCS1,v2a,[2.6352226734161377],0.605657,34829,743,1945,['/opt/xchem-fragalysis-2/maxwin/BulkDock/SCRATCH/211006/C743-P174'],['acceptable'],['expansion'],[''],DOGOWZSMZXLRRH-VIFPVBQESA-N,RdRp_knitwork_cavity_b_pure,z0767a,z0892b,,,,,,,,,,,,
c1cc2cc(N3CCCCC3)ccc2[nH]1,v15a,[1.7785589694976807],0.853591,35313,234,3605,['/opt/xchem-fragalysis-2/maxwin/BulkDock/SCRATCH/211008/C234-P174'],['acceptable'],['expansion'],[''],XRMSPKKKPYMDOG-UHFFFAOYSA-N,RdRp_knitwork_cavity_b_impure,z0136b,z0892b,,,,,,,,,,,,
O=C(CCCn1ccc2cc(Cl)ccc21)O[C@@H]1CCSC1,v16b,[2.54469895362854],0.422302,35862,293,3607,['/opt/xchem-fragalysis-2/maxwin/BulkDock/SCRATCH/211008/C293-P174'],['acceptable'],['expansion'],[''],QRBNIDTXZBTKIO-CQSZACIVSA-N,RdRp_knitwork_cavity_b_impure,z0136b,z0892b,,,,,,,,,,,,
c1cc(N2CCCC2)ncn1,v20a,[1.7932722568511963],0.585647,36977,341,3610,['/opt/xchem-fragalysis-2/maxwin/BulkDock/SCRATCH/211008/C341-P174'],['acceptable'],['expansion'],[''],WZRAVWCMDRGDQR-UHFFFAOYSA-N,RdRp_knitwork_cavity_b_impure,z0892b,z0968a,,,,,,,,,,,,
CN(c1cccnc1)S(=O)(=O)CCC1Cc2ccccc2C1,v22a,[3.6874194145202637],0.34664,34833,970,3612,['/opt/xchem-fragalysis-2/maxwin/BulkDock/SCRATCH/211011/C970-P17'],['acceptable'],['expansion'],[''],IOQRFKORLYPZRB-UHFFFAOYSA-N,RdRp_knitwork_thumb_site_2_pure_fragalysis.sdf,d0174a,d0279a,,,,,TRUE,experimental,,,,,,
CCS(=O)(=O)NCc1ccc(N2CCCc3ccccc32)nc1,v23a,[18.919159412384033],0.726058,34914,778,3613,['/opt/xchem-fragalysis-2/maxwin/BulkDock/SCRATCH/211010/C778-P17'],['acceptable'],['expansion'],[''],RJXWTYLZNOTJGF-UHFFFAOYSA-N,RdRp_knitwork_thumb_site_2_pure_fragalysis.sdf,d0174a,d0279a,d0615a,,,,,,TRUE,okay,,,,
CCS(=O)(=O)NCc1ncccc1F,v25a,[1.3924477100372314],0.794723,50469,791,3615,['/opt/xchem-fragalysis-2/maxwin/BulkDock/SCRATCH/211010/C791-P50'],['acceptable'],['expansion'],[''],VUWLOCLKMVGYPC-UHFFFAOYSA-N,RdRp_knitwork_thumb_site_2_pure_fragalysis.sdf,d0174a,d0279a,d0615a,,,,,,,,TRUE,good,,
CCS(=O)(=O)NCc1ncccc1Cl,v29a,[2.2065699100494385],0.778155,50612,886,3619,['/opt/xchem-fragalysis-2/maxwin/BulkDock/SCRATCH/211010/C886-P17'],['acceptable'],['expansion'],[''],QXEWTLBETOJJBD-UHFFFAOYSA-N,RdRp_knitwork_thumb_site_2_pure_fragalysis.sdf,d0174a,d0279a,d0615a,,,,,,,,TRUE,good,,
CCS(=O)(=O)NCc1ccncc1Cl,v31a,[1.9352526664733887],0.78709,50614,890,3621,['/opt/xchem-fragalysis-2/maxwin/BulkDock/SCRATCH/211010/C890-P17'],['acceptable'],['expansion'],[''],XDGUIPBTSIDPMH-UHFFFAOYSA-N,RdRp_knitwork_thumb_site_2_pure_fragalysis.sdf,d0174a,d0279a,d0615a,,,,,,,,TRUE,good,,
CCS(=O)(=O)NCc1ccncc1Cl,v31b,[1.9639780521392822],0.740396,35410,890,3622,['/opt/xchem-fragalysis-2/maxwin/BulkDock/SCRATCH/211010/C890-P29'],['acceptable'],['expansion'],[''],XDGUIPBTSIDPMH-UHFFFAOYSA-N,RdRp_knitwork_thumb_site_2_pure_fragalysis.sdf,d0174a,d0279a,,,,,,,,,TRUE,good,,
CCS(=O)(=O)NCc1ccc(OCc2ccccn2)cc1,v33a,[6.457012414932251],0.807059,35422,897,3623,['/opt/xchem-fragalysis-2/maxwin/BulkDock/SCRATCH/211010/C897-P29'],['acceptable'],['expansion'],[''],ZPBHINXHGPMFIS-UHFFFAOYSA-N,RdRp_knitwork_thumb_site_2_pure_fragalysis.sdf,d0174a,d0279a,d0615a,,,,,,,,TRUE,good,,
CN(c1cccnc1)S(=O)(=O)CC[C@@H]1CCCO1,v35a,[1.630157470703125],0.406091,35589,1941,3625,['/opt/xchem-fragalysis-2/maxwin/BulkDock/SCRATCH/211011/C1941-P17'],['acceptable'],['expansion'],[''],KASFEWYKOHRUDR-LBPRGKRZSA-N,RdRp_knitwork_thumb_site_2_pure_fragalysis.sdf,d0174a,d0279a,,,,,TRUE,experimental,,,,,,
CC(C)c1ccc(N(C)S(=O)(=O)CC[C@@H]2CCCOC2)cc1,v40a,[30.923250198364258],0.490406,37652,2838,3630,['/opt/xchem-fragalysis-2/maxwin/BulkDock/SCRATCH/211010/C2838-P33'],['acceptable'],['expansion'],[''],DBTIAPJFFWHBSF-HNNXBMFYSA-N,RdRp_knitwork_thumb_site_2_pure_fragalysis.sdf,d0174a,d0376a,,,,,,,,,,,TRUE,bad
O=c1ccc(-c2cccnc2)nn1Cc1nsc2ccccc12,v42a,[1.401735544204712],0.566179,54989,4745,3632,['/opt/xchem-fragalysis-2/maxwin/BulkDock/SCRATCH/211013/C4745-P50'],['acceptable'],['expansion'],[''],,RdRp_knitwork_thumb_site_2_pure_fragalysis.sdf,d0379a,d0615a,,,,,,,,,,,TRUE,bad
CCOC(=O)Cn1nc(-c2cccnc2)ccc1=O,v44a,[1.302415370941162],0.680574,38668,5226,3634,['/opt/xchem-fragalysis-2/maxwin/BulkDock/SCRATCH/211010/C5226-P50'],['acceptable'],['expansion'],[''],WQFINYMUCSQZFC-UHFFFAOYSA-N,RdRp_knitwork_thumb_site_2_pure_fragalysis.sdf,d0379a,d0615a,,,,,,,,,,,TRUE,bad
CCS(=O)(=O)NCc1nc2cc(Cl)ccc2[nH]1,v46a,[2.9241421222686768],0.658673,39464,7755,3636,['/opt/xchem-fragalysis-2/maxwin/BulkDock/SCRATCH/211010/C7755-P17'],['acceptable'],['expansion'],[''],IYFJGUVPMIFAOX-UHFFFAOYSA-N,RdRp_knitwork_thumb_site_2_pure_fragalysis.sdf,d0174a,d0693a,,,,,,,,,TRUE,good,,
Cc1cnc(CC(=O)NCc2ccc(=O)[nH]n2)s1,v49a,[1.5086815357208252],0.468594,40169,1569,3639,['/opt/xchem-fragalysis-2/maxwin/BulkDock/SCRATCH/211010/C1569-P50'],['acceptable'],['expansion'],[''],CZGWIYIRARQRDB-UHFFFAOYSA-N,RdRp_knitwork_thumb_site_2_pure_fragalysis.sdf,d0379a,d0615a,,,,,,,,,,,TRUE,bad
O=C(O)c1csc(-c2ccc(=O)[nH]n2)n1,v50a,[0.9024758338928223],0.502483,40318,1778,3640,['/opt/xchem-fragalysis-2/maxwin/BulkDock/SCRATCH/211010/C1778-P50'],['acceptable'],['expansion'],[''],ZWWLQMAPQZXPRQ-UHFFFAOYSA-N,RdRp_knitwork_thumb_site_2_pure_fragalysis.sdf,d0379a,d0615a,,,,,,,,,,,TRUE,bad
NCc1csc(-c2ccc(=O)[nH]n2)n1,v51a,[0.9554290771484375],0.581029,40384,1905,3641,['/opt/xchem-fragalysis-2/maxwin/BulkDock/SCRATCH/211010/C1905-P50'],['acceptable'],['expansion'],[''],ACHLSFBFHYJWMS-UHFFFAOYSA-N,RdRp_knitwork_thumb_site_2_pure_fragalysis.sdf,d0379a,d0615a,,,,,,,,,,,TRUE,bad
CC(C)(CO)NC(=O)c1cnc(-c2ccc(Cl)s2)s1,v52a,[2.4309237003326416],0.711729,41842,1226,3642,['/opt/xchem-fragalysis-2/maxwin/BulkDock/SCRATCH/211010/C1226-P22'],['acceptable'],['expansion'],[''],LGAJFWJWFLCBPR-UHFFFAOYSA-N,RdRp_knitwork_thumb_site_2_pure_fragalysis.sdf,d0248a,d0376a,d0615a,,,,,,,,TRUE,good,,
CCS(=O)(=O)NCc1ccc(C=CC(=O)O)s1,v54a,[3.2291181087493896],0.66159,44789,8588,3644,['/opt/xchem-fragalysis-2/maxwin/BulkDock/SCRATCH/211010/C8588-P33'],['acceptable'],['expansion'],[''],ZGDMPLGTNQKCSV-UHFFFAOYSA-N,RdRp_knitwork_thumb_site_2_pure_fragalysis.sdf,d0174a,d0376a,,,,,,,,,TRUE,good,,
CCS(=O)(=O)NCc1cn(CCCn2cncn2)nn1,v55b,[9.383780002593994],0.636863,44932,1623,3646,['/opt/xchem-fragalysis-2/maxwin/BulkDock/SCRATCH/211010/C1623-P33'],['acceptable'],['expansion'],[''],HGGFUOVXQYHLMH-UHFFFAOYSA-N,RdRp_knitwork_thumb_site_2_pure_fragalysis.sdf,d0174a,d0376a,,,,,,,,,,,TRUE,bad
CN1C(C(=O)NC(C)(C)CO)=CC(c2cccs2)=NS1(=O)=O,v59a,[3.1714494228363037],0.587663,45299,1196,3649,['/opt/xchem-fragalysis-2/maxwin/BulkDock/SCRATCH/211010/C1196-P22'],['acceptable'],['expansion'],[''],MIMUCYDXYWWPLR-UHFFFAOYSA-N,RdRp_knitwork_thumb_site_2_pure_fragalysis.sdf,d0248a,d0376a,,,,,TRUE,experimental,,,,,,
CN1C(C(=O)NC(C)(C)CO)=CC(c2cccs2)=NS1(=O)=O,v59b,[3.542532444000244],0.580816,45300,1196,3650,['/opt/xchem-fragalysis-2/maxwin/BulkDock/SCRATCH/211010/C1196-P33'],['acceptable'],['expansion'],[''],MIMUCYDXYWWPLR-UHFFFAOYSA-N,RdRp_knitwork_thumb_site_2_pure_fragalysis.sdf,d0248a,d0376a,,,,,TRUE,experimental,,,,,,
O=S(=O)(CCc1cnoc1)N[C@H](c1cccnc1)C1CC1,v61a,[6.390786409378052],0.526764,55056,1504,3651,['/opt/xchem-fragalysis-2/maxwin/BulkDock/SCRATCH/211013/C1504-P17'],['acceptable'],['expansion'],[''],QXPKZAYBHAOLKZ-AWEZNQCLSA-N,RdRp_knitwork_thumb_site_2_impure_fragalysis.sdf,d0174a,d0279a,d0615a,,,,TRUE,experimental,,,,,,
O=S(=O)(CCc1cnoc1)N[C@@H](c1ccccc1)c1cccnc1,v63a,[5.372358798980713],0.524753,55058,1548,3653,['/opt/xchem-fragalysis-2/maxwin/BulkDock/SCRATCH/211013/C1548-P17'],['acceptable'],['expansion'],[''],HLHAOIDDWWBQNL-KRWDZBQOSA-N,RdRp_knitwork_thumb_site_2_impure_fragalysis.sdf,d0174a,d0279a,d0615a,,,,TRUE,experimental,,,,,,
O=S(=O)(CCc1cnoc1)N[C@@H](c1ccccc1)c1cccnc1,v63b,[4.454814910888672],0.528558,55059,1548,3654,['/opt/xchem-fragalysis-2/maxwin/BulkDock/SCRATCH/211013/C1548-P50'],['acceptable'],['expansion'],[''],,RdRp_knitwork_thumb_site_2_pure_fragalysis.sdf,d0174a,d0615a,,,,,TRUE,experimental,,,,,,
CCS(=O)(=O)N(C)C1CCN(C(=O)Cc2cccnc2)CC1,v65a,[5.592968940734863],0.400538,47294,1237,3655,['/opt/xchem-fragalysis-2/maxwin/BulkDock/SCRATCH/211010/C1237-P17'],['acceptable'],['expansion'],[''],KSAGREYJOMINST-UHFFFAOYSA-N,RdRp_knitwork_thumb_site_2_pure_fragalysis.sdf,d0174a,d0615a,,,,,,,,,,,TRUE,bad
CC(C)(CO)NC(=O)c1csc(-c2ccsc2)n1,v70a,[8.980676412582397],0.653107,43154,1443,3660,['/opt/xchem-fragalysis-2/maxwin/BulkDock/SCRATCH/211014/C1443-P33'],['acceptable'],['expansion'],[''],,RdRp_knitwork_thumb_site_2_pure_fragalysis.sdf,d0248a,d0376a,,,,,,,,,TRUE,good,,
CCS(=O)(=O)NC[C@H]1CC(=O)N(c2ccc(C)cc2)C1,v73a,[11.740421056747437],0.653868,48404,2829,3663,['/opt/xchem-fragalysis-2/maxwin/BulkDock/SCRATCH/211010/C2829-P45'],['acceptable'],['expansion'],[''],RHYGREJDHHQRDC-GFCCVEGCSA-N,RdRp_knitwork_thumb_site_2_pure_fragalysis.sdf,d0174a,d0566a,,,,,,,,,TRUE,good,,
CCS(=O)(=O)NC[C@H]1CC(=O)N(c2ccc(Cl)cc2)C1,v74a,[10.632996082305908],0.652349,48487,3075,3664,['/opt/xchem-fragalysis-2/maxwin/BulkDock/SCRATCH/211010/C3075-P45'],['acceptable'],['expansion'],[''],FOZSYKGVMKDKBV-SNVBAGLBSA-N,RdRp_knitwork_thumb_site_2_pure_fragalysis.sdf,d0174a,d0566a,,,,,,,,,TRUE,good,,
CCS(=O)(=O)NC[C@H]1CN(c2ncc(F)cn2)Cc2cncn21,v75a,[4.541534185409546],0.614491,48890,3914,3665,['/opt/xchem-fragalysis-2/maxwin/BulkDock/SCRATCH/211010/C3914-P48'],['acceptable'],['expansion'],[''],WOVNUBZQLSDEHQ-LBPRGKRZSA-N,RdRp_knitwork_thumb_site_2_pure_fragalysis.sdf,d0174a,d0587a,,,,,TRUE,experimental,,,,,,
CCS(=O)(=O)NCc1ncccc1OC,v78a,[1.7414286136627197],0.764997,50417,772,3668,['/opt/xchem-fragalysis-2/maxwin/BulkDock/SCRATCH/211010/C772-P50'],['acceptable'],['expansion'],[''],VJAXJNJKELENHP-UHFFFAOYSA-N,RdRp_knitwork_thumb_site_2_pure_fragalysis.sdf,d0174a,d0615a,,,,,,,,,TRUE,good,,
CCS(=O)(=O)NCc1nc(Cl)ccc1Br,v80a,[1.5386583805084229],0.725355,50498,808,3670,['/opt/xchem-fragalysis-2/maxwin/BulkDock/SCRATCH/211010/C808-P50'],['acceptable'],['expansion'],[''],KYKFBYOZGOXJTI-UHFFFAOYSA-N,RdRp_knitwork_thumb_site_2_pure_fragalysis.sdf,d0174a,d0615a,,,,,,,,,TRUE,good,,
CCS(=O)(=O)NCc1ccncc1C,v82a,[2.3045759201049805],0.793783,50578,850,3672,['/opt/xchem-fragalysis-2/maxwin/BulkDock/SCRATCH/211010/C850-P50'],['acceptable'],['expansion'],[''],JSMASCHCFMRBQP-UHFFFAOYSA-N,RdRp_knitwork_thumb_site_2_pure_fragalysis.sdf,d0174a,d0615a,,,,,,,,,TRUE,good,,
CCS(=O)(=O)NCc1ncccc1C,v83a,[1.5768444538116455],0.782938,50581,852,3673,['/opt/xchem-fragalysis-2/maxwin/BulkDock/SCRATCH/211010/C852-P50'],['acceptable'],['expansion'],[''],YCSYUEQAYOMAGE-UHFFFAOYSA-N,RdRp_knitwork_thumb_site_2_pure_fragalysis.sdf,d0174a,d0615a,,,,,,,,,TRUE,good,,
CCS(=O)(=O)NCc1ncc(C)cc1C,v84a,[1.4566524028778076],0.740157,50585,856,3674,['/opt/xchem-fragalysis-2/maxwin/BulkDock/SCRATCH/211010/C856-P50'],['acceptable'],['expansion'],[''],RWOAYQXMDLLTCN-UHFFFAOYSA-N,RdRp_knitwork_thumb_site_2_pure_fragalysis.sdf,d0174a,d0615a,,,,,,,,,TRUE,good,,
CCS(=O)(=O)NCc1cnc(C)cc1C,v86a,[1.7871043682098389],0.797153,50611,885,3676,['/opt/xchem-fragalysis-2/maxwin/BulkDock/SCRATCH/211010/C885-P50'],['acceptable'],['expansion'],[''],CZXIYJPCHZSMDX-UHFFFAOYSA-N,RdRp_knitwork_thumb_site_2_pure_fragalysis.sdf,d0174a,d0615a,,,,,,,,,TRUE,good,,
CCS(=O)(=O)NCc1cnccc1C,v88a,[1.3582980632781982],0.793146,50640,915,3678,['/opt/xchem-fragalysis-2/maxwin/BulkDock/SCRATCH/211010/C915-P50'],['acceptable'],['expansion'],[''],BCMFRBFZBGDNRH-UHFFFAOYSA-N,RdRp_knitwork_thumb_site_2_pure_fragalysis.sdf,d0174a,d0615a,,,,,,,,,TRUE,good,,
CCS(=O)(=O)N(C)c1cccnc1,v91a,[1.3825297355651855],0.570528,51152,1345,3681,['/opt/xchem-fragalysis-2/maxwin/BulkDock/SCRATCH/211013/C1345-P29'],['acceptable'],['expansion'],[''],KUNYWHXFLWUFPB-UHFFFAOYSA-N,RdRp_knitwork_thumb_site_2_impure_fragalysis.sdf,d0174a,d0279a,,,,,,,,,,,TRUE,bad
CN(CCNC(=O)Cc1ccns1)C(=O)c1cncc(O)c1,v92b,[9.172364711761475],0.363177,35318,8409,3683,['/opt/xchem-fragalysis-2/maxwin/BulkDock/SCRATCH/211035/C8409-P42'],['acceptable'],['expansion'],[''],,RdRp_knitwork_primer_grip_n_pocket_impure_fragalysis.sdf,d0191a,d0472a,,,,,,,,,,,TRUE,bad
c1cncc(-c2ncco2)c1,v94a,[1.3835973739624023],0.759738,45494,9110,3684,['/opt/xchem-fragalysis-2/maxwin/BulkDock/SCRATCH/211035/C9110-P12'],['acceptable'],['expansion'],[''],,RdRp_knitwork_primer_grip_n_pocket_impure_fragalysis.sdf,d0160a,d0191a,,,,,,,,,,,TRUE,bad
c1ccc(-n2cccn2)nc1,v95a,[1.7435197830200195],0.717202,45497,9113,3685,['/opt/xchem-fragalysis-2/maxwin/BulkDock/SCRATCH/211035/C9113-P12'],['acceptable'],['expansion'],[''],,RdRp_knitwork_primer_grip_n_pocket_impure_fragalysis.sdf,d0160a,d0191a,,,,,,,,,,,TRUE,bad
c1ccc(-c2nccs2)nc1,v96a,[0.9330174922943115],0.698877,45516,8457,3686,['/opt/xchem-fragalysis-2/maxwin/BulkDock/SCRATCH/211035/C8457-P12'],['acceptable'],['expansion'],[''],,RdRp_knitwork_primer_grip_n_pocket_impure_fragalysis.sdf,d0160a,d0191a,,,,,,,,,,,TRUE,bad
C[C@H](N[C@H](C)[C@@H]1CCCO1)c1cn[nH]c1,v103a,[3.135244131088257],0.602577,63015,13688,3693,/opt/xchem-fragalysis-2/maxwin/BulkDock/SCRATCH/217042/C13688-P12,acceptable,expansion,None,YOGZHRSNFOZWTM-NGZCFLSTSA-N,RdRp_knitwork_primer_grip_n_pocket_pure_fragalysis.sdf,d0160a,d0254a,,,,,,,,,,,TRUE,bad
C[C@H](N[C@H](C)[C@@H]1CCCO1)c1cn[nH]c1,v103b,[3.1487348079681396],0.636728,63019,13688,3694,/opt/xchem-fragalysis-2/maxwin/BulkDock/SCRATCH/217042/C13688-P26,acceptable,expansion,None,YOGZHRSNFOZWTM-NGZCFLSTSA-N,RdRp_knitwork_primer_grip_n_pocket_pure_fragalysis.sdf,d0160a,d0254a,,,,,,,,,,,TRUE,bad
CC[C@H]1OCC[C@@H]1CNCc1cn[nH]c1,v106a,[6.330092430114746],0.527143,63236,15098,3696,/opt/xchem-fragalysis-2/maxwin/BulkDock/SCRATCH/217042/C15098-P26,acceptable,expansion,None,YVVYLMDYBLZVGB-GHMZBOCLSA-N,RdRp_knitwork_primer_grip_n_pocket_pure_fragalysis.sdf,d0160a,d0254a,,,,,,,,,,,TRUE,bad
CC[C@@H]1OCC[C@H]1CNCc1cc[nH]n1,v108a,[3.7079434394836426],0.605302,36923,18275,3698,['/opt/xchem-fragalysis-2/maxwin/BulkDock/SCRATCH/211034/C18275-P12'],['acceptable'],['expansion'],[''],,RdRp_knitwork_primer_grip_n_pocket_impure_fragalysis.sdf,d0160a,d0254a,,,,,,,,,,,TRUE,bad
C1=C[C@H](n2cccn2)CCC1,v113a,[2.134463310241699],0.488039,38898,646,3703,['/opt/xchem-fragalysis-2/maxwin/BulkDock/SCRATCH/211038/C646-P66'],['acceptable'],['expansion'],[''],,RdRp_knitwork_primer_grip_n_pocket_impure_fragalysis.sdf,d0160a,d0851a,,,,,,,,,,,TRUE,bad
O=C(NO[C@H]1CCOC1)N1CCN(c2cccnc2)C(=O)C1,v115a,[11.819782257080078],0.415358,39368,16150,3705,['/opt/xchem-fragalysis-2/maxwin/BulkDock/SCRATCH/211034/C16150-P12'],['acceptable'],['expansion'],[''],,RdRp_knitwork_primer_grip_n_pocket_impure_fragalysis.sdf,d0160a,d0254a,,,,,,,,,,,TRUE,bad
C[C@H](CC(=O)N1CCO[C@H](c2cc[nH]n2)C1)C1CCNCC1,v120a,[3.31825852394104],0.425028,41179,8412,3710,['/opt/xchem-fragalysis-2/maxwin/BulkDock/SCRATCH/211038/C8412-P12'],['acceptable'],['expansion'],[''],,RdRp_knitwork_primer_grip_n_pocket_impure_fragalysis.sdf,d0160a,d0851a,,,,,,,,,,,TRUE,bad
c1ccc([C@@H](NCCCNc2ccncc2)c2ncc[nH]2)cc1,v122a,[6.1579430103302],0.305732,41312,8711,3712,['/opt/xchem-fragalysis-2/maxwin/BulkDock/SCRATCH/211034/C8711-P19'],['acceptable'],['expansion'],[''],,RdRp_knitwork_primer_grip_n_pocket_impure_fragalysis.sdf,d0191a,z0875c,,,,,,,,,,,TRUE,bad
O=C1CC(CC(=O)N2CCC[C@H](c3ccn[nH]3)C2)CC(=O)N1,v123a,[2.9159255027770996],0.490176,41372,8618,3713,['/opt/xchem-fragalysis-2/maxwin/BulkDock/SCRATCH/211038/C8618-P12'],['acceptable'],['expansion'],[''],,RdRp_knitwork_primer_grip_n_pocket_impure_fragalysis.sdf,d0160a,d0851a,,,,,,,,,,,TRUE,bad
O=C1CC(CC(=O)N2CCC[C@H](c3ccn[nH]3)C2)CC(=O)N1,v123b,[4.065148591995239],0.480874,41377,8618,3714,['/opt/xchem-fragalysis-2/maxwin/BulkDock/SCRATCH/211038/C8618-P66'],['acceptable'],['expansion'],[''],,RdRp_knitwork_primer_grip_n_pocket_impure_fragalysis.sdf,d0160a,d0851a,,,,,,,,,,,TRUE,bad
O=C1CC[C@H](CN2CCC[C@H](c3ccn[nH]3)C2)C(=O)N1,v125a,[2.2209980487823486],0.48706,64642,8625,3715,/opt/xchem-fragalysis-2/maxwin/BulkDock/SCRATCH/217037/C8625-P66,acceptable,expansion,None,,RdRp_knitwork_primer_grip_n_pocket_impure_fragalysis.sdf,d0160a,d0851a,,,,,,,,,,,TRUE,bad
c1ccc([C@H](NCCCNc2ccncc2)c2ncc[nH]2)cc1,v122b,[2.7292873859405518],0.462572,41596,8711,3718,['/opt/xchem-fragalysis-2/maxwin/BulkDock/SCRATCH/211038/C8711-P42'],['acceptable'],['expansion'],[''],,RdRp_knitwork_primer_grip_n_pocket_impure_fragalysis.sdf,d0472a,z0103a,,,,,,,,,,,TRUE,bad
CC(C)c1c[nH]c(CNCCCNc2ccccc2)n1,v131a,[5.840334415435791],0.406309,41945,8706,3721,['/opt/xchem-fragalysis-2/maxwin/BulkDock/SCRATCH/211038/C8706-P42'],['acceptable'],['expansion'],[''],,RdRp_knitwork_primer_grip_n_pocket_impure_fragalysis.sdf,d0472a,z0103a,,,,,,,,,,,TRUE,bad
CN(Cc1cc[nH]n1)C(=O)Cc1scnc1-c1ccccc1,v136a,[5.283971786499023],0.523173,43576,8542,3726,['/opt/xchem-fragalysis-2/maxwin/BulkDock/SCRATCH/211034/C8542-P12'],['acceptable'],['expansion'],[''],,RdRp_knitwork_primer_grip_n_pocket_impure_fragalysis.sdf,d0160a,d0264a,,,,,,,,,,,TRUE,bad
CCn1cncc1CN(C)C(=O)[C@@H]1C=CCN1,v137a,[6.8599114418029785],0.447207,43655,11905,3727,['/opt/xchem-fragalysis-2/maxwin/BulkDock/SCRATCH/211035/C11905-P68'],['acceptable'],['expansion'],[''],,RdRp_knitwork_primer_grip_n_pocket_impure_fragalysis.sdf,d0866a,z0875c,,,,,,,,,,,TRUE,bad
O=S(=O)(c1cc[nH]n1)N1CCC[C@H]1CCl,v138a,[2.7865326404571533],0.666675,73574,13086,3728,/opt/xchem-fragalysis-2/maxwin/BulkDock/SCRATCH/217039/C13086-P68,acceptable,expansion,None,OPOSJVRARWHRPJ-ZETCQYMHSA-N,RdRp_knitwork_primer_grip_n_pocket_pure_fragalysis.sdf,d0160a,d0866a,,,,,TRUE,experimental,,,,,,
c1cc(N2CCCOCC2)ccn1,v144a,[2.976625442504883],0.571717,45394,14910,3734,['/opt/xchem-fragalysis-2/maxwin/BulkDock/SCRATCH/211034/C14910-P26'],['acceptable'],['expansion'],[''],,RdRp_knitwork_primer_grip_n_pocket_impure_fragalysis.sdf,d0191a,d0254a,,,,,,,,,,,TRUE,bad
CN(CCNC(=O)C[C@H]1CCCCO1)C(=O)c1cccnc1,v146b,[7.294503211975098],0.541853,45423,15070,3737,['/opt/xchem-fragalysis-2/maxwin/BulkDock/SCRATCH/211034/C15070-P26'],['acceptable'],['expansion'],[''],,RdRp_knitwork_primer_grip_n_pocket_impure_fragalysis.sdf,d0191a,d0254a,,,,,,,TRUE,okay,,,,
O=C(C=Cc1cscn1)OCCCC[C@H]1CCCO1,v148a,[5.221753358840942],0.566935,46189,9420,3738,['/opt/xchem-fragalysis-2/maxwin/BulkDock/SCRATCH/211036/C9420-P19'],['acceptable'],['expansion'],[''],,RdRp_knitwork_primer_grip_n_pocket_impure_fragalysis.sdf,d0191a,d0254a,,,,,,,,,,,TRUE,bad
O=C(C=Cc1cscn1)OCCCC[C@H]1CCCO1,v148b,[4.1744325160980225],0.536656,46190,9420,3739,['/opt/xchem-fragalysis-2/maxwin/BulkDock/SCRATCH/211036/C9420-P26'],['acceptable'],['expansion'],[''],,RdRp_knitwork_primer_grip_n_pocket_impure_fragalysis.sdf,d0191a,d0254a,,,,,,,,,,,TRUE,bad
O=C(O)c1cc(S(=O)(=O)NCc2ccncc2)c[nH]1,v153a,[2.986229419708252],0.454582,47649,10564,3743,['/opt/xchem-fragalysis-2/maxwin/BulkDock/SCRATCH/211036/C10564-P42'],['acceptable'],['expansion'],[''],,RdRp_knitwork_primer_grip_n_pocket_impure_fragalysis.sdf,d0264a,d0472a,,,,,,,,,,,TRUE,bad
C[C@@H](O)c1ncc(CN[C@@H](CCc2ccccc2)CC(=O)O)s1,v158a,[5.229903221130371],0.358664,47713,14066,3748,['/opt/xchem-fragalysis-2/maxwin/BulkDock/SCRATCH/211037/C14066-P42'],['acceptable'],['expansion'],[''],,RdRp_knitwork_primer_grip_n_pocket_impure_fragalysis.sdf,d0264a,d0472a,d0615b,,,,,,,,,,TRUE,bad
C[C@@H](O)c1ncc(CN[C@@H](CCc2ccccc2)CC(=O)O)s1,v158b,[5.8087921142578125],0.36885,47725,14066,3749,['/opt/xchem-fragalysis-2/maxwin/BulkDock/SCRATCH/211037/C14066-P51'],['acceptable'],['expansion'],[''],,RdRp_knitwork_primer_grip_n_pocket_impure_fragalysis.sdf,d0472a,d0615b,,,,,TRUE,experimental,,,,,TRUE,bad
CCc1ncc(CN[C@H](CCc2ccccc2)CC(=O)O)s1,v161a,[9.463677644729614],0.557354,47753,14067,3751,['/opt/xchem-fragalysis-2/maxwin/BulkDock/SCRATCH/211037/C14067-P51'],['acceptable'],['expansion'],[''],,RdRp_knitwork_primer_grip_n_pocket_impure_fragalysis.sdf,d0264a,d0472a,d0615b,,,,,,TRUE,okay,,,,
c1nc(-c2n[nH]c3c2CCCC3)c[nH]1,v162a,[2.1672892570495605],0.580421,47755,23454,3752,['/opt/xchem-fragalysis-2/maxwin/BulkDock/SCRATCH/211035/C23454-P12'],['acceptable'],['expansion'],[''],,RdRp_knitwork_primer_grip_n_pocket_impure_fragalysis.sdf,d0160a,z0103a,,,,,,,,,,,TRUE,bad
Cc1ncc(COC(=O)COc2ccsc2)s1,v163a,[6.006796360015869],0.669812,48036,14548,3753,['/opt/xchem-fragalysis-2/maxwin/BulkDock/SCRATCH/211037/C14548-P42'],['acceptable'],['expansion'],[''],,RdRp_knitwork_primer_grip_n_pocket_impure_fragalysis.sdf,d0264a,d0472a,d0615b,,,,TRUE,experimental,,,,,,
Cc1ncsc1COC(=O)COc1ccsc1,v165b,[5.989177465438843],0.563583,48051,14551,3756,['/opt/xchem-fragalysis-2/maxwin/BulkDock/SCRATCH/211037/C14551-P51'],['acceptable'],['expansion'],[''],,RdRp_knitwork_primer_grip_n_pocket_impure_fragalysis.sdf,d0472a,d0615b,,,,,TRUE,experimental,,,,,,
c1ccc(-c2cccnc2)cc1,v170a,[3.2950799465179443],0.637007,48814,20454,3760,['/opt/xchem-fragalysis-2/maxwin/BulkDock/SCRATCH/211037/C20454-P51'],['acceptable'],['expansion'],[''],,RdRp_knitwork_primer_grip_n_pocket_impure_fragalysis.sdf,d0472a,d0615b,,,,,,,,,,,TRUE,bad
CC(=O)NCCN(Cc1ccsc1)C(=O)c1cnccc1O,v172a,[5.020039319992065],0.388177,49042,21062,3762,['/opt/xchem-fragalysis-2/maxwin/BulkDock/SCRATCH/211038/C21062-P12'],['acceptable'],['expansion'],[''],,RdRp_knitwork_primer_grip_n_pocket_impure_fragalysis.sdf,d0160a,d0472a,,,,,,,,,,,TRUE,bad
CCOC(=O)c1nc(CC)sc1-c1ccn[nH]1,v175a,[2.942963123321533],0.633386,49265,12559,3765,['/opt/xchem-fragalysis-2/maxwin/BulkDock/SCRATCH/211033/C12559-P12'],['acceptable'],['expansion'],[''],,RdRp_knitwork_primer_grip_n_pocket_impure_fragalysis.sdf,d0160a,d0615b,,,,,,,,,,,TRUE,bad
CCOC(=O)C[C@@H](C)OC(=O)c1ccnn1-c1ccncc1,v179a,[5.2137672901153564],0.547598,50001,9207,3769,['/opt/xchem-fragalysis-2/maxwin/BulkDock/SCRATCH/211038/C9207-P12'],['acceptable'],['expansion'],[''],KFFCQQFHRWBKTC-LLVKDONJSA-N,RdRp_knitwork_primer_grip_n_pocket_impure_fragalysis.sdf,d0160a,d0472a,,,,,,,,,,,TRUE,bad
CCOC(=O)C[C@H](C)OC(=O)c1ccnn1-c1ccncc1,v179b,[5.590539216995239],0.550536,50008,9207,3770,['/opt/xchem-fragalysis-2/maxwin/BulkDock/SCRATCH/211038/C9207-P42'],['acceptable'],['expansion'],[''],KFFCQQFHRWBKTC-NSHDSACASA-N,RdRp_knitwork_primer_grip_n_pocket_impure_fragalysis.sdf,d0160a,d0472a,,,,,,,,,,,TRUE,bad
c1cc(-c2cnc[nH]2)ccn1,v181a,[2.5739381313323975],0.665845,55140,8715,3771,['/opt/xchem-fragalysis-2/maxwin/BulkDock/SCRATCH/211036/C8715-P42'],['acceptable'],['expansion'],[''],AJQQGJNKKDEODG-UHFFFAOYSA-N,RdRp_knitwork_primer_grip_n_pocket_impure_fragalysis.sdf,d0472a,z0875c,,,,,,,,,,,TRUE,bad
CCCCN(CCCC)C(=O)Nc1ncc(C[C@H]2CCOC2)s1,v183a,[27.468856811523438],0.523384,51879,23712,3773,['/opt/xchem-fragalysis-2/maxwin/BulkDock/SCRATCH/211035/C23712-P26'],['acceptable'],['expansion'],[''],FEOHWIBMJWSLGD-CQSZACIVSA-N,RdRp_knitwork_primer_grip_n_pocket_impure_fragalysis.sdf,d0254a,d0615b,,,,,,,,,,,TRUE,bad
C[C@H](CNC(=O)Nc1ncc(CC2CCOCC2)s1)S(N)(=O)=O,v185a,[8.47445559501648],0.556889,51947,23751,3775,['/opt/xchem-fragalysis-2/maxwin/BulkDock/SCRATCH/211035/C23751-P26'],['acceptable'],['expansion'],[''],CYKGEVWQGIWROI-SECBINFHSA-N,RdRp_knitwork_primer_grip_n_pocket_impure_fragalysis.sdf,d0254a,d0615b,,,,,TRUE,experimental,,,,,,
c1ccc(N2CCCOCC2)nc1,v187a,[1.7767224311828613],0.470325,52068,14654,3777,['/opt/xchem-fragalysis-2/maxwin/BulkDock/SCRATCH/211035/C14654-P51'],['acceptable'],['expansion'],[''],VBOACUTYNJLSJJ-UHFFFAOYSA-N,RdRp_knitwork_primer_grip_n_pocket_impure_fragalysis.sdf,d0254a,d0615b,,,,,,,,,,,TRUE,bad
c1cnn(C2CCOCC2)c1,v188a,[2.4670777320861816],0.736314,52333,23931,3778,['/opt/xchem-fragalysis-2/maxwin/BulkDock/SCRATCH/211037/C23931-P12'],['acceptable'],['expansion'],[''],WAGVYTPQQZVQJF-UHFFFAOYSA-N,RdRp_knitwork_primer_grip_n_pocket_impure_fragalysis.sdf,d0160a,d0254a,,,,,,,,,,,TRUE,bad
CSC[C@H](C)CN[C@H](C)c1cn(C)nc1C1CCOCC1,v192a,[104.23955249786377],0.544702,52600,24397,3782,['/opt/xchem-fragalysis-2/maxwin/BulkDock/SCRATCH/211037/C24397-P12'],['acceptable'],['expansion'],[''],NICHNLZHGMPFGC-CHWSQXEVSA-N,RdRp_knitwork_primer_grip_n_pocket_impure_fragalysis.sdf,d0160a,d0254a,,,,,,,,,,,TRUE,bad
Cc1nc(-c2ccccn2)sc1C(=O)N[C@H](C)[C@@H](C)C(=O)O,v195a,[5.017554998397827],0.526063,53275,10208,3785,['/opt/xchem-fragalysis-2/maxwin/BulkDock/SCRATCH/211037/C10208-P28'],['acceptable'],['expansion'],[''],LKTUJWQNQDRKOS-RKDXNWHRSA-N,RdRp_knitwork_primer_grip_n_pocket_impure_fragalysis.sdf,d0264a,d0472a,,,,,TRUE,experimental,,,,,,
CCS(=O)(=O)NCc1ccc(C(=O)N2CC(=O)N2)cc1,v198a,[4.798282146453857],0.730884,35982,3098,3788,['/opt/xchem-fragalysis-2/maxwin/BulkDock/SCRATCH/211014/C3098-P45'],['acceptable'],['expansion'],[''],,RdRp_knitwork_thumb_site_2_impure_fragalysis.sdf,d0174a,d0566a,,,,,,,,,TRUE,good,,
COC(=O)C[C@H](O)c1nc2ccccc2[nH]1,v206a,[7.721164226531982],0.553066,39799,6717,3796,['/opt/xchem-fragalysis-2/maxwin/BulkDock/SCRATCH/211013/C6717-P17'],['acceptable'],['expansion'],[''],,RdRp_knitwork_thumb_site_2_impure_fragalysis.sdf,d0174a,d0693a,,,,,,,,,,,TRUE,bad
CCS(=O)(=O)NC[C@@H]1CCCN(Cc2cccc3ccccc23)C1,v212a,[29.226440906524658],0.539943,42983,1191,3802,['/opt/xchem-fragalysis-2/maxwin/BulkDock/SCRATCH/211014/C1191-P17'],['acceptable'],['expansion'],[''],,RdRp_knitwork_thumb_site_2_impure_fragalysis.sdf,d0174a,d0787a,,,,,,,,,,,TRUE,bad
CC(C)(C)OC[C@H](O)c1ccncn1,v220a,[4.445181369781494],0.538623,44164,2600,3807,['/opt/xchem-fragalysis-2/maxwin/BulkDock/SCRATCH/211014/C2600-P48'],['acceptable'],['expansion'],[''],,RdRp_knitwork_thumb_site_2_impure_fragalysis.sdf,d0174a,d0587a,,,,,,,,,,,TRUE,bad
CCCN(CCC)S(=O)(=O)N[C@H](C)c1ncccn1,v225a,[9.833853721618652],0.549449,44229,2614,3812,['/opt/xchem-fragalysis-2/maxwin/BulkDock/SCRATCH/211014/C2614-P17'],['acceptable'],['expansion'],[''],,RdRp_knitwork_thumb_site_2_impure_fragalysis.sdf,d0174a,d0587a,,,,,,,,,,,TRUE,bad
C[C@@H](NS(=O)(=O)CC(C)(C)C#N)c1ncccn1,v230a,[3.466348648071289],0.620248,44268,2658,3817,['/opt/xchem-fragalysis-2/maxwin/BulkDock/SCRATCH/211014/C2658-P17'],['acceptable'],['expansion'],[''],,RdRp_knitwork_thumb_site_2_impure_fragalysis.sdf,d0174a,d0587a,,,,,TRUE,experimental,,,,,,
C[C@@H](NS(=O)(=O)CC#N)c1ncccn1,v231a,[2.5311026573181152],0.77817,44277,2664,3818,['/opt/xchem-fragalysis-2/maxwin/BulkDock/SCRATCH/211014/C2664-P48'],['acceptable'],['expansion'],[''],,RdRp_knitwork_thumb_site_2_impure_fragalysis.sdf,d0174a,d0587a,,,,,,,,,TRUE,good,,
CCO[C@@H](CC)[C@H](O)c1cncnc1,v253a,[2.3507180213928223],0.524231,44374,3031,3840,['/opt/xchem-fragalysis-2/maxwin/BulkDock/SCRATCH/211014/C3031-P48'],['acceptable'],['expansion'],[''],,RdRp_knitwork_thumb_site_2_impure_fragalysis.sdf,d0174a,d0587a,,,,,,,,,,,TRUE,bad
CC(C)(C)OC[C@@H](O)c1cncnc1,v256a,[5.3021039962768555],0.551968,44383,3038,3843,['/opt/xchem-fragalysis-2/maxwin/BulkDock/SCRATCH/211014/C3038-P48'],['acceptable'],['expansion'],[''],,RdRp_knitwork_thumb_site_2_impure_fragalysis.sdf,d0174a,d0587a,,,,,,,,,,,TRUE,bad
CC(C)(CO)NC(=O)N1CC[C@@H](c2ccon2)C1,v275a,[6.769750118255615],0.738959,46347,2576,3862,['/opt/xchem-fragalysis-2/maxwin/BulkDock/SCRATCH/211014/C2576-P22'],['acceptable'],['expansion'],[''],,RdRp_knitwork_thumb_site_2_impure_fragalysis.sdf,d0248a,d0279a,d0615a,,,,,,,,TRUE,good,,
CC(C)(CO)NC(=O)N1CC[C@@H](c2ccon2)C1,v275b,[6.282138824462891],0.673031,46349,2576,3863,['/opt/xchem-fragalysis-2/maxwin/BulkDock/SCRATCH/211014/C2576-P29'],['acceptable'],['expansion'],[''],,RdRp_knitwork_thumb_site_2_impure_fragalysis.sdf,d0248a,d0279a,,,,,,,,,TRUE,good,,
C[C@H](CO)N(C)C(=O)[C@H]1CCCNCC1,v277a,[4.4379518032073975],0.716505,46687,1261,3864,['/opt/xchem-fragalysis-2/maxwin/BulkDock/SCRATCH/211014/C1261-P22'],['acceptable'],['expansion'],[''],,RdRp_knitwork_thumb_site_2_impure_fragalysis.sdf,d0248a,d0759a,,,,,,,TRUE,okay,,,,
CCS(=O)(=O)NCc1cn(CCCn2cncn2)nn1,v55c,[3.4395720958709717],0.636564,49421,1623,3866,['/opt/xchem-fragalysis-2/maxwin/BulkDock/SCRATCH/211014/C1623-P48'],['acceptable'],['expansion'],[''],,RdRp_knitwork_thumb_site_2_impure_fragalysis.sdf,d0174a,d0587a,,,,,,,,,,,TRUE,bad
CCS(=O)(=O)NC[C@H]1CCC[C@H]2C[C@@H]12,v280a,[3.5700581073760986],0.714021,49520,983,3867,['/opt/xchem-fragalysis-2/maxwin/BulkDock/SCRATCH/211013/C983-P18'],['acceptable'],['expansion'],[''],PQHDSDYOZFSKLV-IVZWLZJFSA-N,RdRp_knitwork_thumb_site_2_impure_fragalysis.sdf,d0174a,d0176a,d0503a,d0759a,,,TRUE,experimental,,,,,,
CCS(=O)(=O)NC[C@H]1C=CCCCC1,v281a,[2.4320366382598877],0.848046,49572,1194,3868,['/opt/xchem-fragalysis-2/maxwin/BulkDock/SCRATCH/211013/C1194-P18'],['acceptable'],['expansion'],[''],FIMPFXBHOKBSJP-JTQLQIEISA-N,RdRp_knitwork_thumb_site_2_impure_fragalysis.sdf,d0174a,d0176a,d0503a,d0759a,,,,,TRUE,okay,,,,
C[C@@H](c1ccccc1)S(=O)(=O)N[C@H](c1ncccn1)C1CC1,v287a,[69.25387573242188],0.368934,49666,5802,3874,['/opt/xchem-fragalysis-2/maxwin/BulkDock/SCRATCH/211014/C5802-P48'],['acceptable'],['expansion'],[''],WLRKTYFDLUYNAQ-WFASDCNBSA-N,RdRp_knitwork_thumb_site_2_impure_fragalysis.sdf,d0174a,d0587a,,,,,TRUE,experimental,,,,,,
CCS(=O)(=O)NC[C@@H]1CCCC2(CC2)C1,v288a,[3.1723756790161133],0.758159,49776,1465,3875,['/opt/xchem-fragalysis-2/maxwin/BulkDock/SCRATCH/211013/C1465-P17'],['acceptable'],['expansion'],[''],GZOFUQGTEOHYBG-SNVBAGLBSA-N,RdRp_knitwork_thumb_site_2_impure_fragalysis.sdf,d0174a,d0176a,d0503a,d0759a,,,,,,,,,TRUE,bad
CCS(=O)(=O)N(C)c1cccnc1,v91b,[1.338061809539795],0.517028,51151,1345,3879,['/opt/xchem-fragalysis-2/maxwin/BulkDock/SCRATCH/211013/C1345-P17'],['acceptable'],['expansion'],[''],KUNYWHXFLWUFPB-UHFFFAOYSA-N,RdRp_knitwork_thumb_site_2_impure_fragalysis.sdf,d0174a,d0279a,d0615a,,,,,,,,TRUE,good,,
CC(C)(C)OC[C@@H](O)c1cscn1,v294a,[2.154937505722046],0.480159,51476,5550,3880,['/opt/xchem-fragalysis-2/maxwin/BulkDock/SCRATCH/211013/C5550-P50'],['acceptable'],['expansion'],[''],CVLSHSMLHFDUPS-MRVPVSSYSA-N,RdRp_knitwork_thumb_site_2_impure_fragalysis.sdf,d0174a,d0615a,,,,,,,TRUE,okay,,,,
C=CCN(C)S(=O)(=O)N[C@@H](C)c1nccs1,v295b,[2.914698362350464],0.64164,51484,5555,3882,['/opt/xchem-fragalysis-2/maxwin/BulkDock/SCRATCH/211013/C5555-P50'],['acceptable'],['expansion'],[''],MJOVEFYRMHTGAB-QMMMGPOBSA-N,RdRp_knitwork_thumb_site_2_impure_fragalysis.sdf,d0174a,d0615a,,,,,,,TRUE,okay,,,,
C=CCS(=O)(=O)N[C@H](CC)c1nccs1,v297a,[1.9662935733795166],0.721475,51488,5561,3883,['/opt/xchem-fragalysis-2/maxwin/BulkDock/SCRATCH/211013/C5561-P17'],['acceptable'],['expansion'],[''],LXYBXKRRADMCFP-MRVPVSSYSA-N,RdRp_knitwork_thumb_site_2_impure_fragalysis.sdf,d0174a,d0615a,,,,,,,TRUE,okay,,,,
C[C@@H](NS(=O)(=O)CCCCC#N)c1nccs1,v298b,[3.2068111896514893],0.581659,51494,5616,3885,['/opt/xchem-fragalysis-2/maxwin/BulkDock/SCRATCH/211013/C5616-P50'],['acceptable'],['expansion'],[''],YZHIZPSEYPALKB-SECBINFHSA-N,RdRp_knitwork_thumb_site_2_impure_fragalysis.sdf,d0174a,d0615a,,,,,,,,,,,TRUE,bad
C[C@H](C[C@H](C)NS(=O)(=O)Cc1cscn1)C(F)F,v305a,[1.9371957778930664],0.621466,51513,5663,3891,['/opt/xchem-fragalysis-2/maxwin/BulkDock/SCRATCH/211013/C5663-P50'],['acceptable'],['expansion'],[''],QQPIZLOXKJHKMI-SFYZADRCSA-N,RdRp_knitwork_thumb_site_2_impure_fragalysis.sdf,d0174a,d0615a,,,,,TRUE,experimental,,,,,,
C=C[C@](C)(CC)NS(=O)(=O)c1cscn1,v316b,[2.268122673034668],0.586004,51647,5850,3903,['/opt/xchem-fragalysis-2/maxwin/BulkDock/SCRATCH/211013/C5850-P50'],['acceptable'],['expansion'],[''],CRCWHWXTZMWLKL-SECBINFHSA-N,RdRp_knitwork_thumb_site_2_impure_fragalysis.sdf,d0174a,d0615a,,,,,TRUE,experimental,,,,,,
C[C@H](NS(=O)(=O)C[C@@H](C)C(C)(F)F)c1nccs1,v318a,[2.5174944400787354],0.647936,51648,5927,3904,['/opt/xchem-fragalysis-2/maxwin/BulkDock/SCRATCH/211013/C5927-P17'],['acceptable'],['expansion'],[''],MAVCNBRDNQKOQG-SFYZADRCSA-N,RdRp_knitwork_thumb_site_2_impure_fragalysis.sdf,d0174a,d0615a,,,,,TRUE,experimental,,,,,,
C[C@@H](NS(=O)(=O)CBr)c1cncs1,v325a,[1.6417837142944336],0.787659,51698,6140,3911,['/opt/xchem-fragalysis-2/maxwin/BulkDock/SCRATCH/211013/C6140-P50'],['acceptable'],['expansion'],[''],ZXADTZPZTLKOGO-RXMQYKEDSA-N,RdRp_knitwork_thumb_site_2_impure_fragalysis.sdf,d0174a,d0615a,,,,,,,TRUE,okay,,,,
CCO[C@@H](C(C)C)[C@@H](O)c1cncs1,v328b,[1.3822858333587646],0.46372,51710,6219,3915,['/opt/xchem-fragalysis-2/maxwin/BulkDock/SCRATCH/211013/C6219-P50'],['acceptable'],['expansion'],[''],VSIMLMGGLHKOHQ-UWVGGRQHSA-N,RdRp_knitwork_thumb_site_2_impure_fragalysis.sdf,d0174a,d0615a,,,,,,,,,,,TRUE,bad
CCCS(=O)(=O)N[C@H](C)c1cccnc1,v336a,[1.8789036273956299],0.781744,51748,6353,3922,['/opt/xchem-fragalysis-2/maxwin/BulkDock/SCRATCH/211013/C6353-P17'],['acceptable'],['expansion'],[''],BXUSHCNUMJPCGE-SECBINFHSA-N,RdRp_knitwork_thumb_site_2_impure_fragalysis.sdf,d0174a,d0615a,,,,,,,,,TRUE,good,,
CCCCN(O)C(=O)c1ccccn1,v338a,[1.9348533153533936],0.511203,51754,6445,3924,['/opt/xchem-fragalysis-2/maxwin/BulkDock/SCRATCH/211013/C6445-P17'],['acceptable'],['expansion'],[''],ZTVBGTNBYSEBPC-UHFFFAOYSA-N,RdRp_knitwork_thumb_site_2_impure_fragalysis.sdf,d0174a,d0615a,,,,,,,,,,,TRUE,bad
CCCCN(O)C(=O)c1ccccn1,v338b,[1.8890740871429443],0.515275,51756,6445,3925,['/opt/xchem-fragalysis-2/maxwin/BulkDock/SCRATCH/211013/C6445-P50'],['acceptable'],['expansion'],[''],ZTVBGTNBYSEBPC-UHFFFAOYSA-N,RdRp_knitwork_thumb_site_2_impure_fragalysis.sdf,d0174a,d0615a,,,,,,,,,,,TRUE,bad
C[C@H](CCNS(=O)(=O)Cc1ccncc1)C(F)F,v341a,[2.8243508338928223],0.622434,51781,6465,3927,['/opt/xchem-fragalysis-2/maxwin/BulkDock/SCRATCH/211013/C6465-P17'],['acceptable'],['expansion'],[''],HIFQUWMQVAZNTE-SECBINFHSA-N,RdRp_knitwork_thumb_site_2_impure_fragalysis.sdf,d0174a,d0615a,,,,,TRUE,experimental,,,,,,
CCC[C@H](NS(=O)(=O)CC(C)(C)C(F)(F)F)c1ccccn1,v344a,[7.104072332382202],0.546437,51790,6489,3930,['/opt/xchem-fragalysis-2/maxwin/BulkDock/SCRATCH/211013/C6489-P17'],['acceptable'],['expansion'],[''],FPGLJNIRXQQASH-LBPRGKRZSA-N,RdRp_knitwork_thumb_site_2_impure_fragalysis.sdf,d0174a,d0615a,,,,,,,,,,,TRUE,bad
CCC[C@H](NS(=O)(=O)CC(C)(C)C(F)(F)F)c1ccccn1,v344b,[7.027507066726685],0.558095,51793,6489,3931,['/opt/xchem-fragalysis-2/maxwin/BulkDock/SCRATCH/211013/C6489-P50'],['acceptable'],['expansion'],[''],FPGLJNIRXQQASH-LBPRGKRZSA-N,RdRp_knitwork_thumb_site_2_impure_fragalysis.sdf,d0174a,d0615a,,,,,,,,,,,TRUE,bad
CC[C@H](NS(=O)(=O)N(C)C)c1ccncc1,v348a,[3.3061165809631348],0.659114,51809,6527,3934,['/opt/xchem-fragalysis-2/maxwin/BulkDock/SCRATCH/211013/C6527-P17'],['acceptable'],['expansion'],[''],XVUBRPZAPHYKMV-JTQLQIEISA-N,RdRp_knitwork_thumb_site_2_impure_fragalysis.sdf,d0174a,d0615a,,,,,,,TRUE,okay,,,,
C[C@H](NS(=O)(=O)CC#N)c1ccccn1,v352a,[1.593364953994751],0.773077,51832,6543,3938,['/opt/xchem-fragalysis-2/maxwin/BulkDock/SCRATCH/211013/C6543-P50'],['acceptable'],['expansion'],[''],MHZFNJCMRZQBRV-QMMMGPOBSA-N,RdRp_knitwork_thumb_site_2_impure_fragalysis.sdf,d0174a,d0615a,,,,,,,TRUE,okay,,,,
CC[C@@H](NS(=O)(=O)CCC(C)C)c1ccccn1,v354a,[2.53985595703125],0.594586,51843,6567,3940,['/opt/xchem-fragalysis-2/maxwin/BulkDock/SCRATCH/211013/C6567-P17'],['acceptable'],['expansion'],[''],VCOMALJTOWPSSG-GFCCVEGCSA-N,RdRp_knitwork_thumb_site_2_impure_fragalysis.sdf,d0174a,d0615a,,,,,,,,,,,TRUE,bad
CCCOCC(=O)[C@H](O)c1cccnc1,v358a,[1.4421262741088867],0.517982,51859,6592,3944,['/opt/xchem-fragalysis-2/maxwin/BulkDock/SCRATCH/211013/C6592-P17'],['acceptable'],['expansion'],[''],ZHJAXKLACHAAFO-LLVKDONJSA-N,RdRp_knitwork_thumb_site_2_impure_fragalysis.sdf,d0174a,d0615a,,,,,,,,,,,TRUE,bad
CCCOCC(=O)[C@H](O)c1cccnc1,v358b,[1.6140797138214111],0.512291,51860,6592,3945,['/opt/xchem-fragalysis-2/maxwin/BulkDock/SCRATCH/211013/C6592-P50'],['acceptable'],['expansion'],[''],ZHJAXKLACHAAFO-LLVKDONJSA-N,RdRp_knitwork_thumb_site_2_impure_fragalysis.sdf,d0174a,d0615a,,,,,,,,,,,TRUE,bad
CCCN(O)C(=O)c1ccccn1,v360a,[1.5077931880950928],0.570684,51867,6630,3946,['/opt/xchem-fragalysis-2/maxwin/BulkDock/SCRATCH/211013/C6630-P50'],['acceptable'],['expansion'],[''],KNQXNDJGVDPOSN-UHFFFAOYSA-N,RdRp_knitwork_thumb_site_2_impure_fragalysis.sdf,d0174a,d0615a,,,,,,,,,,,TRUE,bad
CC(C)C[C@@H](C)CS(=O)(=O)N[C@@H](C)c1ccncc1,v362a,[7.212163209915161],0.478005,51872,6634,3948,['/opt/xchem-fragalysis-2/maxwin/BulkDock/SCRATCH/211013/C6634-P17'],['acceptable'],['expansion'],[''],DNBGHHYGVGYANP-OLZOCXBDSA-N,RdRp_knitwork_thumb_site_2_impure_fragalysis.sdf,d0174a,d0615a,,,,,,,,,,,TRUE,bad
CC(C)C[C@@H](C)CS(=O)(=O)N[C@@H](C)c1ccncc1,v362b,[7.358105659484863],0.525506,51874,6634,3949,['/opt/xchem-fragalysis-2/maxwin/BulkDock/SCRATCH/211013/C6634-P50'],['acceptable'],['expansion'],[''],DNBGHHYGVGYANP-OLZOCXBDSA-N,RdRp_knitwork_thumb_site_2_impure_fragalysis.sdf,d0174a,d0615a,,,,,,,,,,,TRUE,bad
CC(C)[C@@H](NS(C)(=O)=O)c1ccncc1,v368a,[2.4796218872070312],0.702723,51889,6710,3954,['/opt/xchem-fragalysis-2/maxwin/BulkDock/SCRATCH/211013/C6710-P50'],['acceptable'],['expansion'],[''],HSBYGEOWLQMFBK-SNVBAGLBSA-N,RdRp_knitwork_thumb_site_2_impure_fragalysis.sdf,d0174a,d0615a,,,,,,,,,,,TRUE,bad
C[C@@H](NS(C)(=O)=O)c1ccccn1,v372a,[1.6375768184661865],0.806951,51903,6745,3958,['/opt/xchem-fragalysis-2/maxwin/BulkDock/SCRATCH/211013/C6745-P50'],['acceptable'],['expansion'],[''],FKYZVQMLDJQCKR-SSDOTTSWSA-N,RdRp_knitwork_thumb_site_2_impure_fragalysis.sdf,d0174a,d0615a,,,,,,,TRUE,okay,,,,
C=C(C(=O)OC)[C@H](O)c1ccncc1,v373b,[1.5419557094573975],0.583081,51908,6748,3960,['/opt/xchem-fragalysis-2/maxwin/BulkDock/SCRATCH/211013/C6748-P50'],['acceptable'],['expansion'],[''],IELXRUKORPMBPJ-VIFPVBQESA-N,RdRp_knitwork_thumb_site_2_impure_fragalysis.sdf,d0174a,d0615a,,,,,TRUE,experimental,,,,,,
CCCOCC[C@@H](O)c1ccccn1,v375a,[2.1693172454833984],0.472812,51910,6749,3961,['/opt/xchem-fragalysis-2/maxwin/BulkDock/SCRATCH/211013/C6749-P17'],['acceptable'],['expansion'],[''],ZXIOPGFTZPIVNB-LLVKDONJSA-N,RdRp_knitwork_thumb_site_2_impure_fragalysis.sdf,d0174a,d0615a,,,,,,,,,,,TRUE,bad
CCCOCC[C@@H](O)c1ccccn1,v375b,[1.4545605182647705],0.480465,51911,6749,3962,['/opt/xchem-fragalysis-2/maxwin/BulkDock/SCRATCH/211013/C6749-P50'],['acceptable'],['expansion'],[''],ZXIOPGFTZPIVNB-LLVKDONJSA-N,RdRp_knitwork_thumb_site_2_impure_fragalysis.sdf,d0174a,d0615a,,,,,,,,,,,TRUE,bad
COC(=O)[C@](C)(O)c1ccccn1,v379a,[1.4895637035369873],0.5092,51926,6847,3965,['/opt/xchem-fragalysis-2/maxwin/BulkDock/SCRATCH/211013/C6847-P50'],['acceptable'],['expansion'],[''],NNCWNFDMEUWHDI-SECBINFHSA-N,RdRp_knitwork_thumb_site_2_impure_fragalysis.sdf,d0174a,d0615a,,,,,,,,,,,TRUE,bad
CCCOC[C@H](O)c1cccnc1,v388a,[1.6935410499572754],0.602655,51973,6935,3974,['/opt/xchem-fragalysis-2/maxwin/BulkDock/SCRATCH/211013/C6935-P50'],['acceptable'],['expansion'],[''],SSUIBPIVLLKLDS-JTQLQIEISA-N,RdRp_knitwork_thumb_site_2_impure_fragalysis.sdf,d0174a,d0615a,,,,,,,,,,,TRUE,bad
CC(C)(C)OC[C@@H](O)c1ccccn1,v389a,[2.3824613094329834],0.498788,51975,6945,3975,['/opt/xchem-fragalysis-2/maxwin/BulkDock/SCRATCH/211013/C6945-P17'],['acceptable'],['expansion'],[''],JOUKTDMORMFDAW-SNVBAGLBSA-N,RdRp_knitwork_thumb_site_2_impure_fragalysis.sdf,d0174a,d0615a,,,,,,,,,,,TRUE,bad
CC[C@@H](NS(=O)(=O)CCC(F)(F)C(F)F)c1cccnc1,v390b,[3.2299387454986572],0.613429,51980,6950,3977,['/opt/xchem-fragalysis-2/maxwin/BulkDock/SCRATCH/211013/C6950-P50'],['acceptable'],['expansion'],[''],KGPMAROHLPCGEI-SNVBAGLBSA-N,RdRp_knitwork_thumb_site_2_impure_fragalysis.sdf,d0174a,d0615a,,,,,TRUE,experimental,,,,,,
CCCc1nnc(NS(=O)(=O)c2ccc3c(c2)OCCO3)s1,v393a,[3.524533271789551],0.508637,54796,4670,3979,['/opt/xchem-fragalysis-2/maxwin/BulkDock/SCRATCH/211013/C4670-P33'],['acceptable'],['expansion'],[''],JFXCVJGKTUWCDE-UHFFFAOYSA-N,RdRp_knitwork_thumb_site_2_impure_fragalysis.sdf,d0174a,d0376a,,,,,,,,,,,TRUE,bad
CCCn1ccc(CNCc2ccc3c(n2)OCCO3)n1,v394a,[4.794697046279907],0.498397,54819,5076,3980,['/opt/xchem-fragalysis-2/maxwin/BulkDock/SCRATCH/211013/C5076-P33'],['acceptable'],['expansion'],[''],UGEFVIWPBQPAJW-UHFFFAOYSA-N,RdRp_knitwork_thumb_site_2_impure_fragalysis.sdf,d0174a,d0376a,,,,,,,,,,,TRUE,bad
O=S(=O)(CCc1cnoc1)N[C@@H](c1ccncc1)C1CCC1,v397a,[5.452700853347778],0.534354,55030,1453,3981,['/opt/xchem-fragalysis-2/maxwin/BulkDock/SCRATCH/211013/C1453-P50'],['acceptable'],['expansion'],[''],LMZFONDIQODLJV-OAHLLOKOSA-N,RdRp_knitwork_thumb_site_2_impure_fragalysis.sdf,d0174a,d0615a,d0759a,,,,TRUE,experimental,,,,,,
CC[C@@H](NS(=O)(=O)c1coc2ccccc12)C(C)C,v404a,[5.679510593414307],0.483956,55351,3977,3984,['/opt/xchem-fragalysis-2/maxwin/BulkDock/SCRATCH/211013/C3977-P59'],['acceptable'],['expansion'],[''],MRJZKRWISJPOMU-GFCCVEGCSA-N,RdRp_knitwork_thumb_site_2_impure_fragalysis.sdf,d0174a,d0787a,,,,,,,,,,,TRUE,bad
O=C1C=C(c2ccccn2)CCCC1,v406a,[1.4950191974639893],0.47769,58738,6954,3986,['/opt/xchem-fragalysis-2/maxwin/BulkDock/SCRATCH/211013/C6954-P50'],['acceptable'],['expansion'],[''],PXNMOXNSHAKQAT-UHFFFAOYSA-N,RdRp_knitwork_thumb_site_2_impure_fragalysis.sdf,d0566a,d0615a,,,,,,,,,,,TRUE,bad
CNS(=O)(=O)c1ccc(NCCNS(=O)(=O)c2ccccc2Cl)cc1Cl,v408a,6.352942,0.808546,77309,68584,3988,/opt/xchem-fragalysis-2/maxwin/BulkDock/SCRATCH/217914/C68584-P9,acceptable,expansion,None,AALDGRRBNDTXMU-UHFFFAOYSA-N,thumb_site_2_fstein_bulkdock_input,d0153a,d0153b,,,,,,,,,,,TRUE,bad
CNS(=O)(=O)c1ccc(NCCNS(=O)(=O)c2ccccc2Cl)cc1Cl,v408b,6.866135,0.857129,77312,68584,3989,/opt/xchem-fragalysis-2/maxwin/BulkDock/SCRATCH/217914/C68584-P10,acceptable,expansion,None,AALDGRRBNDTXMU-UHFFFAOYSA-N,thumb_site_2_fstein_bulkdock_input,d0153a,d0153b,,,,,,,,,,,TRUE,bad
CNS(=O)(=O)c1ccc(Nc2ccc(-c3csc(N)n3)cc2)cc1Cl,v410a,4.922842,0.726942,77319,68585,3990,/opt/xchem-fragalysis-2/maxwin/BulkDock/SCRATCH/217914/C68585-P15,acceptable,expansion,None,LDVCWUHBZGDXKA-UHFFFAOYSA-N,thumb_site_2_fstein_bulkdock_input,d0153b,d0162a,,,,,,,,,,,TRUE,bad
CNS(=O)(=O)c1cccc(NC2CCOCC2)c1Cl,v413a,4.217252,0.649994,77357,68591,3993,/opt/xchem-fragalysis-2/maxwin/BulkDock/SCRATCH/217914/C68591-P29,acceptable,expansion,None,LBYOSQKDKOKAKC-UHFFFAOYSA-N,thumb_site_2_fstein_bulkdock_input,d0153b,d0279a,,,,,,,TRUE,okay,,,,
CNS(=O)(=O)c1cccc(CCNc2ccccc2)c1Cl,v417a,4.580449,0.655068,77410,68608,3997,/opt/xchem-fragalysis-2/maxwin/BulkDock/SCRATCH/217914/C68608-P9,acceptable,expansion,None,XNAZHTXJGLOOCU-UHFFFAOYSA-N,thumb_site_2_fstein_bulkdock_input,d0153b,d1212a,,,,,,,TRUE,okay,,,,
CNS(=O)(=O)c1cccc(CCNc2ccccc2)c1Cl,v417b,4.39118,0.701363,77413,68608,3998,/opt/xchem-fragalysis-2/maxwin/BulkDock/SCRATCH/217914/C68608-P79,acceptable,expansion,None,XNAZHTXJGLOOCU-UHFFFAOYSA-N,thumb_site_2_fstein_bulkdock_input,d0153b,d1212a,,,,,,,TRUE,okay,,,,
CCS(=O)(=O)NCc1ccc2c(c1)O[C@@H](NCNS(=O)(=O)c1ccccc1Cl)O2,v420a,6.119923,0.798263,77435,68613,4000,/opt/xchem-fragalysis-2/maxwin/BulkDock/SCRATCH/217914/C68613-P10,acceptable,expansion,None,LUWQMNMHDSRBNQ-KRWDZBQOSA-N,thumb_site_2_fstein_bulkdock_input,d0153a,d0174a,,,,,,,TRUE,okay,,,,
CCS(=O)(=O)NCc1ccc2c(c1)O[C@@H](NCNS(=O)(=O)c1ccccc1Cl)O2,v420b,5.325093,0.759385,77438,68613,4001,/opt/xchem-fragalysis-2/maxwin/BulkDock/SCRATCH/217914/C68613-P17,acceptable,expansion,None,LUWQMNMHDSRBNQ-KRWDZBQOSA-N,thumb_site_2_fstein_bulkdock_input,d0153a,d0174a,,,,,,,TRUE,okay,,,,
O=C(O)Cc1cc(CC(=O)O)cc(-c2ccc(CCNCNS(=O)(=O)c3ccccc3Cl)s2)c1,v434a,7.504212,0.797814,77553,68635,4014,/opt/xchem-fragalysis-2/maxwin/BulkDock/SCRATCH/217914/C68635-P10,acceptable,expansion,None,YZVNFYOSDYISGW-UHFFFAOYSA-N,thumb_site_2_fstein_bulkdock_input,d0153a,5hmx-a,,,,,,,,,,,TRUE,bad
CC(C)(CO)NC(=O)c1cccc(Nc2ccc(-c3csc(N)n3)cc2)c1,v438a,8.085865,0.868829,77587,68641,4018,/opt/xchem-fragalysis-2/maxwin/BulkDock/SCRATCH/217914/C68641-P22,acceptable,expansion,None,MLFVYAAZYPOSSA-UHFFFAOYSA-N,thumb_site_2_fstein_bulkdock_input,d0162a,d0248a,,,,,,,TRUE,okay,,,,
Nc1nc(-c2ccc(Nc3ccccc3)cc2)cs1,v439a,3.021577,0.922697,77593,68642,4019,/opt/xchem-fragalysis-2/maxwin/BulkDock/SCRATCH/217914/C68642-P23,acceptable,expansion,None,GJMVTWFDMFYHEH-UHFFFAOYSA-N,thumb_site_2_fstein_bulkdock_input,d0162a,d0249a,,,,,,,TRUE,okay,,,,
CC(C)(c1ccc(-c2csc(N)n2)cc1)c1ccncn1,v446a,2.930734,0.786649,77638,68652,4026,/opt/xchem-fragalysis-2/maxwin/BulkDock/SCRATCH/217914/C68652-P48,acceptable,expansion,None,KSQGPIONHDAEBN-UHFFFAOYSA-N,thumb_site_2_fstein_bulkdock_input,d0162a,d0587a,,,,,,,TRUE,okay,,,,
Nc1nc(-c2ccc(N(CC(=O)N3CCOCC3)C3CCCCC3)cc2)cs1,v449a,31.356249,0.497854,77655,68657,4029,/opt/xchem-fragalysis-2/maxwin/BulkDock/SCRATCH/217914/C68657-P15,acceptable,expansion,None,MQVROZJOLUQYFG-UHFFFAOYSA-N,thumb_site_2_fstein_bulkdock_input,d0162a,d0771a,,,,,TRUE,experimental,,,,,,
Nc1nc(-c2ccc(N(CC(=O)N3CCOCC3)C3CCCCC3)cc2)cs1,v449b,31.647022,0.451995,77664,68657,4030,/opt/xchem-fragalysis-2/maxwin/BulkDock/SCRATCH/217914/C68657-P57,acceptable,expansion,None,MQVROZJOLUQYFG-UHFFFAOYSA-N,thumb_site_2_fstein_bulkdock_input,d0162a,d0771a,,,,,,,,,,,TRUE,bad
Nc1nc(-c2ccc(N(N)c3ccccc3)cc2)cs1,v453a,3.540234,0.884515,77672,68660,4033,/opt/xchem-fragalysis-2/maxwin/BulkDock/SCRATCH/217914/C68660-P15,acceptable,expansion,None,VPYKNYUMCPMOGH-UHFFFAOYSA-N,thumb_site_2_fstein_bulkdock_input,d0162a,d1149a,,,,,,,,,,,TRUE,bad
Nc1nc(-c2ccc(N(N)c3ccccc3)cc2)cs1,v453b,3.552294,0.816608,77673,68660,4034,/opt/xchem-fragalysis-2/maxwin/BulkDock/SCRATCH/217914/C68660-P76,acceptable,expansion,None,VPYKNYUMCPMOGH-UHFFFAOYSA-N,thumb_site_2_fstein_bulkdock_input,d0162a,d1149a,,,,,,,,,,,TRUE,bad
Cc1ccc(Nc2ccc(-c3csc(N)n3)cc2)cn1,v455a,2.763059,0.835666,77677,68661,4035,/opt/xchem-fragalysis-2/maxwin/BulkDock/SCRATCH/217914/C68661-P79,acceptable,expansion,None,ZQNBUZXZLXTGKJ-UHFFFAOYSA-N,thumb_site_2_fstein_bulkdock_input,d0162a,d1212a,,,,,,,,,,,TRUE,bad
Nc1nc(-c2ccc(NC(=O)c3csc(-c4cc(CC(=O)O)cc(CC(=O)O)c4)c3)cc2)cs1,v456a,10.408299,0.638972,77688,68663,4036,/opt/xchem-fragalysis-2/maxwin/BulkDock/SCRATCH/217914/C68663-P15,acceptable,expansion,None,ATSWPPNPCFKYBE-UHFFFAOYSA-N,thumb_site_2_fstein_bulkdock_input,d0162a,5hmx-a,,,,,,,TRUE,okay,,,,
CCS(=O)(=O)NCc1ccc2c(c1)O[C@@H](Oc1ccc(S(=O)(=O)N3CCNCC3)cc1)O2,v457a,15.31891,0.820821,77701,68667,4037,/opt/xchem-fragalysis-2/maxwin/BulkDock/SCRATCH/217914/C68667-P17,acceptable,expansion,None,FAQQMENBAAMZPE-FQEVSTJZSA-N,thumb_site_2_fstein_bulkdock_input,d0174a,d0210a,,,,,,,,,TRUE,good,,
CCc1c(NCc2ccc3c(c2)OCO3)n[nH]c1O,v464a,1.930167,0.68282,77729,68673,4044,/opt/xchem-fragalysis-2/maxwin/BulkDock/SCRATCH/217914/C68673-P17,acceptable,expansion,None,SVDVXQUBHCNNMO-UHFFFAOYSA-N,thumb_site_2_fstein_bulkdock_input,d0174a,d0414a,,,,,TRUE,experimental,,,,,,
O=C(c1c(F)cccc1F)N1CC[C@@H]2CCO[C@@H]2C1,v469a,4.783697,0.695139,77843,68710,4049,/opt/xchem-fragalysis-2/maxwin/BulkDock/SCRATCH/217914/C68710-P53,acceptable,expansion,None,GSEHWMCATPMGSP-BXKDBHETSA-N,thumb_site_2_fstein_bulkdock_input,d0176a,d0693a,,,,,,,,,,,TRUE,bad
CC(=O)Nc1ccc(Cc2cccc(C(=O)NC(C)(C)CO)c2)cc1,v471a,8.731393,0.401347,78140,68744,4051,/opt/xchem-fragalysis-2/maxwin/BulkDock/SCRATCH/217914/C68744-P22,acceptable,expansion,None,JABKVAACCKXYBC-UHFFFAOYSA-N,thumb_site_2_fstein_bulkdock_input,d0174a,d0248a,,,,,,,TRUE,okay,,,,
CC(C)(CO)NC(=O)c1cccc(CCNc2ccccc2)c1,v472a,12.044518,0.690666,78417,68762,4052,/opt/xchem-fragalysis-2/maxwin/BulkDock/SCRATCH/217914/C68762-P57,acceptable,expansion,None,MGTHCJZTDZZOJQ-UHFFFAOYSA-N,thumb_site_2_fstein_bulkdock_input,d0248a,d0771a,,,,,,,TRUE,okay,,,,
CNS(=O)(=O)Cc1ccc(Nc2ccc(NC(C)=O)cc2)cc1,v473a,5.964484,0.555452,78516,68774,4053,/opt/xchem-fragalysis-2/maxwin/BulkDock/SCRATCH/217914/C68774-P23,acceptable,expansion,None,KWOALRMZHLDTRX-UHFFFAOYSA-N,thumb_site_2_fstein_bulkdock_input,d0176a,d0249a,,,,,,,,,,,TRUE,bad
COc1ccc(C(=O)c2ccc(NC(C)=O)cc2)cc1,v474a,4.691224,0.686613,78531,68783,4054,/opt/xchem-fragalysis-2/maxwin/BulkDock/SCRATCH/217914/C68783-P23,acceptable,expansion,None,HEVLHYOMJRCYDO-UHFFFAOYSA-N,thumb_site_2_fstein_bulkdock_input,d0249a,d0503a,,,,,,,,,,,TRUE,bad
COc1ccc(C(=O)c2ccc(NC(C)=O)cc2)cc1,v474b,6.074934,0.615744,78532,68783,4055,/opt/xchem-fragalysis-2/maxwin/BulkDock/SCRATCH/217914/C68783-P44,acceptable,expansion,None,HEVLHYOMJRCYDO-UHFFFAOYSA-N,thumb_site_2_fstein_bulkdock_input,d0249a,d0503a,,,,,,,,,,,TRUE,bad
CC(=O)Nc1ccc(N(N)c2ccccc2)cc1,v478a,4.957763,0.813045,78569,68789,4058,/opt/xchem-fragalysis-2/maxwin/BulkDock/SCRATCH/217914/C68789-P23,acceptable,expansion,None,OXSUNYASGXJSAK-UHFFFAOYSA-N,thumb_site_2_fstein_bulkdock_input,d0249a,d0693a,,,,,,,,,,,TRUE,bad
C[C@@H]1C[C@H](Nc2ccc(F)c[n+]2[O-])CCO1,v482a,2.295948,0.595566,79908,68843,4062,/opt/xchem-fragalysis-2/maxwin/BulkDock/SCRATCH/217914/C68843-P21,acceptable,expansion,None,CXGJWWKUVNWMBN-PSASIEDQSA-N,thumb_site_2_fstein_bulkdock_input,d0210a,d0279a,,,,,,,,,,,TRUE,bad
C[C@@H]1C[C@H](Nc2ccc(F)c[n+]2[O-])CCO1,v482b,2.308733,0.529913,79910,68843,4063,/opt/xchem-fragalysis-2/maxwin/BulkDock/SCRATCH/217914/C68843-P29,acceptable,expansion,None,CXGJWWKUVNWMBN-PSASIEDQSA-N,thumb_site_2_fstein_bulkdock_input,d0210a,d0279a,,,,,,,,,,,TRUE,bad
NN(c1ccc(F)cn1)C1CCOCC1,v485a,1.923007,0.864224,80000,68857,4065,/opt/xchem-fragalysis-2/maxwin/BulkDock/SCRATCH/217914/C68857-P52,acceptable,expansion,None,YHUNEUUBKJWLKI-UHFFFAOYSA-N,thumb_site_2_fstein_bulkdock_input,d0279a,d0644a,,,,,,,,,,,TRUE,bad
Fc1ccc(N[C@@H]2CCOC3(CCCCC3)C2)nc1,v486a,3.071657,0.757665,80002,68858,4066,/opt/xchem-fragalysis-2/maxwin/BulkDock/SCRATCH/217914/C68858-P29,acceptable,expansion,None,PVTLGNALXGMKHO-CYBMUJFWSA-N,thumb_site_2_fstein_bulkdock_input,d0279a,d0693a,,,,,,,,,,,TRUE,bad
Fc1ccc(N[C@@H]2CCOC3(CCCCC3)C2)nc1,v486b,3.195578,0.74555,80005,68858,4067,/opt/xchem-fragalysis-2/maxwin/BulkDock/SCRATCH/217914/C68858-P53,acceptable,expansion,None,PVTLGNALXGMKHO-CYBMUJFWSA-N,thumb_site_2_fstein_bulkdock_input,d0279a,d0693a,,,,,,,,,,,TRUE,bad
CCc1ccc(=O)n(Cc2cc(C)no2)n1,v493a,1.664568,0.794043,80525,68927,4073,/opt/xchem-fragalysis-2/maxwin/BulkDock/SCRATCH/217914/C68927-P30,acceptable,expansion,None,MKWUNOYKUUHWRR-UHFFFAOYSA-N,thumb_site_2_fstein_bulkdock_input,d0283a,d0379a,,,,,,,,,,,TRUE,bad
CCc1ccc(=O)n(Cc2cc(C)no2)n1,v493b,1.614356,0.810484,80527,68927,4074,/opt/xchem-fragalysis-2/maxwin/BulkDock/SCRATCH/217914/C68927-P35,acceptable,expansion,None,MKWUNOYKUUHWRR-UHFFFAOYSA-N,thumb_site_2_fstein_bulkdock_input,d0283a,d0379a,,,,,,,,,,,TRUE,bad
Cc1cc(Cn2[nH]c3c(c2=O)CCCC3)on1,v495a,2.104749,0.73039,80533,68932,4075,/opt/xchem-fragalysis-2/maxwin/BulkDock/SCRATCH/217914/C68932-P35,acceptable,expansion,None,PRYCZZKOYFDPQN-UHFFFAOYSA-N,thumb_site_2_fstein_bulkdock_input,d0379a,d0567a,,,,,,,,,,,TRUE,bad
Cc1cc(Cn2[nH]c3c(c2=O)CCCC3)on1,v495b,2.114656,0.730813,80534,68932,4076,/opt/xchem-fragalysis-2/maxwin/BulkDock/SCRATCH/217914/C68932-P46,acceptable,expansion,None,PRYCZZKOYFDPQN-UHFFFAOYSA-N,thumb_site_2_fstein_bulkdock_input,d0379a,d0567a,,,,,,,,,,,TRUE,bad
C[C@@H]1CCN(S(=O)(=O)N2CC(c3ccccc3)C2)C1,v500a,9.179862,0.483818,80900,68987,4080,/opt/xchem-fragalysis-2/maxwin/BulkDock/SCRATCH/217914/C68987-P44,acceptable,expansion,None,OBILXVZHRBQCQW-GFCCVEGCSA-N,thumb_site_2_fstein_bulkdock_input,d0503a,d0644a,,,,,,,,,,,TRUE,bad
Cc1cnc(N(C)C[C@H]2CCOC2)c(Cl)c1,v503a,1.514105,0.701488,81055,69057,4083,/opt/xchem-fragalysis-2/maxwin/BulkDock/SCRATCH/217914/C69057-P27,acceptable,expansion,None,YCYARQWXNBKXND-SNVBAGLBSA-N,thumb_site_2_fstein_bulkdock_input,d0258a,d0587a,,,,,,,,,,,TRUE,bad
Cc1cnc(N(C)C[C@H]2CCOC2)c(Cl)c1,v503b,1.46965,0.677864,81056,69057,4084,/opt/xchem-fragalysis-2/maxwin/BulkDock/SCRATCH/217914/C69057-P48,acceptable,expansion,None,YCYARQWXNBKXND-SNVBAGLBSA-N,thumb_site_2_fstein_bulkdock_input,d0258a,d0587a,,,,,,,,,,,TRUE,bad
N#Cc1ccc(Cn2cnc3ccccc32)cc1O,v508a,7.674559,0.490161,81200,69116,4088,/opt/xchem-fragalysis-2/maxwin/BulkDock/SCRATCH/217914/C69116-P52,acceptable,expansion,None,PANZNSUBQUNTNU-UHFFFAOYSA-N,thumb_site_2_fstein_bulkdock_input,d0644a,d0749a,,,,,,,,,,,TRUE,bad
N[C@H](c1ccccc1)c1ccc(-c2cc(CC(=O)O)cc(CC(=O)O)c2)s1,v511a,16.322268,0.757269,81672,69322,4091,/opt/xchem-fragalysis-2/maxwin/BulkDock/SCRATCH/217914/C69322-P15,acceptable,expansion,None,YCJFKKPTJKKHNY-OAQYLSRUSA-N,thumb_site_2_fstein_bulkdock_input,d0162a,5hmx-a,,,,,,,,,TRUE,good,,
N[C@H](c1ccccc1)c1ccc(-c2cc(CC(=O)O)cc(CC(=O)O)c2)s1,v511b,16.101909,0.702681,81675,69322,4092,/opt/xchem-fragalysis-2/maxwin/BulkDock/SCRATCH/217914/C69322-P224,acceptable,expansion,None,YCJFKKPTJKKHNY-OAQYLSRUSA-N,thumb_site_2_fstein_bulkdock_input,d0162a,5hmx-a,,,,,,,,,TRUE,good,,
COc1ccc2cc(CN)[nH]c2c1NC(C)=O,v513a,2.294948,0.744392,55394,66289,4093,/opt/xchem-fragalysis-2/maxwin/BulkDock/SCRATCH/216971/C66289-P96,acceptable,expansion,None,CZPICAMLPOGNFV-UHFFFAOYSA-N,RdRp_fstein_cavity_b,z0136b,z0184a,,,,,,,,,,,TRUE,bad
Cc1cc2cccc(NC[C@H]3CCNC3)n2n1,v530a,2.724094,0.715306,79512,67990,4110,/opt/xchem-fragalysis-2/maxwin/BulkDock/SCRATCH/217910/C67990-P151,acceptable,expansion,None,PASWEVDTJXEMNV-NSHDSACASA-N,green_site_rna_tunnel_fstein_bulkdock_input_fragalysis.sdf,z0496a,z0637a,,,,,,,TRUE,okay,,,,
Cn1c(=O)n(CCN2CCCC2=O)c(=S)c2ccccc21,v536a,2.103494,0.737165,81355,68384,4116,/opt/xchem-fragalysis-2/maxwin/BulkDock/SCRATCH/217910/C68384-P113,acceptable,expansion,None,KZGPDDSEMZONAM-UHFFFAOYSA-N,green_site_rna_tunnel_fstein_bulkdock_input_fragalysis.sdf,z0309a,z1018a,,,,,,,,,TRUE,good,,
Cn1c(=O)n(CCN2CCCC2=O)c(=S)c2ccccc21,v536b,1.958677,0.756949,81356,68384,4117,/opt/xchem-fragalysis-2/maxwin/BulkDock/SCRATCH/217910/C68384-P206,acceptable,expansion,None,KZGPDDSEMZONAM-UHFFFAOYSA-N,green_site_rna_tunnel_fstein_bulkdock_input_fragalysis.sdf,z0309a,z1018a,,,,,,,,,TRUE,good,,
CN(C[C@H]1CCNC1)c1ccc2ccccc2n1,v538a,1.892709,0.702862,81418,68415,4118,/opt/xchem-fragalysis-2/maxwin/BulkDock/SCRATCH/217910/C68415-P208,acceptable,expansion,None,ZWWZBAUAVBEARZ-LBPRGKRZSA-N,green_site_rna_tunnel_fstein_bulkdock_input_fragalysis.sdf,d0472b,z1040a,,,,,,,,,,,TRUE,bad
CNc1ccc2ccccc2c1NC(=O)NCCN1CCCC1=O,v539a,4.797041,0.488311,81428,68425,4119,/opt/xchem-fragalysis-2/maxwin/BulkDock/SCRATCH/217910/C68425-P208,acceptable,expansion,None,KWNDKUHQZANDAD-UHFFFAOYSA-N,green_site_rna_tunnel_fstein_bulkdock_input_fragalysis.sdf,z0309a,z1040a,,,,,TRUE,experimental,,,,,,
COc1cc(C[C@@H]2CCNC2)cc2[nH]ccc12,v553a,1.982191,0.655391,82996,66810,4133,/opt/xchem-fragalysis-2/maxwin/BulkDock/SCRATCH/217965/C66810-P86,acceptable,expansion,None,CITWUZFMFFTAGJ-JTQLQIEISA-N,green_site_rna_tunnel_fstein_bulkdock_input_fragalysis.sdf,z0107a,z0309a,,,,,,,,,,,TRUE,bad
COc1cc(C[C@@H]2CCNC2)cc2[nH]ccc12,v553b,2.527519,0.596148,82997,66810,4134,/opt/xchem-fragalysis-2/maxwin/BulkDock/SCRATCH/217965/C66810-P113,acceptable,expansion,None,CITWUZFMFFTAGJ-JTQLQIEISA-N,green_site_rna_tunnel_fstein_bulkdock_input_fragalysis.sdf,z0107a,z0309a,,,,,,,TRUE,okay,,,,
CCCCc1cccc(NC(C)C)c1,v555a,12.501478,0.576885,82999,66816,4135,/opt/xchem-fragalysis-2/maxwin/BulkDock/SCRATCH/217965/C66816-P86,acceptable,expansion,None,YUHACVZIAPTHAH-UHFFFAOYSA-N,green_site_rna_tunnel_fstein_bulkdock_input_fragalysis.sdf,z0107a,z0483a,,,,,,,,,,,TRUE,bad
CN(c1nccc2cc(F)ccc12)S(N)(=O)=O,v558a,1.25434,0.601216,83036,66848,4138,/opt/xchem-fragalysis-2/maxwin/BulkDock/SCRATCH/217965/C66848-P100,acceptable,expansion,None,PHJBSTGCZPQCAF-UHFFFAOYSA-N,green_site_rna_tunnel_fstein_bulkdock_input_fragalysis.sdf,z0111a,z0200a,,,,,,,,,,,TRUE,bad
CCc1cn[nH]c1-c1ccc(F)cn1,v563a,1.309471,0.803622,83419,67005,4143,/opt/xchem-fragalysis-2/maxwin/BulkDock/SCRATCH/217965/C67005-P104,acceptable,expansion,None,IXLKKYOTAMQYPU-UHFFFAOYSA-N,green_site_rna_tunnel_fstein_bulkdock_input_fragalysis.sdf,z0041a,z0215a,,,,,,,,,,,TRUE,bad
CN1CCN([C@@H](N=O)Nc2ccc(F)c(O)c2)CC1,v570a,2.903079,0.68395,83777,67358,4150,/opt/xchem-fragalysis-2/maxwin/BulkDock/SCRATCH/217965/C67358-P133,acceptable,expansion,None,JJNYTXOTMRHCFP-GFCCVEGCSA-N,green_site_rna_tunnel_fstein_bulkdock_input_fragalysis.sdf,d0378a,z0483a,,,,,,,,,,,TRUE,bad
COc1cccc(S(=O)(=O)NC(=O)c2cc(-c3ccc(C#CCO)s3)c([C@H](C)c3c[nH]nc3-c3ccncc3)cc2OC)c1,v576a,16.078365,0.77688,77387,67390,4156,/opt/xchem-fragalysis-2/maxwin/BulkDock/SCRATCH/217912/C67390-P12,acceptable,expansion,None,TUHJHFXLPDHAOH-FQEVSTJZSA-N,primer_grip_n_pocket_fstein_bulkdock_input,d0160a,5i3p-a,5k5m-a,,,,TRUE,experimental,,,,,,
Cc1cc([C@H](C)c2c[nH]nc2-c2ccncc2)c(-c2ccc(C#CCO)s2)cc1C(=O)NS(C)(=O)=O,v578a,12.68977,0.7158,77478,67398,4158,/opt/xchem-fragalysis-2/maxwin/BulkDock/SCRATCH/217912/C67398-P12,acceptable,expansion,None,PXZGBQYNYITACE-KRWDZBQOSA-N,primer_grip_n_pocket_fstein_bulkdock_input,d0160a,5hmz-a,,,,,TRUE,experimental,,,,,,
Cc1sc([C@H](C)NC(=O)C(C)C)c(C)c1CCNc1ccn(Cc2cccnc2)c1,v579a,96.404382,0.58076,77527,67404,4159,/opt/xchem-fragalysis-2/maxwin/BulkDock/SCRATCH/217912/C67404-P19,acceptable,expansion,None,MQQPLOYUSOAAKC-SFHVURJKSA-N,primer_grip_n_pocket_fstein_bulkdock_input,d0191a,d0264a,,,,,,,,,,,TRUE,bad
c1cncc(Cn2ccc(Nc3cccnc3-n3cccc3)c2)c1,v580a,4.002896,0.83573,77546,67405,4160,/opt/xchem-fragalysis-2/maxwin/BulkDock/SCRATCH/217912/C67405-P42,acceptable,expansion,None,LDGQOFRTSKTMJZ-UHFFFAOYSA-N,primer_grip_n_pocket_fstein_bulkdock_input,d0191a,d0472a,,,,,,,,,,,TRUE,bad
N#Cc1nc[nH]c1Nc1cccn1Cc1cccnc1,v582a,2.739915,0.728933,77562,67410,4162,/opt/xchem-fragalysis-2/maxwin/BulkDock/SCRATCH/217912/C67410-P19,acceptable,expansion,None,FRJYLRUVCPPIIC-UHFFFAOYSA-N,primer_grip_n_pocket_fstein_bulkdock_input,d0191a,z0875c,,,,,,,,,TRUE,good,,
COc1c(CC(=O)O)cc(CC(=O)O)cc1-c1ccc(C#CCO)s1,v596a,6.168025,0.861759,82075,67659,4176,/opt/xchem-fragalysis-2/maxwin/BulkDock/SCRATCH/217912/C67659-P216,acceptable,expansion,None,RIGFXPYYCKCHGJ-UHFFFAOYSA-N,primer_grip_n_pocket_fstein_bulkdock_input,z0052a,z0103a,5hmy-a,5i3q-a,5hmx-b,5k5m-a,,,,,,,TRUE,bad
COc1c(CC(=O)O)cc(CC(=O)O)cc1-c1ccc(C#CCO)s1,v596b,4.007996,0.900087,82085,67659,4177,/opt/xchem-fragalysis-2/maxwin/BulkDock/SCRATCH/217912/C67659-P221,acceptable,expansion,None,RIGFXPYYCKCHGJ-UHFFFAOYSA-N,primer_grip_n_pocket_fstein_bulkdock_input,5hmy-a,5i3q-a,,,,,,,,,,,TRUE,bad
COc1c(CC(=O)O)cc(CC(=O)O)cc1-c1ccc(C#CCO)s1,v596c,5.47791,0.870363,82087,67659,4178,/opt/xchem-fragalysis-2/maxwin/BulkDock/SCRATCH/217912/C67659-P225,acceptable,expansion,None,RIGFXPYYCKCHGJ-UHFFFAOYSA-N,primer_grip_n_pocket_fstein_bulkdock_input,5hmy-a,5k5m-a,,,,,,,,,,,TRUE,bad
O=C(O)Cc1cc(-c2ccccc2)cc([C@H](C(=O)O)c2cc(-c3ccncc3)n[nH]2)c1,v603a,6.283455,0.524697,82419,67718,4183,/opt/xchem-fragalysis-2/maxwin/BulkDock/SCRATCH/217912/C67718-P223,acceptable,expansion,None,PLFWRPDYIAZGJA-QHCPKHFHSA-N,primer_grip_n_pocket_fstein_bulkdock_input,5hmx-b,5hmz-a,,,,,,,,,,,TRUE,bad
Nc1c(CC(=O)O)cc(CC(=O)O)cc1-c1ccccc1,v604a,6.21844,0.675385,82423,67721,4184,/opt/xchem-fragalysis-2/maxwin/BulkDock/SCRATCH/217912/C67721-P231,acceptable,expansion,None,KPCMUKYNNKXHMF-UHFFFAOYSA-N,primer_grip_n_pocket_fstein_bulkdock_input,5hmz-a,5f3z-a,,,,,,,,,,,TRUE,bad
CC1CCN(CC(=O)NCC=Cc2cccnc2)CC1,v609a,3.728476,0.387562,55704,11901,4189,/opt/xchem-fragalysis-2/maxwin/BulkDock/SCRATCH/217037/C11901-P42,acceptable,expansion,None,KJKAAYQWGIVSOZ-UHFFFAOYSA-N,RdRp_knitwork_primer_grip_n_pocket_pure_fragalysis.sdf,d0472a,d0851a,z0193a,,,,,,,,,,TRUE,bad
C[C@@H](CC(=O)Nc1c[nH]nc1-c1nccs1)n1cccc1,v610a,8.727745,0.570752,55812,20751,4190,/opt/xchem-fragalysis-2/maxwin/BulkDock/SCRATCH/217047/C20751-P12,acceptable,expansion,None,VWAMYSBDXCFQCU-JTQLQIEISA-N,RdRp_knitwork_primer_grip_n_pocket_pure_fragalysis.sdf,d0160a,d0264a,,,,,,,,,,,TRUE,bad
c1cc(-c2ccc(CNCCc3cscn3)o2)[nH]n1,v612a,2.926062,0.632076,56073,13787,4192,/opt/xchem-fragalysis-2/maxwin/BulkDock/SCRATCH/217045/C13787-P12,acceptable,expansion,None,UIHNHSGAWWYZJJ-UHFFFAOYSA-N,RdRp_knitwork_primer_grip_n_pocket_pure_fragalysis.sdf,d0160a,d0264a,,,,,,,,,,,TRUE,bad
O=C(NCCc1nccs1)NCc1cc(-c2ccccc2)[nH]n1,v614a,7.171136,0.437261,56447,23723,4194,/opt/xchem-fragalysis-2/maxwin/BulkDock/SCRATCH/217047/C23723-P28,acceptable,expansion,None,CCPNCJKSPAUVNR-UHFFFAOYSA-N,RdRp_knitwork_primer_grip_n_pocket_pure_fragalysis.sdf,d0160a,d0264a,,,,,,,,,,,TRUE,bad
CC(C)(NC(=O)C=Cc1cn[nH]c1)c1nc(C(F)(F)F)cs1,v617a,3.948796,0.483956,56912,10050,4197,/opt/xchem-fragalysis-2/maxwin/BulkDock/SCRATCH/217045/C10050-P12,acceptable,expansion,None,DADSAPQQDDUWHN-UHFFFAOYSA-N,RdRp_knitwork_primer_grip_n_pocket_pure_fragalysis.sdf,d0160a,d0264a,,,,,,,,,,,TRUE,bad
Cc1csc(C(C)(C)NC(=O)C=Cc2cn[nH]c2)n1,v618a,3.008614,0.507336,56921,10068,4198,/opt/xchem-fragalysis-2/maxwin/BulkDock/SCRATCH/217045/C10068-P12,acceptable,expansion,None,UQSHJVZWGPXUMU-UHFFFAOYSA-N,RdRp_knitwork_primer_grip_n_pocket_pure_fragalysis.sdf,d0160a,d0264a,,,,,,,,,,,TRUE,bad
O=C(NCCc1ccccn1)c1cccn1C1CCNCC1,v619a,6.909584,0.344246,57061,15413,4199,/opt/xchem-fragalysis-2/maxwin/BulkDock/SCRATCH/217044/C15413-P42,acceptable,expansion,None,ONMVMPIETUJGPU-UHFFFAOYSA-N,RdRp_knitwork_primer_grip_n_pocket_pure_fragalysis.sdf,d0472a,z0193a,,,,,,,,,,,TRUE,bad
O=C(NCc1ccccn1)c1cccn1C1CCNCC1,v621a,7.143402,0.329447,57097,15937,4201,/opt/xchem-fragalysis-2/maxwin/BulkDock/SCRATCH/217044/C15937-P42,acceptable,expansion,None,ZJXXRVIHPNHLIS-UHFFFAOYSA-N,RdRp_knitwork_primer_grip_n_pocket_pure_fragalysis.sdf,d0472a,z0193a,,,,,,,,,,,TRUE,bad
CC(C)C(=O)N[C@H](C)c1ccc(F)cn1,v624a,4.213002,0.682055,57868,15416,4204,/opt/xchem-fragalysis-2/maxwin/BulkDock/SCRATCH/217040/C15416-P28,acceptable,expansion,None,JQSBPXUZUDUFTP-MRVPVSSYSA-N,RdRp_knitwork_primer_grip_n_pocket_pure_fragalysis.sdf,d0264a,d0615b,,,,,,,,,,,TRUE,bad
C[C@@H](Oc1cccnc1)C(=O)NC[C@H](CO)c1cccnc1,v625a,4.501978,0.521963,71583,13623,4205,/opt/xchem-fragalysis-2/maxwin/BulkDock/SCRATCH/217040/C13623-P42,acceptable,expansion,None,NBXAYGBEQBZCQN-TZMCWYRMSA-N,RdRp_knitwork_primer_grip_n_pocket_pure_fragalysis.sdf,d0191a,d0472a,,,,,,,,,,,TRUE,bad
CCN([C@@H](C)c1cccnc1)S(=O)(=O)Cc1cccnc1,v627a,14.576916,0.575963,71899,10370,4207,/opt/xchem-fragalysis-2/maxwin/BulkDock/SCRATCH/217040/C10370-P19,acceptable,expansion,None,WWDASINWQNVIKX-ZDUSSCGKSA-N,RdRp_knitwork_primer_grip_n_pocket_pure_fragalysis.sdf,d0191a,d0472a,,,,,,,,,,,TRUE,bad
CCN([C@@H](C)c1cccnc1)S(=O)(=O)Cc1cccnc1,v627b,14.084052,0.547893,71907,10370,4208,/opt/xchem-fragalysis-2/maxwin/BulkDock/SCRATCH/217040/C10370-P42,acceptable,expansion,None,WWDASINWQNVIKX-ZDUSSCGKSA-N,RdRp_knitwork_primer_grip_n_pocket_pure_fragalysis.sdf,d0191a,d0472a,,,,,,,,,,,TRUE,bad
COc1cc(NCc2cncs2)ccn1,v629a,5.171372,0.747725,59460,17993,4209,/opt/xchem-fragalysis-2/maxwin/BulkDock/SCRATCH/217040/C17993-P51,acceptable,expansion,None,FWJSOTKQDQLPTA-UHFFFAOYSA-N,RdRp_knitwork_primer_grip_n_pocket_pure_fragalysis.sdf,d0264a,d0615b,,,,,,,TRUE,okay,,,,
C[C@@H](NC(=O)NCc1ccnc(C2CC2)c1)c1cscn1,v631a,4.790911,0.480083,59507,15394,4211,/opt/xchem-fragalysis-2/maxwin/BulkDock/SCRATCH/217048/C15394-P42,acceptable,expansion,None,QHLJSPYESYKMNH-SNVBAGLBSA-N,RdRp_knitwork_primer_grip_n_pocket_pure_fragalysis.sdf,d0264a,d0472a,,,,,,,,,,,TRUE,bad
Cn1cncc1-c1nnc([C@H]2CCCCN2)o1,v632a,5.680504,0.473493,59532,13407,4212,/opt/xchem-fragalysis-2/maxwin/BulkDock/SCRATCH/217043/C13407-P68,acceptable,expansion,None,NGTMRIIMIQXHAF-MRVPVSSYSA-N,RdRp_knitwork_primer_grip_n_pocket_pure_fragalysis.sdf,d0866a,z0875c,,,,,,,,,,,TRUE,bad
CCCCCSCCn1ccnc1C(=O)c1ccncc1,v636a,13.557519,0.443408,60371,26095,4215,/opt/xchem-fragalysis-2/maxwin/BulkDock/SCRATCH/217046/C26095-P12,acceptable,expansion,None,KMFPFVIDLLDVEH-UHFFFAOYSA-N,RdRp_knitwork_primer_grip_n_pocket_pure_fragalysis.sdf,d0160a,z0103a,,,,,,,,,,,TRUE,bad
C[C@@H](CNC(=O)c1ccc(-c2nc[nH]n2)nc1)c1ncc[nH]1,v637a,4.875718,0.538989,60760,16080,4216,/opt/xchem-fragalysis-2/maxwin/BulkDock/SCRATCH/217041/C16080-P42,acceptable,expansion,None,QAXRUQAZQORQFQ-VIFPVBQESA-N,RdRp_knitwork_primer_grip_n_pocket_pure_fragalysis.sdf,d0472a,z0103a,,,,,TRUE,experimental,,,,,TRUE,bad
C[C@H](NC(=O)c1ccnc(-n2cccc2)c1)c1ncc[nH]1,v640a,3.960283,0.576621,61491,19774,4219,/opt/xchem-fragalysis-2/maxwin/BulkDock/SCRATCH/217041/C19774-P42,acceptable,expansion,None,DNLUSRYLIQAQAE-NSHDSACASA-N,RdRp_knitwork_primer_grip_n_pocket_pure_fragalysis.sdf,d0472a,z0103a,,,,,,,TRUE,okay,,,,
O[C@]1(CNCc2ccn[nH]2)CCOC1,v646a,2.108268,0.453151,62308,10197,4224,/opt/xchem-fragalysis-2/maxwin/BulkDock/SCRATCH/217042/C10197-P26,acceptable,expansion,None,KSJKSHACFSYXRS-VIFPVBQESA-N,RdRp_knitwork_primer_grip_n_pocket_pure_fragalysis.sdf,d0160a,d0254a,,,,,,,,,,,TRUE,bad
C[C@]1(CNCc2ccn[nH]2)CCOC1,v647a,2.800147,0.477282,62312,10237,4225,/opt/xchem-fragalysis-2/maxwin/BulkDock/SCRATCH/217042/C10237-P26,acceptable,expansion,None,GKONBCCMPJCIRH-SNVBAGLBSA-N,RdRp_knitwork_primer_grip_n_pocket_pure_fragalysis.sdf,d0160a,d0254a,,,,,,,,,,,TRUE,bad
O[C@H]1COC[C@@H]1CNCc1ccn[nH]1,v648a,1.996471,0.540674,62317,10275,4226,/opt/xchem-fragalysis-2/maxwin/BulkDock/SCRATCH/217042/C10275-P26,acceptable,expansion,None,DFFAHRILMAZSJI-CBAPKCEASA-N,RdRp_knitwork_primer_grip_n_pocket_pure_fragalysis.sdf,d0160a,d0254a,,,,,,,,,,,TRUE,bad
O=C(CCCn1cccc1)NCc1ccc(-n2ccnc2)nc1,v649a,7.345656,0.431723,62547,22771,4227,/opt/xchem-fragalysis-2/maxwin/BulkDock/SCRATCH/217041/C22771-P42,acceptable,expansion,None,GNIAMKSLLNSZRD-UHFFFAOYSA-N,RdRp_knitwork_primer_grip_n_pocket_pure_fragalysis.sdf,d0472a,z0103a,,,,,,,,,,,TRUE,bad
C=C(Cn1ccnc1)C(=O)N[C@H](CO)Cc1cccnc1,v658a,3.730701,0.391826,63089,9237,4232,/opt/xchem-fragalysis-2/maxwin/BulkDock/SCRATCH/217041/C9237-P42,acceptable,expansion,None,RVTMFWDQLFZZMH-AWEZNQCLSA-N,RdRp_knitwork_primer_grip_n_pocket_pure_fragalysis.sdf,d0472a,z0103a,,,,,,,,,,,TRUE,bad
c1cncc(-c2nnc(-c3ccnc(-n4ccnc4)c3)o2)c1,v661a,3.767268,0.496507,63254,21233,4234,/opt/xchem-fragalysis-2/maxwin/BulkDock/SCRATCH/217041/C21233-P42,acceptable,expansion,None,SSVXXQWWLAHTNL-UHFFFAOYSA-N,RdRp_knitwork_primer_grip_n_pocket_pure_fragalysis.sdf,d0472a,z0103a,,,,,,,,,,,TRUE,bad
O=C(CCCn1ccnc1)N[C@H](CO)[C@H](O)c1cccnc1,v662a,5.108307,0.402556,63518,21752,4235,/opt/xchem-fragalysis-2/maxwin/BulkDock/SCRATCH/217041/C21752-P42,acceptable,expansion,None,OGZOZASNCRKGGW-UKRRQHHQSA-N,RdRp_knitwork_primer_grip_n_pocket_pure_fragalysis.sdf,d0472a,z0103a,,,,,,,,,,,TRUE,bad
C[C@@H](Cc1cnc[nH]1)C(=O)NCc1nnc(N2CCCC2)o1,v663a,11.646739,0.57103,63661,23300,4236,/opt/xchem-fragalysis-2/maxwin/BulkDock/SCRATCH/217043/C23300-P68,acceptable,expansion,None,ISGOZNHBHDSYOK-JTQLQIEISA-N,RdRp_knitwork_primer_grip_n_pocket_pure_fragalysis.sdf,d0866a,z0875c,,,,,,,,,,,TRUE,bad
CC[C@H](NC(=O)Nc1ccc(OC(F)F)cn1)[C@H]1CCCO1,v670a,9.744388,0.535989,64813,17764,4242,/opt/xchem-fragalysis-2/maxwin/BulkDock/SCRATCH/217042/C17764-P12,acceptable,expansion,None,QYNKZXZODFVRMI-WDEREUQCSA-N,RdRp_knitwork_primer_grip_n_pocket_pure_fragalysis.sdf,d0160a,d0254a,,,,,,,,,,,TRUE,bad
O=C(N[C@H]1CCC12CNC2)c1ccc(-c2ccncc2)nc1,v671b,9.08404,0.368575,65179,26127,4244,/opt/xchem-fragalysis-2/maxwin/BulkDock/SCRATCH/217041/C26127-P42,acceptable,expansion,None,UIYHLUVSYDHDET-HNNXBMFYSA-N,RdRp_knitwork_primer_grip_n_pocket_pure_fragalysis.sdf,d0160a,d0472a,,,,,,,,,,,TRUE,bad
C[C@@H](CC(=O)Nc1cn[nH]c1C#N)[C@@H]1CCCO1,v673a,4.251361,0.603983,65443,22539,4245,/opt/xchem-fragalysis-2/maxwin/BulkDock/SCRATCH/217042/C22539-P26,acceptable,expansion,None,CCDQLSZZRRFIMQ-KWQFWETISA-N,RdRp_knitwork_primer_grip_n_pocket_pure_fragalysis.sdf,d0160a,d0254a,,,,,,,,,,,TRUE,bad
Cn1cc(C(=O)CNC(=O)[C@@H]2CCCO2)cn1,v674b,3.795911,0.609468,65456,22542,4247,/opt/xchem-fragalysis-2/maxwin/BulkDock/SCRATCH/217042/C22542-P26,acceptable,expansion,None,GYTSIWMUBRJWHK-JTQLQIEISA-N,RdRp_knitwork_primer_grip_n_pocket_pure_fragalysis.sdf,d0160a,d0254a,,,,,,,,,,,TRUE,bad
CC(C)(NCc1ccnn1C1CCCC1)[C@H]1CCCO1,v676a,9.728171,0.431604,65964,22777,4248,/opt/xchem-fragalysis-2/maxwin/BulkDock/SCRATCH/217042/C22777-P26,acceptable,expansion,None,BGISRZGITIPTJB-OAHLLOKOSA-N,RdRp_knitwork_primer_grip_n_pocket_pure_fragalysis.sdf,d0160a,d0254a,,,,,,,,,,,TRUE,bad
O=C(NC[C@H]1CCCO1)c1ccn(C2CCCC2)n1,v677a,5.552572,0.475652,66089,22810,4249,/opt/xchem-fragalysis-2/maxwin/BulkDock/SCRATCH/217042/C22810-P26,acceptable,expansion,None,PKXYYGMIJNAOPA-GFCCVEGCSA-N,RdRp_knitwork_primer_grip_n_pocket_pure_fragalysis.sdf,d0160a,d0254a,,,,,,,,,,,TRUE,bad
O=S(=O)(NC[C@H]1CCCO1)c1ccnn1C1CCCC1,v678a,5.850543,0.372468,66141,22883,4250,/opt/xchem-fragalysis-2/maxwin/BulkDock/SCRATCH/217042/C22883-P12,acceptable,expansion,None,NENRSKFHYRSTBY-GFCCVEGCSA-N,RdRp_knitwork_primer_grip_n_pocket_pure_fragalysis.sdf,d0160a,d0254a,,,,,,,,,,,TRUE,bad
O=S(=O)(NC[C@H]1CCCO1)c1ccnn1C1CCCC1,v678b,4.670086,0.386186,66143,22883,4251,/opt/xchem-fragalysis-2/maxwin/BulkDock/SCRATCH/217042/C22883-P26,acceptable,expansion,None,NENRSKFHYRSTBY-GFCCVEGCSA-N,RdRp_knitwork_primer_grip_n_pocket_pure_fragalysis.sdf,d0160a,d0254a,,,,,,,,,,,TRUE,bad
O=S(=O)(NC[C@@H]1CCCO1)c1cnn(C2CCCC2)c1,v680a,8.494449,0.37764,66265,23189,4252,/opt/xchem-fragalysis-2/maxwin/BulkDock/SCRATCH/217042/C23189-P12,acceptable,expansion,None,JUSGTJATUSPCAX-LBPRGKRZSA-N,RdRp_knitwork_primer_grip_n_pocket_pure_fragalysis.sdf,d0160a,d0254a,,,,,,,,,,,TRUE,bad
Clc1cc(NCc2ccn[nH]2)ccn1,v682a,1.309471,0.49105,67005,18236,4254,/opt/xchem-fragalysis-2/maxwin/BulkDock/SCRATCH/217965/C67005-P104,acceptable,expansion,None,JUQITCQTBRXLFI-UHFFFAOYSA-N,RdRp_knitwork_primer_grip_n_pocket_pure_fragalysis.sdf,d0160a,d0191a,,,,,,,,,,,TRUE,bad
Fc1cnccc1NCc1ccn[nH]1,v683a,1.929091,0.491651,67018,18302,4255,/opt/xchem-fragalysis-2/maxwin/BulkDock/SCRATCH/217965/C67018-P129,acceptable,expansion,None,FMJBOIXFOZOLDO-UHFFFAOYSA-N,RdRp_knitwork_primer_grip_n_pocket_pure_fragalysis.sdf,d0160a,d0191a,,,,,,,,,,,TRUE,bad
C=CCNC(=O)c1ccc(N2CC[C@H](c3ccn[nH]3)C2)nc1,v684a,3.233842,0.534029,67085,18620,4256,/opt/xchem-fragalysis-2/maxwin/BulkDock/SCRATCH/217965/C67085-P113,acceptable,expansion,None,GEAOQYLHMSKZNR-ZDUSSCGKSA-N,RdRp_knitwork_primer_grip_n_pocket_pure_fragalysis.sdf,d0160a,d0191a,,,,,,,,,,,TRUE,bad
Clc1ccc(N2CC[C@H](c3ccn[nH]3)C2)nc1,v685a,1.990679,0.702297,67118,18764,4257,/opt/xchem-fragalysis-2/maxwin/BulkDock/SCRATCH/217042/C18764-P12,acceptable,expansion,None,FHKULKBQABHKGZ-VIFPVBQESA-N,RdRp_knitwork_primer_grip_n_pocket_pure_fragalysis.sdf,d0160a,d0191a,,,,,,,,,,,TRUE,bad
CNS(=O)(=O)c1ccc(N2CC[C@H](c3ccn[nH]3)C2)nc1,v686a,2.698165,0.554934,67138,18861,4258,/opt/xchem-fragalysis-2/maxwin/BulkDock/SCRATCH/217042/C18861-P12,acceptable,expansion,None,FURJNGPDIFHZDK-JTQLQIEISA-N,RdRp_knitwork_primer_grip_n_pocket_pure_fragalysis.sdf,d0160a,d0191a,,,,,,,,,,,TRUE,bad
C[S@@](=N)(=O)c1ccc(N2CC[C@H](c3ccn[nH]3)C2)nc1,v687a,2.539211,0.578878,67148,18883,4259,/opt/xchem-fragalysis-2/maxwin/BulkDock/SCRATCH/217042/C18883-P12,acceptable,expansion,None,HGFITXIOQBKAJS-WVDJIFEKSA-N,RdRp_knitwork_primer_grip_n_pocket_pure_fragalysis.sdf,d0160a,d0191a,,,,,,,,,,,TRUE,bad
OCc1ccnc(N2CC[C@H](c3ccn[nH]3)C2)c1,v688a,2.459838,0.65012,67152,18884,4260,/opt/xchem-fragalysis-2/maxwin/BulkDock/SCRATCH/217042/C18884-P12,acceptable,expansion,None,TYJCAHRAGOYIEV-NSHDSACASA-N,RdRp_knitwork_primer_grip_n_pocket_pure_fragalysis.sdf,d0160a,d0191a,,,,,,,,,,,TRUE,bad
CS(=O)(=O)c1ccc(N2CC[C@H](c3ccn[nH]3)C2)nc1,v689a,2.489466,0.58972,67155,18885,4261,/opt/xchem-fragalysis-2/maxwin/BulkDock/SCRATCH/217042/C18885-P12,acceptable,expansion,None,OMJITSFZDIWXMI-JTQLQIEISA-N,RdRp_knitwork_primer_grip_n_pocket_pure_fragalysis.sdf,d0160a,d0191a,,,,,,,,,,,TRUE,bad
c1cc([C@H]2CCN(c3ccc(C4CC4)cn3)C2)[nH]n1,v690a,2.420963,0.577018,67185,18897,4262,/opt/xchem-fragalysis-2/maxwin/BulkDock/SCRATCH/217042/C18897-P12,acceptable,expansion,None,QEHJTFFBFMMWOU-ZDUSSCGKSA-N,RdRp_knitwork_primer_grip_n_pocket_pure_fragalysis.sdf,d0160a,d0191a,,,,,,,,,,,TRUE,bad
N#Cc1ccc(OCCNC(=O)CCc2nccs2)nc1,v691a,4.971905,0.286857,67308,12413,4263,/opt/xchem-fragalysis-2/maxwin/BulkDock/SCRATCH/217965/C67308-P203,acceptable,expansion,None,HTZVXKPYUGQGKR-UHFFFAOYSA-N,RdRp_knitwork_primer_grip_n_pocket_pure_fragalysis.sdf,d0472a,d0615b,,,,,,,,,,,TRUE,bad
COC(=O)c1[nH]c(C(C)C)cc1-c1cn[nH]c1,v693a,3.495174,0.453073,67381,11952,4265,/opt/xchem-fragalysis-2/maxwin/BulkDock/SCRATCH/217912/C67381-P42,acceptable,expansion,None,PZJPOAHREUQCOG-UHFFFAOYSA-N,RdRp_knitwork_primer_grip_n_pocket_pure_fragalysis.sdf,d0160a,d0472a,,,,,,,,,,,TRUE,bad
CC(=Cc1ccccn1)C(=O)N(C)[C@]1(C(=O)O)CCOC1,v696a,3.580361,0.301372,67908,24657,4268,/opt/xchem-fragalysis-2/maxwin/BulkDock/SCRATCH/217910/C67908-P151,acceptable,expansion,None,SFXBVCJTOODOJM-OAHLLOKOSA-N,RdRp_knitwork_primer_grip_n_pocket_pure_fragalysis.sdf,d0254a,d0472a,,,,,,,,,,,TRUE,bad
C[C@H](NCc1nc(Br)c[nH]1)c1cncs1,v698a,1.958677,0.464884,68384,10840,4270,/opt/xchem-fragalysis-2/maxwin/BulkDock/SCRATCH/217910/C68384-P206,acceptable,expansion,None,NPOUPNCGJMKKFK-LURJTMIESA-N,RdRp_knitwork_primer_grip_n_pocket_pure_fragalysis.sdf,d0615b,z0103a,,,,,,,,,,,TRUE,bad
Cc1cnc(CN[C@@H](C)c2cncs2)[nH]1,v699a,2.995201,0.597414,68411,11581,4271,/opt/xchem-fragalysis-2/maxwin/BulkDock/SCRATCH/217047/C11581-P51,acceptable,expansion,None,JVFQXDPMNDGBGU-QMMMGPOBSA-N,RdRp_knitwork_primer_grip_n_pocket_pure_fragalysis.sdf,d0615b,z0103a,,,,,,,,,,,TRUE,bad
CC[C@@]1(CNc2ccccn2)CCCO1,v700a,1.64515,0.707626,68430,24886,4272,/opt/xchem-fragalysis-2/maxwin/BulkDock/SCRATCH/217044/C24886-P42,acceptable,expansion,None,JPRNUXAPQYFFIN-LBPRGKRZSA-N,RdRp_knitwork_primer_grip_n_pocket_pure_fragalysis.sdf,d0254a,d0472a,,,,,,,,,,,TRUE,bad
C[C@@H](CNC(=O)Cc1cncs1)CNC(=O)Cc1cncn1C,v701a,12.47785,0.418954,68587,10254,4273,/opt/xchem-fragalysis-2/maxwin/BulkDock/SCRATCH/217914/C68587-P21,acceptable,expansion,None,OKCRVQGQXDQLPL-LLVKDONJSA-N,RdRp_knitwork_primer_grip_n_pocket_pure_fragalysis.sdf,d0615b,z0875c,,,,,,,,,,,TRUE,bad
COCCN(Cc1cncs1)C(=O)Cn1cnc(C(=O)O)c1,v702a,8.932299,0.438932,68616,13088,4274,/opt/xchem-fragalysis-2/maxwin/BulkDock/SCRATCH/217914/C68616-P22,acceptable,expansion,None,PEQWBQJGCBBXLK-UHFFFAOYSA-N,RdRp_knitwork_primer_grip_n_pocket_pure_fragalysis.sdf,d0615b,z0103a,,,,,,,,,,,TRUE,bad
CC(C)c1[nH]ccc1C(=O)NCCN(CCO)C(=O)c1ccncc1,v704a,3.881038,0.335626,68670,15286,4276,/opt/xchem-fragalysis-2/maxwin/BulkDock/SCRATCH/217914/C68670-P27,acceptable,expansion,None,VZHCCDLJUPHCRO-UHFFFAOYSA-N,RdRp_knitwork_primer_grip_n_pocket_pure_fragalysis.sdf,d0160a,d0472a,,,,,,,,,,,TRUE,bad
CC(F)(F)CCSCc1csc(-c2ccccn2)n1,v705a,4.161204,0.46472,68678,9221,4277,/opt/xchem-fragalysis-2/maxwin/BulkDock/SCRATCH/217914/C68678-P50,acceptable,expansion,None,LOJDYOQALPVEMW-UHFFFAOYSA-N,RdRp_knitwork_primer_grip_n_pocket_pure_fragalysis.sdf,d0472a,d0615b,,,,,,,,,,,TRUE,bad
CC(C)c1[nH]ccc1C(=O)NCCN(CCO)C(=O)c1ccncc1,v704b,4.480051,0.375209,68680,15286,4278,/opt/xchem-fragalysis-2/maxwin/BulkDock/SCRATCH/217914/C68680-P53,acceptable,expansion,None,VZHCCDLJUPHCRO-UHFFFAOYSA-N,RdRp_knitwork_primer_grip_n_pocket_pure_fragalysis.sdf,d0160a,d0472a,,,,,,,,,,,TRUE,bad
CC[C@@H]1OCC[C@@H]1NC(=O)NCc1ccccn1,v707a,4.783697,0.366874,68710,25040,4279,/opt/xchem-fragalysis-2/maxwin/BulkDock/SCRATCH/217914/C68710-P53,acceptable,expansion,None,FSXPLQXXHLGGOZ-RYUDHWBXSA-N,RdRp_knitwork_primer_grip_n_pocket_pure_fragalysis.sdf,d0254a,d0472a,,,,,,,,,,,TRUE,bad
CCN(CCNC(=O)c1ccncc1)C(=O)c1cc[nH]c1C(C)C,v708a,6.966821,0.350395,68784,15419,4280,/opt/xchem-fragalysis-2/maxwin/BulkDock/SCRATCH/217914/C68784-P45,acceptable,expansion,None,SCCOTQRDELFMAJ-UHFFFAOYSA-N,RdRp_knitwork_primer_grip_n_pocket_pure_fragalysis.sdf,d0160a,d0472a,,,,,,,,,,,TRUE,bad
O=C(NOc1ccccc1)c1csc(-c2ccccn2)n1,v709a,3.126727,0.529514,68845,11886,4281,/opt/xchem-fragalysis-2/maxwin/BulkDock/SCRATCH/217914/C68845-P29,acceptable,expansion,None,PHSUBCYVDMBACQ-UHFFFAOYSA-N,RdRp_knitwork_primer_grip_n_pocket_pure_fragalysis.sdf,d0472a,d0615b,,,,,,,,,,,TRUE,bad
CC(C)CCc1ccc(NC(=O)NC[C@H](C)c2ccncc2)nc1,v710a,1.923007,0.32064,68857,26009,4282,/opt/xchem-fragalysis-2/maxwin/BulkDock/SCRATCH/217914/C68857-P52,acceptable,expansion,None,DDNYUOMDCCAGKE-HNNXBMFYSA-N,RdRp_knitwork_primer_grip_n_pocket_pure_fragalysis.sdf,d0160a,d0191a,,,,,,,,,,,TRUE,bad
Cc1cnccc1NCc1cncs1,v711a,4.247793,0.784388,68896,17585,4283,/opt/xchem-fragalysis-2/maxwin/BulkDock/SCRATCH/217046/C17585-P42,acceptable,expansion,None,BELNFEYNDRWEIK-UHFFFAOYSA-N,RdRp_knitwork_primer_grip_n_pocket_pure_fragalysis.sdf,d0472a,d0615b,,,,,,,TRUE,okay,,,,
CNc1ccnc(NCc2cncs2)c1,v712a,2.114656,0.798455,68932,17667,4284,/opt/xchem-fragalysis-2/maxwin/BulkDock/SCRATCH/217914/C68932-P46,acceptable,expansion,None,DXWJLJGPVSIGQY-UHFFFAOYSA-N,RdRp_knitwork_primer_grip_n_pocket_pure_fragalysis.sdf,d0472a,d0615b,,,,,,,TRUE,okay,,,,
Nc1cnccc1NCc1cncs1,v713a,1.598128,0.789526,68971,17958,4285,/opt/xchem-fragalysis-2/maxwin/BulkDock/SCRATCH/217046/C17958-P42,acceptable,expansion,None,AUMLEUREFZMPKP-UHFFFAOYSA-N,RdRp_knitwork_primer_grip_n_pocket_pure_fragalysis.sdf,d0472a,d0615b,,,,,,,TRUE,okay,,,,
Nc1cnccc1NCc1cncs1,v713b,1.789537,0.784331,68972,17958,4286,/opt/xchem-fragalysis-2/maxwin/BulkDock/SCRATCH/217046/C17958-P51,acceptable,expansion,None,AUMLEUREFZMPKP-UHFFFAOYSA-N,RdRp_knitwork_primer_grip_n_pocket_pure_fragalysis.sdf,d0472a,d0615b,,,,,,,TRUE,okay,,,,
NNc1cc(NCc2cncs2)ccn1,v715a,3.788973,0.736046,68980,18043,4287,/opt/xchem-fragalysis-2/maxwin/BulkDock/SCRATCH/217046/C18043-P42,acceptable,expansion,None,XGMDJKMAPHHRFH-UHFFFAOYSA-N,RdRp_knitwork_primer_grip_n_pocket_pure_fragalysis.sdf,d0472a,d0615b,,,,,,,TRUE,okay,,,,
CC(C)[C@H](CNC(=O)Cc1ccc[nH]1)NC(=O)c1ccncc1,v716a,29.421253,0.405821,69028,16164,4288,/opt/xchem-fragalysis-2/maxwin/BulkDock/SCRATCH/217914/C69028-P46,acceptable,expansion,None,QQVUFOGGROOJOT-HNNXBMFYSA-N,RdRp_knitwork_primer_grip_n_pocket_pure_fragalysis.sdf,d0160a,d0472a,,,,,,,,,,,TRUE,bad
Cc1ccnc(NC(=O)NC[C@H](C)c2ccccn2)c1,v717a,1.46965,0.495435,69057,11677,4289,/opt/xchem-fragalysis-2/maxwin/BulkDock/SCRATCH/217914/C69057-P48,acceptable,expansion,None,QCBHBPRJFDZETI-LBPRGKRZSA-N,RdRp_knitwork_primer_grip_n_pocket_pure_fragalysis.sdf,d0160a,d0472a,,,,,,,,,,,TRUE,bad
COCCNC(=O)CN(C)c1ccc(-c2ccncc2)cn1,v719a,10.175415,0.240098,69115,26114,4291,/opt/xchem-fragalysis-2/maxwin/BulkDock/SCRATCH/217914/C69115-P53,acceptable,expansion,None,RHGXKFKNZMJLLI-UHFFFAOYSA-N,RdRp_knitwork_primer_grip_n_pocket_pure_fragalysis.sdf,d0160a,d0191a,,,,,,,,,,,TRUE,bad
O=C(O)c1cc(S(=O)(=O)NCc2nccs2)c[nH]1,v720a,7.674559,0.372428,69116,10384,4292,/opt/xchem-fragalysis-2/maxwin/BulkDock/SCRATCH/217914/C69116-P52,acceptable,expansion,None,JXVNKNVHNMVNRQ-UHFFFAOYSA-N,RdRp_knitwork_primer_grip_n_pocket_pure_fragalysis.sdf,d0472a,d0615b,,,,,,,,,,,TRUE,bad
O=C1CN(c2nc([C@H]3CCOC3)ns2)CCN1c1cccnc1,v721a,3.312843,0.426902,69215,16185,4293,/opt/xchem-fragalysis-2/maxwin/BulkDock/SCRATCH/217914/C69215-P59,acceptable,expansion,None,XKQGFFJHKNLDLD-NSHDSACASA-N,RdRp_knitwork_primer_grip_n_pocket_pure_fragalysis.sdf,d0254a,d0472a,,,,,,,,,,,TRUE,bad
CC(=O)NCC[C@H](C)NC(=O)c1csc(-c2ccccn2)n1,v722a,16.101909,0.403206,69322,13838,4294,/opt/xchem-fragalysis-2/maxwin/BulkDock/SCRATCH/217914/C69322-P224,acceptable,expansion,None,DLXWTSZYEMBMBI-JTQLQIEISA-N,RdRp_knitwork_primer_grip_n_pocket_pure_fragalysis.sdf,d0472a,d0615b,,,,,,,,,,,TRUE,bad
CCN(CCc1ccccn1)S(=O)(=O)Cc1cccnc1,v723a,1.726148,0.426346,69357,12433,4295,/opt/xchem-fragalysis-2/maxwin/BulkDock/SCRATCH/217951/C69357-P79,acceptable,expansion,None,,RdRp_knitwork_primer_grip_n_pocket_pure_fragalysis.sdf,d0160a,d0472a,,,,,,,,,,,TRUE,bad
Nc1cc(NCc2c[nH]cn2)ccn1,v724a,1.807809,0.51868,69503,12483,4296,/opt/xchem-fragalysis-2/maxwin/BulkDock/SCRATCH/217040/C12483-P42,acceptable,expansion,None,FJIZSRBICNYNGK-UHFFFAOYSA-N,RdRp_knitwork_primer_grip_n_pocket_pure_fragalysis.sdf,d0472a,z0875c,,,,,,,,,,,TRUE,bad
Cc1cnccc1NCc1c[nH]cn1,v725a,1.837259,0.512124,69511,12548,4297,/opt/xchem-fragalysis-2/maxwin/BulkDock/SCRATCH/217040/C12548-P42,acceptable,expansion,None,DJVQSQXCKGQNJE-UHFFFAOYSA-N,RdRp_knitwork_primer_grip_n_pocket_pure_fragalysis.sdf,d0472a,z0875c,,,,,,,,,,,TRUE,bad
N#Cc1ccc(-c2nccs2)[nH]1,v726a,1.733986,0.572528,69558,25743,4298,/opt/xchem-fragalysis-2/maxwin/BulkDock/SCRATCH/217046/C25743-P42,acceptable,expansion,None,DVZVZQKDSZQBFI-UHFFFAOYSA-N,RdRp_knitwork_primer_grip_n_pocket_pure_fragalysis.sdf,d0472a,d0615b,,,,,,,,,,,TRUE,bad
CN(c1ccncc1N)n1cccc1,v727a,11.942608,0.572551,71035,11316,4299,/opt/xchem-fragalysis-2/maxwin/BulkDock/SCRATCH/217043/C11316-P42,acceptable,expansion,None,SLDQZNAKFVSJAT-UHFFFAOYSA-N,RdRp_knitwork_primer_grip_n_pocket_pure_fragalysis.sdf,d0160a,d0472a,,,,,,,,,,,TRUE,bad
CO[C@H](C)Cn1ccnc1C(=O)c1ccncc1,v728a,3.943735,0.527306,71331,26056,4300,/opt/xchem-fragalysis-2/maxwin/BulkDock/SCRATCH/217044/C26056-P12,acceptable,expansion,None,ABSJUMHEVQDFDW-SNVBAGLBSA-N,RdRp_knitwork_primer_grip_n_pocket_pure_fragalysis.sdf,d0160a,z0875c,,,,,,,,,,,TRUE,bad
C[C@@H](n1nc(-c2cncs2)nc1-c1cc[nH]c1)C(F)(F)F,v729a,13.114839,0.511635,71621,12388,4301,/opt/xchem-fragalysis-2/maxwin/BulkDock/SCRATCH/217046/C12388-P51,acceptable,expansion,None,BNKLTCVOXDAGTQ-SSDOTTSWSA-N,RdRp_knitwork_primer_grip_n_pocket_pure_fragalysis.sdf,d0472a,d0615b,,,,,,,,,,,TRUE,bad
CC(C)(C)C[C@H](Nc1ccncc1F)c1cccnc1,v730a,25.801607,0.419672,72166,10616,4302,/opt/xchem-fragalysis-2/maxwin/BulkDock/SCRATCH/217043/C10616-P42,acceptable,expansion,None,NBCUSURROPPKNC-HNNXBMFYSA-N,RdRp_knitwork_primer_grip_n_pocket_pure_fragalysis.sdf,d0160a,d0472a,,,,,,,,,,,TRUE,bad
C[C@H](Nc1cnc(-n2cccc2)cn1)c1ccccn1,v731a,2.062602,0.690786,72491,11480,4303,/opt/xchem-fragalysis-2/maxwin/BulkDock/SCRATCH/217047/C11480-P42,acceptable,expansion,None,VTQCVTAGCLFPPX-LBPRGKRZSA-N,RdRp_knitwork_primer_grip_n_pocket_pure_fragalysis.sdf,d0472a,d0615b,,,,,TRUE,experimental,,,,,,
COC(=O)CCN(Cc1cccnc1)S(=O)(=O)[C@@H]1CCOC1,v732a,9.805182,0.42205,72746,10412,4304,/opt/xchem-fragalysis-2/maxwin/BulkDock/SCRATCH/217035/C10412-P19,acceptable,expansion,None,NMMXOIPTLDWKIW-CYBMUJFWSA-N,RdRp_knitwork_primer_grip_n_pocket_pure_fragalysis.sdf,d0191a,d0254a,,,,,,,,,,,TRUE,bad
CC[C@H](C(=O)Nc1c[nH]nc1-c1ccccn1)n1ccnc1,v733a,5.427521,0.523772,72767,19953,4305,/opt/xchem-fragalysis-2/maxwin/BulkDock/SCRATCH/217043/C19953-P42,acceptable,expansion,None,VMANCSUAJCYMRU-CYBMUJFWSA-N,RdRp_knitwork_primer_grip_n_pocket_pure_fragalysis.sdf,d0160a,d0472a,,,,,,,,,,,TRUE,bad
O=C(CCC(=O)c1ccc[nH]1)O[C@@H](c1cccnc1)C(F)(F)F,v734a,3.536513,0.465197,72914,13403,4306,/opt/xchem-fragalysis-2/maxwin/BulkDock/SCRATCH/217040/C13403-P42,acceptable,expansion,None,DYUYMACNAFSKCY-AWEZNQCLSA-N,RdRp_knitwork_primer_grip_n_pocket_pure_fragalysis.sdf,d0191a,d0472a,,,,,,,,,,,TRUE,bad
CCCN(CCNC(=O)c1cccnc1)CC[C@H]1CCOC1,v735a,7.81578,0.49806,72931,16235,4307,/opt/xchem-fragalysis-2/maxwin/BulkDock/SCRATCH/217035/C16235-P19,acceptable,expansion,None,RAOJLVVTLKMWSI-HNNXBMFYSA-N,RdRp_knitwork_primer_grip_n_pocket_pure_fragalysis.sdf,d0191a,d0254a,,,,,,,,,,,TRUE,bad
C[C@H](NCCCNC(=O)C1CCC1)c1cnc(-c2ccccn2)s1,v736a,5.261388,0.515484,72937,11625,4308,/opt/xchem-fragalysis-2/maxwin/BulkDock/SCRATCH/217037/C11625-P42,acceptable,expansion,None,AYRPVLHPYFLNIA-ZDUSSCGKSA-N,RdRp_knitwork_primer_grip_n_pocket_pure_fragalysis.sdf,d0264a,d0472a,,,,,,,,,,,TRUE,bad
C[C@H](N[C@H](C)c1ccc(-c2cccnc2)cc1)[C@@H]1CCCO1,v737a,9.750204,0.627833,73360,17072,4309,/opt/xchem-fragalysis-2/maxwin/BulkDock/SCRATCH/217035/C17072-P19,acceptable,expansion,None,IBGRYOWVMGBQTA-VCBZYWHSSA-N,RdRp_knitwork_primer_grip_n_pocket_pure_fragalysis.sdf,d0191a,d0254a,,,,,,,,,,,TRUE,bad
CC(C)C[C@H](NC(=O)c1cnc(-c2ccccn2)s1)C(F)(F)F,v738a,12.097528,0.524804,73409,13884,4310,/opt/xchem-fragalysis-2/maxwin/BulkDock/SCRATCH/217037/C13884-P42,acceptable,expansion,None,HGMRINZTTPAZBD-LBPRGKRZSA-N,RdRp_knitwork_primer_grip_n_pocket_pure_fragalysis.sdf,d0264a,d0472a,,,,,,,,,,,TRUE,bad
CN(C)[S@@](N)(=O)=NC(=O)c1cnn(C)c1-n1cccc1,v739a,4.107632,0.568063,73553,21483,4311,/opt/xchem-fragalysis-2/maxwin/BulkDock/SCRATCH/217043/C21483-P42,acceptable,expansion,None,FFWXXJFXGUGBRA-FQEVSTJZSA-N,RdRp_knitwork_primer_grip_n_pocket_pure_fragalysis.sdf,d0160a,d0472a,,,,,TRUE,experimental,,,,,,
Cn1ncc(C(=O)OCCCCC(C)(F)F)c1-n1cccc1,v742a,5.769195,0.462986,74043,22012,4313,/opt/xchem-fragalysis-2/maxwin/BulkDock/SCRATCH/217043/C22012-P42,acceptable,expansion,None,TXVJWSUUKKOFIK-UHFFFAOYSA-N,RdRp_knitwork_primer_grip_n_pocket_pure_fragalysis.sdf,d0160a,d0472a,,,,,,,,,,,TRUE,bad
CCc1nc(-n2cccc2)sc1C(=O)O[C@@H](C)CC,v743a,7.354595,0.581774,74230,15932,4314,/opt/xchem-fragalysis-2/maxwin/BulkDock/SCRATCH/217037/C15932-P42,acceptable,expansion,None,NOINGOYTRGWMNJ-JTQLQIEISA-N,RdRp_knitwork_primer_grip_n_pocket_pure_fragalysis.sdf,d0264a,d0472a,,,,,,,,,,,TRUE,bad
O=C(O)[C@@H]1CCO[C@H]1CNCc1cncs1,v744a,2.261087,0.619205,75009,22253,4315,/opt/xchem-fragalysis-2/maxwin/BulkDock/SCRATCH/217035/C22253-P51,acceptable,expansion,None,AIKMHADXUOCSLX-BDAKNGLRSA-N,RdRp_knitwork_primer_grip_n_pocket_pure_fragalysis.sdf,d0254a,d0615b,,,,,,,TRUE,okay,,,,
CC[C@@]1([C@H](N)c2cncs2)CCCO1,v745a,2.356851,0.603993,75040,22360,4316,/opt/xchem-fragalysis-2/maxwin/BulkDock/SCRATCH/217035/C22360-P26,acceptable,expansion,None,GUFDDOCDYVUCQD-ZJUUUORDSA-N,RdRp_knitwork_primer_grip_n_pocket_pure_fragalysis.sdf,d0254a,d0615b,,,,,,,,,,,TRUE,bad
CC[C@H]1OCC[C@@H]1[C@@H](N)c1cncs1,v746a,1.738104,0.605811,75055,22423,4317,/opt/xchem-fragalysis-2/maxwin/BulkDock/SCRATCH/217035/C22423-P26,acceptable,expansion,None,MXLQRTYKAIFMPB-QXFUBDJGSA-N,RdRp_knitwork_primer_grip_n_pocket_pure_fragalysis.sdf,d0254a,d0615b,,,,,,,,,,,TRUE,bad
CN[C@H](c1cncs1)[C@@H]1CCOC1,v747a,2.092875,0.667177,75081,22926,4318,/opt/xchem-fragalysis-2/maxwin/BulkDock/SCRATCH/217035/C22926-P26,acceptable,expansion,None,GSPDGNODYSQVGM-APPZFPTMSA-N,RdRp_knitwork_primer_grip_n_pocket_pure_fragalysis.sdf,d0254a,d0615b,,,,,,,,,,,TRUE,bad
O=C(CCCN1CCCCC1)Nc1c[nH]nc1-c1nccs1,v750a,4.742774,0.418101,75307,22680,4321,/opt/xchem-fragalysis-2/maxwin/BulkDock/SCRATCH/217043/C22680-P12,acceptable,expansion,None,LDTDGTBCQNMDSI-UHFFFAOYSA-N,RdRp_knitwork_primer_grip_n_pocket_pure_fragalysis.sdf,d0160a,d0615b,,,,,,,,,,,TRUE,bad
NC[C@@H]1C[C@@H](CNCc2cncs2)CO1,v751a,1.905777,0.674421,75560,23087,4322,/opt/xchem-fragalysis-2/maxwin/BulkDock/SCRATCH/217035/C23087-P26,acceptable,expansion,None,ROUNVNLNYKULJE-IUCAKERBSA-N,RdRp_knitwork_primer_grip_n_pocket_pure_fragalysis.sdf,d0254a,d0615b,,,,,,,,,,,TRUE,bad
NC[C@@H]1C[C@@H](CNCc2cncs2)CO1,v751b,2.263562,0.650211,75562,23087,4323,/opt/xchem-fragalysis-2/maxwin/BulkDock/SCRATCH/217035/C23087-P51,acceptable,expansion,None,ROUNVNLNYKULJE-IUCAKERBSA-N,RdRp_knitwork_primer_grip_n_pocket_pure_fragalysis.sdf,d0254a,d0615b,,,,,,,,,,,TRUE,bad
O=S(=O)(c1cccnc1)N1C[C@H]2CC[C@@H](C1)N2C1CCNCC1,v753a,7.096061,0.294031,76379,20986,4324,/opt/xchem-fragalysis-2/maxwin/BulkDock/SCRATCH/217043/C20986-P42,acceptable,expansion,None,QTGZOLSVQNYTNC-GASCZTMLSA-N,RdRp_knitwork_primer_grip_n_pocket_pure_fragalysis.sdf,d0472a,z0193a,,,,,,,,,,,TRUE,bad
c1cc(O[C@@H]2CCN(c3ncnc4ccsc34)C2)ccn1,v754a,3.641854,0.37435,76550,26465,4325,/opt/xchem-fragalysis-2/maxwin/BulkDock/SCRATCH/217039/C26465-P12,acceptable,expansion,None,YJYVHQCEAAVCOQ-GFCCVEGCSA-N,RdRp_knitwork_primer_grip_n_pocket_pure_fragalysis.sdf,d0160a,d0866a,,,,,,,,,,,TRUE,bad
N#Cc1cc(C(=O)OCCN2CCCCC2)c[nH]1,v755a,17.860289,0.420521,78012,19378,4326,/opt/xchem-fragalysis-2/maxwin/BulkDock/SCRATCH/217044/C19378-P42,acceptable,expansion,None,KUUOTEMBQDIXRU-UHFFFAOYSA-N,RdRp_knitwork_primer_grip_n_pocket_pure_fragalysis.sdf,d0472a,d0866a,,,,,,,,,,,TRUE,bad
N#Cc1cc(C(=O)OCCN2CCCCC2)c[nH]1,v755b,17.32491,0.420426,78015,19378,4327,/opt/xchem-fragalysis-2/maxwin/BulkDock/SCRATCH/217044/C19378-P68,acceptable,expansion,None,KUUOTEMBQDIXRU-UHFFFAOYSA-N,RdRp_knitwork_primer_grip_n_pocket_pure_fragalysis.sdf,d0472a,d0866a,,,,,,,,,,,TRUE,bad
O=C(N[C@H](CO)CN1CCCCC1)c1[nH]ncc1C(F)(F)F,v757a,6.091508,0.524778,80342,23381,4328,/opt/xchem-fragalysis-2/maxwin/BulkDock/SCRATCH/217036/C23381-P66,acceptable,expansion,None,RHSMPJRYUSHPSC-VIFPVBQESA-N,RdRp_knitwork_primer_grip_n_pocket_pure_fragalysis.sdf,d0160a,d0851a,,,,,,,,,,,TRUE,bad
C[C@H](CC(=O)Nc1c[nH]nc1-c1ccccn1)C1CCNCC1,v758a,9.444357,0.405498,80857,15716,4329,/opt/xchem-fragalysis-2/maxwin/BulkDock/SCRATCH/217036/C15716-P66,acceptable,expansion,None,GVDCPXLSWPNOSL-GFCCVEGCSA-N,RdRp_knitwork_primer_grip_n_pocket_pure_fragalysis.sdf,d0472a,d0851a,,,,,,,,,,,TRUE,bad
CN(C)C(=O)Cn1cc(NS(=O)(=O)N2CCCCC2)cn1,v759a,4.629373,0.474286,83146,23248,4330,/opt/xchem-fragalysis-2/maxwin/BulkDock/SCRATCH/217034/C23248-P68,acceptable,expansion,None,NKVIYNZLCNNVKG-UHFFFAOYSA-N,RdRp_knitwork_primer_grip_n_pocket_pure_fragalysis.sdf,d0160a,d0866a,,,,,,,,,,,TRUE,bad
CN(C)C(=O)Cn1ccc(NS(=O)(=O)N2CCCCC2)n1,v760a,5.616815,0.451376,83147,23249,4331,/opt/xchem-fragalysis-2/maxwin/BulkDock/SCRATCH/217034/C23249-P12,acceptable,expansion,None,CYTVGLIGRGDJAE-UHFFFAOYSA-N,RdRp_knitwork_primer_grip_n_pocket_pure_fragalysis.sdf,d0160a,d0866a,,,,,,,,,,,TRUE,bad
CN(C)C(=O)Cn1ccc(NS(=O)(=O)N2CCCCC2)n1,v760b,4.66975,0.447795,83148,23249,4332,/opt/xchem-fragalysis-2/maxwin/BulkDock/SCRATCH/217034/C23249-P68,acceptable,expansion,None,CYTVGLIGRGDJAE-UHFFFAOYSA-N,RdRp_knitwork_primer_grip_n_pocket_pure_fragalysis.sdf,d0160a,d0866a,,,,,,,,,,,TRUE,bad