,smiles,error,∆∆G,∆G_bound,∆G_unbound,comRMSD,N_constrained_atoms,N_unconstrained_atoms,runtime,regarded,disregarded,LE,outcome,percent_hybrid
0,[H]c1c(OC([H])([H])[H])c(N([H])C(=O)C([H])([H])[H])c2[nH]c(C([H])([H])N([H])[H])c([H])c2c1[H],,11.906717945012957,165.12281385056457,153.2160959055516,2.810197330540822,17.0,0.0,4.130812644958496,"['z0136b', 'z0184a']",[],-0.7003951732360563,too moved,24.0
1,,FragmensteinError Ideal compound failed. Something is wrong with the SMILES,,,,,,,,[],[],,crashed,
2,[H]OC([H])([H])c1c(C([H])([H])[H])c(N([H])C(=O)C([H])([H])[H])c2[nH]c(Cl)c([H])c2c1C([H])([H])[H],,-63.09546903919484,109.10967010774142,172.20513914693626,2.93632245545885,18.0,0.0,1.9062163829803467,"['z0136b', 'z0207a']",[],3.5053038355108246,too moved,28.0
3,[H]c1[nH]c2c(N([H])C(=O)C([H])([H])[H])c([H])c([H])c(C([H])([H])C(=O)N3C([H])([H])C(=O)N([H])C([H])([H])C3([H])[H])c2c1[H],,-38.92960796950163,130.6889876250166,169.61859559451824,3.583051324908459,23.0,0.0,7.030727386474609,"['z0136b', 'z0397a']",[],1.692591650847897,too moved,44.0
4,[H]c1n[nH]c(N(C(=O)C([H])([H])[H])c2c([H])c([H])c([H])c3c([H])c([H])[nH]c23)c1[H],,6.574953719750184,52.86361566277081,46.28866194302063,3.631503084764127,18.0,0.0,2.478273630142212,"['z0136b', 'z0481b']",[],-0.365275206652788,too moved,28.0
5,[H]c1[nH]c2c(N([H])C(=O)C([H])([H])[H])c(S(=O)(=O)N([H])[H])c([H])c([H])c2c1[H],,-9.129225018624311,-83.34363567735831,-74.214410658734,2.553664893368916,17.0,0.0,1.504777431488037,"['z0136b', 'z0625b']",[],0.5370132363896654,too moved,24.0
6,[H]c1c([H])c([H])c2c([H])c(Br)[nH]c2c1N([H])C(=O)C([H])([H])[H],,-57.666278577877904,-48.1978655218559,9.468413056022001,3.067251166895961,14.0,0.0,1.2214953899383545,"['z0136b', 'z0767a']",[],4.11901989841985,too moved,8.0
7,[H]c1c(N([H])C2=NC([H])([H])C([H])([H])C([H])([H])S2)c([H])c2c([H])c(C([H])([H])[H])[nH]c2c1N([H])C(=O)C([H])([H])[H],,-40.53036330250305,28.953931277966774,69.48429458046982,2.6145476930857576,21.0,0.0,4.012399196624756,"['z0136b', 'z0892b']",[],1.9300173001191927,too moved,39.0
8,[H]O[C@@]1(N2C([H])([H])C([H])([H])N([H])C([H])([H])C2([H])[H])C([H])([H])c2c([nH]c([H])c2[H])[C@@]([H])(N([H])C(=O)C([H])([H])[H])C1([H])[H],,-16.698754136322123,17.90228980855892,34.60104394488104,3.344749035055714,20.0,0.0,2.8722572326660156,"['z0136b', 'z0898a']",[],0.8349377068161061,too moved,35.0
9,[H]c1c([H])c2c(c(C([H])([H])C([H])([H])[H])c1[H])N([H])[C@@]([H])(N([H])C(=O)N([H])[H])[C@](O)(C([H])([H])[H])N2[H],,-65.75371130171064,143.31180813398342,209.06551943569406,3.5151015504083416,18.0,0.0,4.328810691833496,"['z0136b', 'z0903c']",[],3.6529839612061465,too moved,28.0
10,[H]Oc1c(C([H])([H])[H])c(N([H])C(=O)C([H])([H])[H])c2c(c1[H])c([H])c([H])n2F,,-27.959570000630364,-39.874288753406844,-11.91471875277648,2.7515303324394917,16.0,0.0,1.7648248672485352,"['z0136b', 'z0927a']",[],1.7474731250393978,too moved,19.0
11,[H]Oc1c([H])c(N([H])C(=O)C([H])([H])[H])c2[nH]c([H])c([H])c2c1[H],,-42.28538860404668,-76.12222522397877,-33.83683661993209,2.760052707479621,14.0,0.0,1.0756325721740723,"['z0136b', 'z0968a']",[],3.0203849002890486,too moved,8.0
12,[H]c1[nH]c2c([C@@](C(=O)C([H])([H])[H])(N([H])[H])C([H])([H])[H])c([H])c([H])c([H])c2c1[H],,-15.25591655829438,16.675840674545874,31.931757232840255,2.2957256514944593,15.0,0.0,0.7517707347869873,"['z0136b', 'z0991b']",[],1.017061103886292,equally sized,14.0
13,[H]N([H])C([H])([H])[C@@]1([H])N([H])[C@@]2(C([H])([H])C([H])([H])[C@]([H])(OC([H])([H])[H])C([H])([H])[C@]2([H])N([H])C(=O)C([H])([H])[H])C([H])([H])C1([H])[H],,,,252.62249821031423,3.669078467602772,18.0,0.0,5.263543605804443,"['z0184a', 'z0136b']",[],,crashed,45.0
14,[H]N([H])C([H])([H])C(=O)N([H])[C@@]1([H])C([H])([H])C2=C(O[C@@]3([H])N2C([H])([H])[C@@]([H])(C([H])([H])[H])N([H])C3([H])[H])C([H])([H])C1([H])[H],,,,340.1590989318922,2.6792907146373013,19.0,0.0,2.511838674545288,"['z0184a', 'z0186a']",[],,crashed,37.0
15,[H]N([H])C([H])([H])[C@]1([H])C([H])([H])N([H])[C@@]([H])(N([H])C([H])([H])[H])[C@]2(C([H])([H])C([H])([H])[C@]([H])(OC([H])([H])[H])C([H])([H])C2([H])[H])C1([H])[H],,,,273.1847710587181,3.02530696085092,17.0,0.0,3.2174489498138428,"['z0184a', 'z0207a']",[],,crashed,42.0
16,[H]C1C([H])[C@H]([H])C([H])O[C@H]([H])[C@@H]([C@]2([H])N([H])C([H])([H])C(=O)N([H])C2([H])[H])O[C@@H]1C([H])([H])C([H])([H])[H],,,,254.2785553567969,2.01296300296409,18.0,0.0,1.3560962677001953,"['z0184a', 'z0397a']",[],,crashed,45.0
17,[H]c1n[nH]c(C([H])([H])[C@@]2([H])C([H])([H])[C@@]([H])(OC([H])([H])[H])C([H])([H])C([H])([H])C23N([H])C([H])([H])C([H])([H])C([H])([H])C([H])([H])[C@@]3([H])C([H])([H])N([H])[H])c1[H],,-43.306611682150844,284.22210889382126,327.5287205759721,3.027113384477007,22.0,0.0,2.7417566776275635,"['z0184a', 'z0481b']",[],1.9684823491886747,too moved,50.0
18,[H]c1c([H])c2c(c(C([H])([H])[H])c1N([H])C(=O)C([H])([H])N([H])[H])C([H])([H])S(=O)(=O)N2C([H])([H])[H],,-24.84800664815137,217.10773096161756,241.95573760976893,2.7201649993001324,18.0,0.0,2.993375539779663,"['z0184a', 'z0625b']",[],1.380444813786187,too moved,28.0
19,[H]OC([H])([H])C([H])([H])N1[C@]2(C([H])([H])C([H])([H])[C@]([H])(OC([H])([H])[H])C([H])([H])C2([H])[H])C([H])([H])[C@]([H])(O[H])[C@@]1([H])C([H])([H])N([H])[H],,,,303.61408597964294,3.161131536049273,18.0,0.0,2.6546404361724854,"['z0184a', 'z0767a']",[],,crashed,39.0
20,[H]c1c([H])c(N([H])C(=O)C([H])([H])N([H])[H])c([H])c([H])c1OC1=S([H])C([H])([H])C([H])([H])C([H])([H])N1[H],,-8.924764170009638,230.48303210012304,239.40779627013268,2.632108238568724,18.0,0.0,2.67653489112854,"['z0184a', 'z0892b']",[],0.4958202316672021,too moved,34.0
21,[H]/C(=C(\c1c([H])c([H])c(N([H])C(=O)C([H])([H])N([H])[H])c([H])c1[H])C([H])([H])[H])N1C([H])([H])C([H])([H])N([H])C([H])([H])C1([H])[H],,-31.201500853025607,384.4649380889568,415.6664389419824,3.288199409314094,20.0,0.0,5.077366828918457,"['z0184a', 'z0898a']",[],1.5600750426512804,too moved,35.0
22,[H]c1c(C([H])([H])N([H])[H])c([H])c([C@]2(C([H])([H])C([H])([H])[H])C(=O)N([H])C(=O)N2[H])c([H])c1C([H])([H])[C@]([H])(OC([H])([H])[H])C([H])([H])C([H])([H])[H],,-13.68921566153395,203.4325880309242,217.12180369245814,2.5036376960049487,23.0,0.0,2.705904722213745,"['z0184a', 'z0903c']",[],0.5951832896319109,too moved,44.0
23,[H]Oc1c([H])c(N([H])C(=O)C([H])([H])N([H])[H])c(C([H])([H])[H])c([H])c1OC([H])([H])[H],,-6.02370495036854,247.29730305402143,253.32100800438997,2.719174198903342,15.0,0.0,1.7661571502685547,"['z0184a', 'z0927a']",[],0.40158033002456933,too moved,14.0
24,[H]O[C@]1([H])C([H])([H])[C@]2(C([H])([H])C([H])([H])[C@@]1([H])OC([H])([H])[H])C([H])([H])C([H])([H])[C@@]([H])(N([H])[H])C([H])([H])C2([H])[H],,,,257.6561660558825,3.416238683898439,15.0,0.0,3.194124221801758,"['z0184a', 'z0968a']",[],,crashed,40.0
25,,ValueError No idea what this S SP3D2 is,,,,,,,,[],[],,crashed,
26,[H]N1C([H])([H])C([H])([H])[C@]2(C([H])([H])C3=C(C([H])([H])C([H])([H])[C@@]3([H])C([H])([H])[H])C([H])([H])[C@@]2([H])C(=O)C([H])([H])[H])C([H])([H])[C@@]1([H])C([H])([H])[H],,,,,0.0,18.0,1.0,1.2898101806640625,"['z0186a', 'z0136b']",[],,crashed,34.0
27,[H]O[C@@]1([H])N(C(=O)c2c([H])c(C([H])([H])N([H])C([H])([H])N([H])[H])c([H])c([H])c2F)C([H])([H])[C@@]([H])(C([H])([H])[H])N([H])C1([H])[H],,,,,0.0,20.0,1.0,1.4009020328521729,"['z0186a', 'z0184a']",[],,crashed,15.0
28,[H]C1N[C@H](C([H])([H])C(=O)N2C([H])([H])C([H])([H])N([H])[C@]([H])(C([H])([H])[H])C2([H])[H])[C@@H](C([H])([H])[H])C([H])C1[H],,,,240.42796041167514,3.3044333247336897,17.0,0.0,3.009289503097534,"['z0186a', 'z0207a']",[],,crashed,24.0
29,[H]c1c([H])c(C([H])([H])[H])c2c(c1F)C(=O)N1C([H])([H])C([H])([H])C(=O)[C@]([H])(C([H])([H])[H])[C@@]1([H])O2,,8.959400567564444,215.49920606084498,206.53980549328054,2.1490133174670216,19.0,0.0,1.7289772033691406,"['z0186a', 'z0397a']",[],-0.47154739829286546,too moved,11.0
30,[H]c1n[nH]c(C([H])([H])Oc2c([H])c(F)c(C([H])([H])[H])c([H])c2C(=O)N2C([H])([H])C([H])([H])N([H])[C@]([H])(C([H])([H])[H])C2([H])[H])c1[H],,66.70707883822206,297.28184820883143,230.57476937060937,2.1274658423673567,24.0,0.0,4.2092931270599365,"['z0186a', 'z0481b']",[],-2.7794616182592526,too moved,30.0
31,[H]c1c(C([H])([H])[H])c([H])c2c(c1C([H])([H])[H])OS(=O)(=O)[C@]2(O)N1C([H])([H])C([H])([H])N([H])[C@]([H])(C([H])([H])[H])C1([H])[H],,-16.12952790958707,293.8207451883772,309.95027309796427,2.2273661337592503,21.0,0.0,2.382002353668213,"['z0186a', 'z0625b']",[],0.7680727575993842,too moved,20.0
32,[H]ON(c1c([H])c(Br)c(C([H])([H])[H])c([H])c1C(=O)N1C([H])([H])C([H])([H])N([H])[C@]([H])(C([H])([H])[H])C1([H])[H])C([H])([H])[H],,42.30174626019692,267.5913056904097,225.28955943021276,3.3257708901642298,20.0,0.0,4.413856506347656,"['z0186a', 'z0767a']",[],-2.115087313009846,too moved,15.0
33,[H]c1c([H])c(C([H])([H])C([H])([H])[H])c([H])c(C(=O)N2C([H])([H])C([H])([H])N([H])[C@]([H])(C([H])([H])[H])C2([H])[H])c1F,,62.30609073578586,367.0079340879394,304.70184335215356,2.6245923769635593,18.0,0.0,2.0573573112487793,"['z0186a', 'z0892b']",[],-3.4614494853214364,too moved,6.0
34,[H]c1c([H])c(C([H])([H])[H])c([H])c(C(=O)N2C([H])([H])C([H])([H])N([H])[C@]([H])(C([H])([H])[H])C2([H])[H])c1F,,46.11307230595753,365.00965972376,318.8965874178025,2.5628909796715984,17.0,0.0,2.1900649070739746,"['z0186a', 'z0898a']",[],-2.712533665056325,equally sized,0.0
35,[H]N1C(=O)N([H])[C@@]2(C1=O)C([H])([H])[C@]([H])(C([H])([H])[H])C([H])([H])[C@]([H])(C(=O)N1C([H])([H])C([H])([H])N([H])[C@]([H])(C([H])([H])[H])C1([H])[H])[C@@]2(F)C([H])([H])C([H])([H])[H],,,,171.5145798306523,3.397492998281556,25.0,0.0,6.459400177001953,"['z0186a', 'z0903c']",[],,crashed,32.0
36,[H]c1c(C(=O)N2C([H])([H])C([H])([H])N([H])[C@]([H])(C([H])([H])[H])C2([H])[H])c(F)c(C([H])([H])[H])c(OC([H])([H])F)c1C([H])([H])[H],,,,,0.0,20.0,1.0,1.4957478046417236,"['z0186a', 'z0927a']",[],,crashed,15.0
37,[H]c1c(F)c(C(=O)N2C([H])([H])C([H])([H])N([H])[C@]([H])(C([H])([H])[H])C2([H])[H])c([H])c2c1C([H])([H])C([H])([H])C([H])([H])C([H])([H])C2([H])[H],,33.52637652804344,451.3384417550308,417.81206522698733,4.81987023607159,21.0,0.0,8.662661075592041,"['z0186a', 'z0968a']",[],-1.5964941203830212,too moved,24.0
38,[H]c1c([H])c([H])c2c(N([H])S(=O)(=O)C([H])([H])[H])c(F)c(C(=O)N3C([H])([H])C([H])([H])N([H])[C@]([H])(C([H])([H])[H])C3([H])[H])c([H])c2c1[H],,-9.273019652833483,224.5536653407722,233.82668499360568,3.735009412933106,25.0,0.0,6.765273094177246,"['z0186a', 'z0991b']",[],0.37092078611333934,too moved,36.0
39,[H]OC([H])([H])[C@@H]1[C@@H](C([H])([H])[H])[C@H](N([H])C(=O)C([H])([H])[H])N2C([H])C(Cl)C([H])N[C@@H]2[C@H]1C([H])([H])[H],,,,106.63620898826592,3.1308231901264043,19.0,0.0,4.042721509933472,"['z0207a', 'z0136b']",[],,crashed,43.0
40,[H]O[C@]1([H])C([H])([H])C([H])([H])[C@@]23C([H])([H])[C@@]([H])(C([H])([H])N([H])[H])C([H])([H])N([H])[C@]2(N([H])C([H])([H])[H])C([H])([H])[C@]([H])(C1([H])[H])C3([H])[H],,,,282.7203603991202,3.3528945314016787,15.0,3.0,3.3202013969421387,"['z0207a', 'z0184a']",[],,crashed,34.0
41,[H]c1nc(N(C([H])([H])[H])[C@@]([H])(N2C([H])([H])[C@@]([H])(C([H])([H])[H])N([H])C([H])([H])[C@]2([H])N=O)C([H])([H])[H])nc([H])c1Cl,,-38.596211795301315,206.92285341326289,245.5190652085642,2.3741630349399427,20.0,0.0,3.0048375129699707,"['z0207a', 'z0186a']",[],1.9298105897650657,too moved,40.0
42,[H]O[C@]([H])(N1C([H])([H])C(=O)N([H])C([H])([H])C1([H])[H])[C@]([H])(N(c1nc([H])c(Cl)c([H])n1)C([H])([H])[H])C([H])([H])[H],,-56.863921241752735,213.323854422765,270.18777566451774,2.322596681057221,20.0,0.0,2.7282614707946777,"['z0207a', 'z0397a']",[],2.8431960620876366,too moved,35.0
43,[H]OC([H])([H])[C@@]([H])(C([H])([H])[H])[C@](c1nc([H])c(Cl)c([H])n1)(C([H])([H])[H])C([H])([H])c1[nH]nc([H])c1[H],,104.82843692409773,324.7385941822778,219.91015725818005,2.936790658410818,19.0,0.0,3.2661561965942383,"['z0207a', 'z0481b']",[],-5.517286153899881,too moved,32.0
44,[H]OC(O)(O[H])[C@]([H])(N(C1NC([H])C(Cl)C([H])N1C([H])([H])[H])C([H])([H])[H])C([H])([H])[H],,,,81.33676987563739,2.6541063513995975,16.0,0.0,1.9014415740966797,"['z0207a', 'z0625b']",[],,crashed,19.0
45,[H]OC([H])([H])[C@]1([H])N(C([H])([H])[H])C2NC([H])C(Cl)C([H])N2C([H])([H])[C@@]1([H])O[H],,,,144.83214070414996,2.681390264604929,15.0,0.0,2.1924896240234375,"['z0207a', 'z0767a']",[],,crashed,14.0
46,[H]c1nc(N(C([H])([H])[H])[C@]([H])(C([H])([H])[H])C([H])([H])OC2=S([H])C([H])([H])C([H])([H])C([H])([H])N2[H])nc([H])c1Cl,,-49.68506399667701,58.4124737731162,108.0975377697932,2.5377446935071895,19.0,0.0,2.40134596824646,"['z0207a', 'z0892b']",[],2.615003368246158,too moved,32.0
47,[H]O[C@@]([H])(N1C([H])([H])C([H])([H])N([H])C([H])([H])C1([H])[H])[C@]([H])(N(c1nc([H])c(Cl)c([H])n1)C([H])([H])[H])C([H])([H])[H],,-0.5995547651533286,216.0304789443682,216.63003370952154,2.097419832697532,19.0,0.0,1.3926801681518555,"['z0207a', 'z0898a']",[],0.03155551395543835,too moved,32.0
48,,ValueError No idea what this S SP3D2 is,,,,,,,,[],[],,crashed,
49,[H]OC([H])([H])[C@@]([H])(C([H])([H])[H])[C@]1([H])C([H])([H])N(C([H])([H])[H])N([H])[C@]12N([H])C([H])([H])[C@@]([H])(Cl)[C@]([H])(F)N2[H],,,,88.27955190038948,2.44817619685543,17.0,0.0,1.3919379711151123,"['z0207a', 'z0927a']",[],,crashed,36.0
50,[H]OC([H])([H])N([H])C([H])([H])[C@@]1([H])N([H])[C@]2(N([H])C([H])([H])C1([H])[H])N([H])C([H])([H])[C@@]([H])(Cl)C([H])([H])N2[H],,,,,0.0,15.0,1.0,1.17525315284729,"['z0207a', 'z0968a']",[],,crashed,34.0
51,[H]OC([H])([H])[C@]([H])(C1:O:C2C([H])C(Cl)C([H])N[C@@H]2C(N([H])S(=O)(=O)C([H])([H])[H]):C:1[H])C([H])([H])[H],,,,196.23349436352777,2.819868702561442,20.0,0.0,1.9607470035552979,"['z0207a', 'z0991b']",[],,crashed,45.0
52,[H]C1C([H])[C@@H]2C([H])C(N([H])C(=O)C([H])([H])[H])C([H])[C@H](C([H])([H])C(=O)N3C([H])([H])C(=O)N([H])C([H])([H])C3([H])[H])[C@H]2C1[H],,,,148.06353132001018,3.3489799562627764,23.0,0.0,6.480029106140137,"['z0397a', 'z0136b']",[],,crashed,35.0
53,,TimeoutError,,,,,,,,[],[],,timeout,
54,[H]c1c([H])c([H])c(OC([H])([H])[C@]([H])(N=O)N2C([H])([H])C(=O)N(C([H])([H])[H])C([H])([H])C2([H])[H])c(F)c1[H],,-23.362550208906043,337.1409639120133,360.50351412091936,1.6705184256935937,20.0,0.0,1.6421682834625244,"['z0397a', 'z0186a']",[],1.1681275104453022,too moved,15.0
55,[H]c1c([H])c(O[C@]([H])(C(=O)N2C([H])([H])C(=O)N([H])C([H])([H])C2([H])[H])C([H])([H])C([H])([H])[H])c([H])c([H])c1Cl,,48.013970571409544,285.93544994830825,237.9214793768987,2.2956786923475336,20.0,0.0,2.931398868560791,"['z0397a', 'z0207a']",[],-2.4006985285704774,too moved,15.0
56,[H]c1n[nH]c(C([H])([H])c2c([H])c(F)c([H])c([H])c2OC([H])([H])C(=O)N2C([H])([H])C(=O)N([H])C([H])([H])C2([H])[H])c1[H],,11.377616148623872,239.87244295617967,228.4948268075558,2.1753629152484812,24.0,0.0,2.0005204677581787,"['z0397a', 'z0481b']",[],-0.47406733952599467,too moved,30.0
57,,FragmensteinError Ideal compound failed. Something is wrong with the SMILES,,,,,,,,[],[],,crashed,
58,[H]OC([H])([H])C([H])([H])c1c([H])c(Br)c([H])c([H])c1OC([H])([H])C(=O)N1C([H])([H])C(=O)N([H])C([H])([H])C1([H])[H],,37.50154068888574,183.5164405381686,146.01489984928287,2.8668422938421494,21.0,0.0,3.2960598468780518,"['z0397a', 'z0767a']",[],-1.785787651851702,too moved,20.0
59,,FragmensteinError Ideal compound failed. Something is wrong with the SMILES,,,,,,,,[],[],,crashed,
60,[H]c1c([H])c([H])c(OC([H])([H])C(=O)N2C([H])([H])C(=O)N([H])C([H])([H])C2([H])[H])c(F)c1[H],,37.54402565785011,261.3707765541738,223.8267508963237,1.9844527974181172,18.0,0.0,1.597827434539795,"['z0397a', 'z0898a']",[],-2.085779203213895,too moved,6.0
61,[H]N1C(=O)N([H])[C@@]2(C1=O)C([H])([H])C([H])([H])C([H])([H])[C@]([H])(OC([H])([H])C(=O)N1C([H])([H])C(=O)N([H])C([H])([H])C1([H])[H])[C@@]2([H])C([H])([H])C([H])([H])[H],,,,236.3103874654429,3.192971834632343,25.0,0.0,9.15357494354248,"['z0397a', 'z0903c']",[],,crashed,32.0
62,[H]c1c([H])c(F)c(C([H])([H])[H])c(OC([H])([H])C(=O)N2C([H])([H])C(=O)N([H])C([H])([H])C2([H])[H])c1[H],,57.009625716869266,323.49828573302733,266.48866001615806,2.331148291742071,19.0,0.0,1.954500436782837,"['z0397a', 'z0927a']",[],-3.0005066166773298,too moved,11.0
63,[H]c1c([H])c([H])c2c(c1[H])C([H])([H])C1=C(C2([H])[H])C([H])([H])[C@@]([H])(C(=O)N2C([H])([H])C(=O)N([H])C([H])([H])C2([H])[H])C([H])([H])N1[H],,147.3244260778999,488.61335056538786,341.288924487488,2.109261728169657,23.0,0.0,6.754674673080444,"['z0397a', 'z0968a']",[],-6.405409829473908,too moved,35.0
64,[H]C1C([H])C([H])[C@@H]2[C@H](C1[H])C([H])C(OC([H])([H])C(=O)N1C([H])([H])C(=O)N([H])C([H])([H])C1([H])[H])[C@H]2N([H])S(=O)(=O)C([H])([H])[H],,,,225.82062147536658,3.5452934937217915,25.0,0.0,8.408092260360718,"['z0397a', 'z0991b']",[],,crashed,36.0
65,[H]c1n[nH]c([C@]([H])(C(=O)C([H])([H])[H])c2c([H])c([H])c([H])c3c([H])c([H])c([H])c(F)c23)c1[H],,-16.859250392203762,122.80877416714515,139.6680245593489,2.213449108552481,20.0,0.0,1.0140948295593262,"['z0481b', 'z0136b']",[],0.8429625196101881,too moved,35.0
66,[H]c1[nH]nc(C([H])([H])[C@H]2C([H])[C@@H](OC([H])([H])[H])C([H])C([H])[C@H]3C([H])C([H])C([H])C([H])C3[C@H]2C([H])([H])N([H])[H])c1[H],,-10.089151343426124,375.1720031403226,385.2611544837487,4.920944105418352,22.0,0.0,9.7483229637146,"['z0481b', 'z0184a']",[],0.4585977883375511,too moved,41.0
67,[H]c1n[nH]c(C([H])([H])N([H])c2c(F)c([H])c([H])c([H])c2C(=O)N2C([H])([H])C([H])([H])N([H])[C@]([H])(C([H])([H])[H])C2([H])[H])c1[H],,-79.542337330468,282.5457167095471,362.0880540400151,2.185143464295344,23.0,0.0,5.433222055435181,"['z0481b', 'z0186a']",[],3.4583624926290435,too moved,40.0
68,[H]OC([H])([H])[C@]([H])(C([H])([H])[H])[C@](c1c([H])c([H])c([H])c(Cl)c1F)(C([H])([H])[H])C([H])([H])c1n[nH]c([H])c1[H],,-24.531142461123295,209.61379846145297,234.14494092257627,2.580292721729258,20.0,0.0,1.8934979438781738,"['z0481b', 'z0207a']",[],1.2265571230561647,too moved,30.0
69,[H]c1n[nH]c(C([H])([H])N([H])c2c(F)c([H])c([H])c([H])c2OC([H])([H])C(=O)N2C([H])([H])C(=O)N([H])C([H])([H])C2([H])[H])c1[H],,6.208046494556811,273.73788528041604,267.5298387858592,3.5558547968633407,25.0,0.0,7.988073825836182,"['z0481b', 'z0397a']",[],-0.24832185978227245,too moved,44.0
70,[H]c1n[nH]c(C([H])([H])N([H])c2c(F)c([H])c([H])c([H])c2C([H])([H])S(=O)(=O)N([H])[H])c1[H],,-39.856805968108745,41.44905227108336,81.3058582391921,2.2663220234847103,19.0,0.0,1.7476732730865479,"['z0481b', 'z0625b']",[],2.0977266299004604,too moved,27.0
71,[H]OC([H])([H])C([H])([H])N1c2c([H])c([H])c([H])c([H])c2OC([H])([H])[C@@]12N([H])N([H])C([H])([H])C2([H])[H],,,,,0.0,16.0,1.0,0.935662031173706,"['z0481b', 'z0767a']",[],,crashed,25.0
72,[H]c1n[nH]c(C([H])([H])N([H])c2c(F)c([H])c([H])c([H])c2N([H])C2=NC([H])([H])C([H])([H])C([H])([H])S2)c1[H],,-3.933060508553993,83.58230688873887,87.51536739729286,2.024957972653941,21.0,0.0,2.1426475048065186,"['z0481b', 'z0892b']",[],0.18728859564542824,too moved,34.0
73,[H]c1n[nH]c(C([H])([H])[C@]([H])(C([H])([H])[H])C([H])([H])[C@]([H])(C(=O)N2C([H])([H])C([H])([H])N([H])C([H])([H])C2([H])[H])C([H])([H])C([H])([H])C([H])([H])C([H])([H])C([H])([H])F)c1[H],,2.5710233498115826,265.0406138610829,262.4695905112713,2.3608166573846705,24.0,0.0,5.976884603500366,"['z0481b', 'z0898a']",[],-0.10712597290881594,too moved,50.0
74,,FragmensteinError Ideal compound failed. Something is wrong with the SMILES,,,,,,,,[],[],,crashed,
75,[H]O[C@]1([H])C2=C(N([H])N1C([H])([H])[H])[C@@]([H])(OF)C([H])([H])C([H])([H])C2([H])[H],,,,158.24251713417448,2.4892716217656456,13.0,0.0,0.9674513339996338,"['z0481b', 'z0927a']",[],,crashed,47.0
76,[H]O[C@]1([H])C([H])([H])N([H])C2=C(N([H])C1([H])[H])[C@@]([H])(F)C([H])([H])C([H])([H])C2([H])[H],,,,275.3609890960751,2.20457013139143,13.0,0.0,1.0668246746063232,"['z0481b', 'z0968a']",[],,crashed,47.0
77,[H]c1n[nH]c([C@@]([H])([C@@H]2C([H])C([H])O[C@@H]3C([H])C([H])C([H])C(F)[C@@H]32)S(=O)(=O)C([H])([H])[H])c1[H],,-9.494914000982263,91.16913997929933,100.6640539802816,2.6297260030640177,21.0,0.0,2.087263584136963,"['z0481b', 'z0991b']",[],0.45213876195153635,too moved,39.0
78,[H]c1c([H])c(S(=O)(=O)N([H])[H])c([H])c2c1[C@]([H])(F)C([H])([H])C2([H])[H],,,,,0.0,13.0,1.0,0.8167526721954346,"['z0625b', 'z0136b']",[],,crashed,31.0
79,[H]N([H])O[C@]1(O)C([H])([H])C([H])([H])[C@]([H])(C([H])([H])S(=O)(=O)N([H])C([H])([H])[H])[C@@]([H])(C([H])([H])[H])C1([H])[H],,,,178.07112542376092,2.441028466236623,16.0,0.0,1.722661018371582,"['z0625b', 'z0184a']",[],,crashed,19.0
80,[H]c1c([H])c(C([H])([H])S(=O)(=O)C(=O)N2C([H])([H])C([H])([H])N([H])[C@]([H])(C([H])([H])[H])C2([H])[H])c(C([H])([H])[H])c([H])c1F,,-5.125680415254607,237.46029506798322,242.58597548323783,2.606543429142528,21.0,0.0,2.6082234382629395,"['z0625b', 'z0186a']",[],0.24408001977402888,too moved,39.0
81,[H]c1c(F)c([H])c(C([H])([H])[H])c([C@]2([H])C([H])([H])C([H])([H])OS2(=O)=O)c1C([H])([H])[H],,-30.419926099283416,35.45052840086362,65.87045450014703,2.2199414966568507,16.0,0.0,0.9365880489349365,"['z0625b', 'z0207a']",[],1.9012453812052135,too moved,25.0
82,[H]c1c(F)c([H])c(C([H])([H])[H])c2c1OC([H])([H])[C@@H](N1C([H])([H])C(=O)N([H])C([H])([H])C1([H])[H])C2([H])[H],,-34.279652701563265,167.62394216849296,201.90359487005622,1.8694849757322531,19.0,0.0,1.6376540660858154,"['z0625b', 'z0397a']",[],1.8041922474506982,too moved,48.0
83,[H]c1n[nH]c(C([H])([H])c2c([H])c(F)c([H])c([H])c2C([H])([H])S(=O)(=O)N([H])[H])c1[H],,-36.61049278450663,0.05838988925039601,36.668882673757025,1.8395820043964333,18.0,0.0,0.8142035007476807,"['z0625b', 'z0481b']",[],2.033916265805924,too moved,28.0
84,[H]ON=[S@@](=O)(N([H])[H])C([H])([H])c1c([H])c([H])c(F)c([H])c1C([H])([H])[H],,-32.561701459198716,-1.9424243210563752,30.619277138142337,2.037642462241802,14.0,0.0,0.8429160118103027,"['z0625b', 'z0767a']",[],2.325835818514194,too moved,8.0
85,[H]c1c([H])c(C([H])([H])S(=O)(=O)N([H])C2=S([H])C([H])([H])C([H])([H])C([H])([H])N2[H])c(C([H])([H])[H])c([H])c1OC([H])([H])[H],,-59.23917362052773,58.33260926996457,117.5717828904923,2.019205954809225,20.0,0.0,2.1074326038360596,"['z0625b', 'z0892b']",[],2.9619586810263865,too moved,35.0
86,[H]c1c([H])c(C([H])[H])c(C([H])([H])[H])c([H])c1F,,-4.843417149573618,-25.28511333484452,-20.441696185270903,2.2019444656086,9.0,0.0,0.527442216873169,"['z0625b', 'z0898a']",[],0.5381574610637353,equally sized,0.0
87,[H]C1N([H])C(=O)N([H])[C@]12C([H])([H])[C@@]([H])(F)C([H])([H])C([H])([H])[C@@]2([H])[C@@]([H])(C([H])([H])[H])S(=O)(=O)N([H])[H],,,,-40.35026098110039,1.7858276851128492,18.0,0.0,1.1078433990478516,"['z0625b', 'z0903c']",[],,crashed,39.0
88,[H]Oc1c([H])c(N(F)C([H])([H])F)c([H])c(C([H])([H])[H])c1[C@@]([H])(N([H])C([H])([H])[H])S(=O)(=O)N([H])[H],,,,,0.0,17.0,2.0,0.939058780670166,"['z0625b', 'z0927a']",[],,crashed,24.0
89,[H]O[C@@]1([H])C([H])([H])C2=C(N([H])C1([H])[H])C([H])([H])C1(C([H])([H])C([H])([H])C([H])([H])C1([H])[H])C([H])([H])[C@]2([H])C([H])([H])[H],,,,199.74985665881044,2.867429770007055,16.0,0.0,1.8463566303253174,"['z0625b', 'z0968a']",[],,crashed,44.0
90,,FragmensteinError Ideal compound failed. Something is wrong with the SMILES,,,,,,,,[],[],,crashed,
91,[H]c1nc(C([H])([H])N=O)c2c([H])c([H])n([H])c2c1Br,,-9.395035626875577,9.61399540240601,19.009031029281587,2.4874008375044045,13.0,0.0,0.6117687225341797,"['z0767a', 'z0136b']",[],0.7226950482211982,equally sized,39.0
92,,FragmensteinError Ideal compound failed. Something is wrong with the SMILES,,,,,,,,[],[],,crashed,
93,[H]OC([H])([H])C([H])([H])c1c([H])c(Br)c(C([H])([H])[H])n1C(=O)N1C([H])([H])C([H])([H])N([H])[C@]([H])(C([H])([H])[H])C1([H])[H],,-10.218732386826332,302.63881168647623,312.85754407330256,2.837518187956164,19.0,0.0,3.5565714836120605,"['z0767a', 'z0186a']",[],0.5378280203592807,too moved,48.0
94,[H]OC([H])([H])[C@]1([H])N(C([H])([H])[H])n2c([H])c(Br)c([H])c2C([H])([H])[C@@]1([H])O[H],,-16.859453331932343,13.018196476610717,29.877649808543058,2.4068251534475475,14.0,0.0,0.9182238578796387,"['z0767a', 'z0207a']",[],1.2042466665665958,too moved,36.0
95,[H]OC([H])([H])C([H])([H])c1c([H])c(Br)c([H])n1OC([H])([H])C(=O)N1C([H])([H])C(=O)N([H])C([H])([H])C1([H])[H],,19.791052945622482,147.29902766823488,127.5079747226124,2.8694382766545448,20.0,0.0,3.287165641784668,"['z0767a', 'z0397a']",[],-0.9895526472811241,too moved,45.0
96,,KekulizeException Can't kekulize mol.  Unkekulized atoms: 0 1 5 6 7 8 9,,,,,,,,[],[],,crashed,
97,[H]OC1=[S@@](=O)(N([H])[H])C([H])([H])n2c([H])c(Br)c([H])c2C1([H])[H],,-59.604212363889545,26.93930048737937,86.54351285126891,2.2304666383974268,13.0,0.0,0.6674153804779053,"['z0767a', 'z0625b']",[],4.584939412606888,equally sized,31.0
98,[H]OC([H])([H])C([H])([H])c1c([H])c2c3c(c([H])c([H])c(N([H])C4=NC([H])([H])C([H])([H])C([H])([H])S4)n13)C([H])([H])O2,,-47.187918607604786,160.75765269987738,207.94557130748217,2.24767396765681,21.0,0.0,1.676607370376587,"['z0767a', 'z0892b']",[],2.2470437432192756,too moved,43.0
99,[H]OC([H])([H])C([H])([H])c1c([H])c(Br)c([H])n1C(=O)N1C([H])([H])C([H])([H])N([H])C([H])([H])C1([H])[H],,-5.202339267847805,213.51347810091278,218.71581736876058,2.2301630431714945,17.0,0.0,1.654304027557373,"['z0767a', 'z0898a']",[],0.3060199569322238,too moved,48.0
100,,RectificationError Recursion limit in rectifier,,,,,,,,[],[],,crashed,
101,[H]OC([H])([H])C([H])([H])n1c([H])c(OC([H])([H])F)c(F)c1OC([H])([H])C([H])([H])[H],,,,,0.0,13.0,2.0,0.8123831748962402,"['z0767a', 'z0927a']",[],,crashed,31.0
102,[H]OC([H])([H])C([H])([H])c1c([H])c(C([H])([H])C([H])([H])C([H])([H])C([H])([H])[H])c([H])n1C([H])([H])[C@]([H])(O[H])C([H])([H])N([H])C([H])([H])[H],,30.31515920458193,216.13929153185128,185.82413232726935,2.743220230104771,18.0,0.0,2.3964290618896484,"['z0767a', 'z0968a']",[],-1.684175511365663,too moved,45.0
103,[H]OC([H])([H])[C@@]([H])(n1nc2c([H])c([H])c([H])c([H])c2c1[H])C([H])([H])[H],,-17.82052256281753,128.2143093645053,146.03483192732284,2.8668502628739083,13.0,0.0,0.9304506778717041,"['z0767a', 'z0991b']",[],1.3708094279090408,equally sized,39.0
104,[H]c1c([H])c(N([H])C2=NC([H])([H])C([H])([H])C([H])([H])S2)c(N([H])C(=O)C([H])([H])[H])c(N([H])C([H])([H])C([H])([H])[H])c1[H],,-47.904616747333264,60.183919279030434,108.0885360263637,2.396073299994959,20.0,0.0,3.780380964279175,"['z0892b', 'z0136b']",[],2.3952308373666633,too moved,30.0
105,[H]c1c(N([H])C2=NC([H])([H])C([H])([H])C([H])([H])S2)c([H])c2c(c1[H])c(C([H])([H])N([H])[H])c([H])n2[H],,47.91038943768572,258.720247647481,210.8098582097953,2.924165465212399,18.0,0.0,2.3035624027252197,"['z0892b', 'z0184a']",[],-2.6616883020936513,too moved,17.0
106,[H]c1c([H])c(C([H])([H])C([H])([H])[H])c([H])c(F)c1C(=O)C1=NC([H])([H])C([H])([H])[C@]([H])(C([H])([H])[H])S1,,-29.773767676945738,310.48739182206947,340.2611594990152,2.421234720060956,18.0,0.0,2.5099408626556396,"['z0892b', 'z0186a']",[],1.6540982042747632,too moved,17.0
107,[H]c1c([H])c(C([H])([H])C([H])([H])[H])c([H])c2c1N(C1=NC([H])([H])C([H])([H])C([H])([H])[S@TB13]1([H])C([H])([H])C([H])([H])[H])C([H])([H])[C@@]2([H])C([H])([H])[H],,,,,0.0,19.0,1.0,1.4872188568115234,"['z0892b', 'z0207a']",[],,crashed,22.0
108,[H]c1c([H])c(C([H])([H])C([H])([H])[H])c([H])c2c1C1=C(N3C([H])([H])C(=O)N([H])C([H])([H])[C@]3([H])C3=C1SC([H])([H])C3([H])[H])C([H])([H])O2,,-9.966504897730715,447.5402528213892,457.5067577191199,2.440792079741968,24.0,0.0,1.8788602352142334,"['z0892b', 'z0397a']",[],0.41527103740544646,too moved,38.0
109,[H]c1n[nH]c(C([H])([H])N([H])c2c([H])c(N([H])C3=NC([H])([H])C([H])([H])C([H])([H])S3)c([H])c([H])c2C([H])([H])C([H])([H])[H])c1[H],,-13.89386637363711,119.60119840154809,133.4950647751852,2.248664703929002,22.0,0.0,2.2863712310791016,"['z0892b', 'z0481b']",[],0.6315393806198686,too moved,32.0
110,[H]c1c([H])c(C([H])([H])C([H])([H])[H])c(C([H])([H])[H])c2c1N(C1=NC([H])([H])C([H])([H])C([H])([H])S1)S(=O)(=O)C2([H])[H],,-2.7406561467763737,112.88962433824378,115.63028048502015,2.1869944328459674,20.0,0.0,1.6284916400909424,"['z0892b', 'z0625b']",[],0.13703280733881867,too moved,25.0
111,[H]OC([H])([H])C([H])([H])n1c([H])c2c3c(c([H])c([H])c(N([H])C4=NC([H])([H])C([H])([H])C([H])([H])S4)c31)C([H])([H])C2([H])[H],,-20.63672736811705,182.70952364481658,203.34625101293364,2.331311837990265,21.0,0.0,1.761091947555542,"['z0892b', 'z0767a']",[],0.9827013032436691,too moved,29.0
112,[H]c1c([H])c(C([H])([H])C([H])([H])[H])c([H])c(F)c1C(=O)C1=NC([H])([H])C([H])([H])C([H])([H])S12C([H])([H])C([H])([H])N([H])C([H])([H])C2([H])[H],,-34.30632061784769,273.2624517493518,307.5687723671995,2.1123921863701454,22.0,0.0,2.0116982460021973,"['z0892b', 'z0898a']",[],1.5593782099021676,too moved,32.0
113,,ValueError No idea what this S SP3D2 is,,,,,,,,[],[],,crashed,
114,[H]Oc1c(N([H])C2=NC([H])([H])C([H])([H])C([H])([H])S2)c([H])c([H])c(C([H])([H])C([H])(F)F)c1C([H])([H])[H],,-40.19733187810783,256.4816208800643,296.67895275817216,2.3617349914334254,19.0,0.0,1.6241719722747803,"['z0892b', 'z0927a']",[],2.115649046216202,too moved,22.0
115,[H]O[C@@]1([H])C([H])([H])C2(C([H])([H])C([H])([H])C([H])([H])C([H])([H])C2([H])[H])C([H])([H])C([H])([H])[C@@]1([H])N([H])C1=NC([H])([H])C([H])([H])C([H])([H])S1,,,,266.75888017191545,2.204366802888008,19.0,0.0,5.059144973754883,"['z0892b', 'z0968a']",[],,crashed,32.0
116,[H]c1c([H])c([H])c2c(N([H])S(=O)(=O)C([H])([H])[H])c(N([H])C3=NC([H])([H])C([H])([H])C([H])([H])S3)c([H])c([H])c2c1[H],,-2.5700552612021,110.6449591781418,113.2150144393439,2.368463290474721,22.0,0.0,2.836026668548584,"['z0892b', 'z0991b']",[],0.11682069369100455,too moved,41.0
117,[H]N1C([H])([H])C([H])([H])N(C(=O)[C@@]([H])(C([H])([H])[C@]([H])(C([H])([H])[H])C([H])([H])C([H])([H])[H])[C@@]([H])(OC(=O)C([H])([H])[H])C([H])([H])[H])C([H])([H])C1([H])[H],,,,173.34988921008468,2.3978373310992933,20.0,0.0,107.47237968444824,"['z0898a', 'z0136b']",[],,crashed,30.0
118,[H]c1c([H])c(/C(=N/C([H])([H])[H])N2C([H])([H])C([H])([H])N([H])C([H])([H])C2([H])[H])c(F)c([H])c1C(=O)C([H])([H])N([H])[H],,30.11440104053628,383.2216755732424,353.1072745327061,3.7291080607115017,20.0,0.0,5.226680517196655,"['z0898a', 'z0184a']",[],-1.505720052026814,too moved,25.0
119,[H]c1c([H])c(C([H])([H])[H])c([H])c(C(=O)N2C([H])([H])C([H])([H])N([H])[C@@]([H])(C([H])([H])[H])C2([H])[H])c1F,,62.21041840824262,269.3064338055237,207.09601539728106,2.0134045847439435,17.0,0.0,2.0228874683380127,"['z0898a', 'z0186a']",[],-3.659436376955448,equally sized,12.0
120,[H]C1N[C@@H](C(=O)N2C([H])([H])C([H])([H])N([H])C([H])([H])[C@]2([H])C([H])([H])[H])C([H])C1[H],,,,227.0756177935428,2.0495728148306185,14.0,0.0,1.687540054321289,"['z0898a', 'z0207a']",[],,crashed,15.0
121,[H]c1c([H])c(F)c2c(c1[H])OC([H])([H])C2(O)N1C([H])([H])C([H])([H])C(=O)C([H])([H])C1([H])[H],,-45.31442544127202,73.14892127456349,118.46334671583551,2.0286023192750187,18.0,0.0,1.426084041595459,"['z0898a', 'z0397a']",[],2.517468080070668,too moved,17.0
122,[H]c1n[nH]c(C([H])([H])Oc2c([H])c([H])c3c(F)c([H])c([H])c([H])c3c2C(=O)N2C([H])([H])C([H])([H])N([H])C([H])([H])C2([H])[H])c1[H],,5.561174576426026,273.7155399924983,268.15436541607227,3.5678300224737476,26.0,0.0,7.289267539978027,"['z0898a', 'z0481b']",[],-0.21389132986253948,too moved,43.0
123,,FragmensteinError Ideal compound failed. Something is wrong with the SMILES,,,,,,,,[],[],,crashed,
124,[H]ON(c1c([H])c(Br)c([H])c([H])c1C(=O)N1C([H])([H])C([H])([H])N([H])C([H])([H])C1([H])[H])C([H])([H])[H],,21.18894441020197,166.1761576609754,144.98721325077344,2.272044439190803,18.0,0.0,1.5281898975372314,"['z0898a', 'z0767a']",[],-1.1771635783445538,too moved,17.0
125,[H]C1=NC([H])([H])C([H])([H])C([H])([H])C12C([H])([H])C([H])([H])N([H])C([H])([H])C2([H])[H],,,,75.37841602812479,1.6642504306840589,11.0,0.0,0.9286932945251465,"['z0898a', 'z0892b']",[],,crashed,46.0
126,,ValueError No idea what this S SP3D2 is,,,,,,,,[],[],,crashed,
127,[H]c1c(F)c(OC([H])([H])F)c(C([H])([H])[H])c(F)c1C(=O)N1C([H])([H])C([H])([H])N([H])C([H])([H])C1([H])[H],,,,,0.0,19.0,1.0,0.937018632888794,"['z0898a', 'z0927a']",[],,crashed,22.0
128,[H]N1C([H])([H])C([H])([H])N(C(=O)[C@@]2([H])C([H])([H])C3(C([H])([H])C([H])([H])C([H])([H])C([H])([H])C3([H])[H])C([H])([H])C([H])([H])[C@]2([H])F)C([H])([H])C1([H])[H],,,,355.48334522276355,3.9294352995052986,20.0,0.0,8.383604764938354,"['z0898a', 'z0968a']",[],,crashed,25.0
129,[H]c1c([H])c([H])c2c(N([H])S(=O)(=O)C([H])([H])[H])c(F)c(C(=O)N3C([H])([H])C([H])([H])N([H])C([H])([H])C3([H])[H])c([H])c2c1[H],,12.896086943311388,197.28354677046786,184.38745982715648,3.8273898265540334,24.0,0.0,6.849407911300659,"['z0898a', 'z0991b']",[],-0.5373369559713078,too moved,38.0
130,[H]c1c([H])c([H])c2c(c1[H])C([H])([H])[C@]1([H])N([H])[C@](O)(C([H])([H])[H])[C@]3([H])N([H])C(=O)N([H])[C@]231,,-57.81359726417722,-28.896842124021145,28.91675514015607,2.3445753174171755,18.0,0.0,1.1967976093292236,"['z0903c', 'z0136b']",[],3.211866514676512,too moved,17.0
131,[H]c1c(C([H])([H])N([H])[H])c([H])c([C@]2(C([H])([H])C([H])([H])[H])C(=O)N([H])C(=O)N2[H])c([H])c1C([H])([H])[C@]([H])(OC([H])([H])[H])C([H])([H])C([H])([H])[H],,34.92447712737726,283.47791439910844,248.55343727173118,3.0099545063893345,23.0,0.0,2.5187911987304688,"['z0903c', 'z0184a']",[],-1.5184555272772722,too moved,35.0
132,[H]c1c(C([H])([H])[H])c(C(=O)N2C([H])([H])C([H])([H])N([H])[C@]([H])(C([H])([H])[H])C2([H])[H])c(F)c2c1[C@@]1(C(=O)N([H])C(=O)N1[H])C([H])([H])C2([H])[H],,24.37929590887404,159.41045032448088,135.03115441560684,3.2721943609984376,26.0,0.0,5.656409502029419,"['z0903c', 'z0186a']",[],-0.9376652272643862,too moved,43.0
133,[H]OC([H])([H])[C@]([H])(N(c1c([H])c(Cl)c([H])c2c1C([H])([H])C([H])([H])[C@]21C(=O)N([H])C(=O)N1[H])C([H])([H])[H])C([H])([H])[H],,-31.669936272395844,46.5264820584063,78.19641833080215,2.2963495907739975,22.0,0.0,1.5738446712493896,"['z0903c', 'z0207a']",[],1.4395425578361747,too moved,32.0
134,[H]c1c([H])c(OC([H])([H])C(=O)N2C([H])([H])C(=O)N([H])C([H])([H])C2([H])[H])c2c(c1[H])[C@@]1(C(=O)N([H])C(=O)N1[H])C([H])([H])C2([H])[H],,22.46345212179986,154.96308395780676,132.4996318360069,2.337011480104172,26.0,0.0,3.1833832263946533,"['z0903c', 'z0397a']",[],-0.8639789277615331,too moved,43.0
135,[H]N1O[C@]2([H])N([H])C(=O)N([H])[C@]2(C([H])([H])C([H])([H])[H])C([H])([H])C([H])([H])[C@]1([H])C([H])([H])C([H])([H])C([H])([H])F,,,,13.151556514948728,2.4701506586125817,17.0,0.0,1.1007063388824463,"['z0903c', 'z0481b']",[],,crashed,12.0
136,[H]c1c([H])c([H])c2c(c1[H])[C@]([H])(S(=O)(=O)N([H])[H])C([H])([H])[C@]21C(=O)N([H])C(=O)N1[H],,-24.19248046917881,-73.14599530723859,-48.95351483805978,2.073418629671491,19.0,0.0,1.0493004322052002,"['z0903c', 'z0625b']",[],1.2732884457462532,too moved,22.0
137,[H]c1c([H])c2c([H])c(c1Br)C([H])([H])C([H])([H])/N=C1/N([H])C(=O)N([H])[C@@]1([H])C([H])([H])C2([H])[H],,-69.14278576815725,-83.21964658036909,-14.076860812211834,2.79160890705817,18.0,0.0,1.225710153579712,"['z0903c', 'z0767a']",[],3.841265876008736,too moved,17.0
138,[H]c1c(N([H])C2=NC([H])([H])C([H])([H])C([H])([H])S2)c2c(c([H])c1C([H])([H])[H])[C@@]1(C(=O)N([H])C(=O)N1[H])C([H])([H])C2([H])[H],,-53.92866105254443,-19.723784125722666,34.20487692682176,2.124391137216867,23.0,0.0,1.8946173191070557,"['z0903c', 'z0892b']",[],2.344724393588888,too moved,35.0
139,[H]c1c([H])c(C(=O)N2C([H])([H])C([H])([H])N([H])C([H])([H])C2([H])[H])c2c(c1[H])[C@@]1(C(=O)N([H])C(=O)N1[H])C([H])([H])[C@@]2([H])F,,24.96811500773407,102.18377377644987,77.2156587687158,2.1933381374819483,24.0,0.0,2.3456053733825684,"['z0903c', 'z0898a']",[],-1.040338125322253,too moved,38.0
140,[H]O[C@]1([H])c2c([H])c([H])c([H])c(F)c2[C@@]2(C(=O)N([H])C(=O)N2[H])[C@]1([H])C([H])([H])[H],,-27.11608120767211,-118.59670558433835,-91.48062437666624,2.1425876345657504,18.0,0.0,0.817603349685669,"['z0903c', 'z0927a']",[],1.506448955981784,too moved,17.0
141,[H]O[C@@]([H])(C([H])([H])[H])C([H])([H])N([H])[C@]1([H])C([H])([H])C2(C([H])([H])C([H])([H])C([H])([H])C2([H])[H])C([H])([H])[C@]([H])([C@]2(C([H])([H])C([H])([H])[H])C(=O)N([H])C(=O)N2[H])C1([H])[H],,,,146.60123586609677,3.6296817389242433,24.0,0.0,11.768829345703125,"['z0903c', 'z0968a']",[],,crashed,38.0
142,[H]ON([H])[C@@]1([H])C([H])([H])C2=C(C([H])([H])C([H])([H])C([H])([H])C([H])([H])C([H])([H])C2([H])[H])[C@@]12C(=O)N([H])C(=O)N2[H],,,,,0.0,18.0,1.0,1.055565595626831,"['z0903c', 'z0991b']",[],,crashed,23.0
143,[H]Oc1c([H])c(N(F)C([H])([H])C([H])([H])[H])c(N([H])C(=O)C([H])([H])[H])n1C([H])([H])[H],,-21.180802882194268,-31.232426582089925,-10.051623699895657,2.772937380126694,15.0,0.0,1.7506911754608154,"['z0927a', 'z0136b']",[],1.4120535254796178,too moved,47.0
144,[H]Oc1c(OC([H])([H])[H])c(C(F)(F)ON([H])[H])nn1C([H])([H])[H],,-29.59251361601366,365.3329498338827,394.92546344989637,2.2679663030048465,14.0,0.0,1.0159695148468018,"['z0927a', 'z0184a']",[],2.1137509725724044,too moved,22.0
145,[H]N1C([H])([H])C([H])([H])N2C(=O)c3c(C(F)(F)F)c(F)n(C([H])([H])[H])c3[C@]2([H])[C@@]1([H])C([H])([H])[H],,26.434692725467926,285.7286669232153,259.2939741977474,1.8121063071471715,20.0,0.0,1.1015126705169678,"['z0927a', 'z0186a']",[],-1.3217346362733964,too moved,50.0
146,[H]OC([H])([H])[C@@]([H])(C([H])([H])[H])[C@@]1([H])[C@]2(N([H])N(C([H])([H])[H])[C@]1([H])O[H])N(F)C([H])([H])[C@@]([H])(Cl)[C@]([H])(F)N2[H],,,,153.7071618353239,2.8536949250293,19.0,0.0,1.9415438175201416,"['z0927a', 'z0207a']",[],,crashed,48.0
147,[H]ON(C(=O)N1C([H])([H])C(=O)N([H])C([H])([H])C1([H])[H])c1c([H])c(C(F)(F)F)nn1C([H])([H])[H],,621.6256468865697,983.528028195787,361.9023813092173,2.2406480289388293,21.0,0.0,3.0341451168060303,"['z0927a', 'z0397a']",[],-29.601221280312842,too moved,48.0
148,[H]O[C@]1([H])C2=C(N([H])N1C([H])([H])[H])C(F)(F)C([H])([H])C([H])([H])C2([H])[H],,,,188.16349590471955,1.9297699636179864,13.0,0.0,0.7622714042663574,"['z0927a', 'z0481b']",[],,crashed,31.0
149,[H]Oc1c([H])c(C(F)(F)F)c([C@@]([H])(N([H])C([H])([H])[H])S(=O)(=O)N([H])[H])n1C([H])([H])[H],,,,,0.0,17.0,1.0,0.8221468925476074,"['z0927a', 'z0625b']",[],,crashed,36.0
150,[H]Oc1c([H])c(C(F)(F)F)c(C([H])([H])C([H])([H])O[H])n1C([H])([H])[H],,-13.995406910904052,49.12242672459422,63.11783363549827,1.9318980529949337,14.0,0.0,0.7007668018341064,"['z0927a', 'z0767a']",[],0.9996719222074323,too moved,22.0
151,[H]Oc1c(N([H])C2=NC([H])([H])C([H])([H])C([H])([H])S2)c(C(F)(F)F)nn1C([H])([H])[H],,-46.300552709251235,148.80019782527955,195.1007505345308,1.7643848403240616,18.0,0.0,1.4521169662475586,"['z0927a', 'z0892b']",[],2.5722529282917352,too moved,39.0
152,[H]O[C@]1(c2c([H])c(C(F)(F)F)c(F)n2C([H])([H])[H])N([H])C([H])([H])C([H])([H])N([H])C1([H])[H],,-25.677542715182057,122.3507022871297,148.02824500231176,1.6879218222896397,18.0,0.0,1.210514783859253,"['z0927a', 'z0898a']",[],1.4265301508434476,too moved,45.0
153,[H]O[C@@]1([H])N(C([H])([H])[H])[C@]2(C(=O)N([H])C(=O)N2[H])[C@]2([H])O[C@@]1([H])C([H])([H])C([H])([H])[C@@]2([H])F,,,,86.40130242874255,2.49244096923016,17.0,1.0,1.2511720657348633,"['z0927a', 'z0903c']",[],,crashed,42.0
154,[H]O[C@@]1([H])N(C([H])([H])[H])N([H])C2(C1([H])[H])[C@@]([H])(F)C([H])([H])C([H])([H])C([H])([H])[C@]2([H])F,,,,327.9744881329763,1.5303201822031531,14.0,0.0,2.097809314727783,"['z0927a', 'z0968a']",[],,crashed,36.0
155,[H]O[C@@]1([H])N(C([H])([H])[H])N(N([H])S(=O)(=O)C([H])([H])[H])[C@@]2(C([H])([H])C([H])([H])C([H])([H])[C@]([H])(F)[C@@]2([H])F)C1([H])[H],,,,142.95048318403155,2.434884951781866,19.0,0.0,2.437394618988037,"['z0927a', 'z0991b']",[],,crashed,48.0
156,[H]Oc1c([H])nc(-c2c([H])c([H])c([H])c([H])c2[H])c(N([H])C(=O)C([H])([H])[H])c1[H],,-27.681212798017555,149.818863244047,177.50007604206456,3.7486973014009446,17.0,0.0,3.082162857055664,"['z0968a', 'z0136b']",[],1.6283066351775033,too moved,24.0
157,[H]Oc1c([H])nc(-c2c([H])c([H])c(N([H])[H])c([H])c2[H])nc1OC([H])([H])[H],,36.230554869784896,404.6291694172975,368.3986145475126,2.7829005200533725,16.0,0.0,1.3788642883300781,"['z0968a', 'z0184a']",[],-2.264409679361556,too moved,19.0
158,[H]C(=O)N1C([H])([H])C([H])([H])N([H])C([H])([H])[C@]12C([H])([H])N([H])[C@]([H])(c1c([H])c([H])c([H])c([H])c1[H])N(F)C2([H])[H],,132.3248538085848,485.50466436409,353.1798105555052,2.325296273064434,20.0,0.0,4.56604790687561,"['z0968a', 'z0186a']",[],-6.616242690429241,too moved,40.0
159,[H]OC([H])([H])C([H])([H])Oc1c([H])nc(-c2c([H])c([H])c([H])c([H])c2[H])nc1C([H])([H])[H],,,,,0.0,16.0,1.0,1.1818726062774658,"['z0968a', 'z0207a']",[],,crashed,19.0
160,,AtomKekulizeException non-ring atom 6 marked aromatic,,,,,,,,[],[],,crashed,
161,[H]Oc1c([H])nc(-c2c([H])c([H])c([H])c([H])c2N([H])C([H])([H])c2n[nH]c([H])c2[H])nc1[H],,-72.9681352510041,191.45341210372848,264.4215473547326,2.877422937905643,20.0,0.0,1.0804259777069092,"['z0968a', 'z0481b']",[],3.648406762550205,too moved,35.0
162,[H]O[C@]1([H])C([H])([H])C([H])([H])[C@@]2([H])C([H])([H])[C@@]3([H])C([H])([H])C([H])([H])C([H])([H])C([H])([H])[C@]3([H])C([H])([H])[C@@]([H])(C([H])([H])[H])[C@]2([H])[C@]1([H])C([H])([H])S(=O)(=O)N([H])[H],,,,125.54173618785977,3.1139622234167774,22.0,0.0,4.52847695350647,"['z0968a', 'z0625b']",[],,crashed,41.0
163,[H]OC1=C([H])N2C(:c3c([H])c([H])c([H])c([H])c3=C([H])N2C([H])([H])C([H])([H])O[H])N=C1[H],,-14.78242148331151,213.0513983168542,227.8338198001657,2.5110768218502177,18.0,0.0,1.6574974060058594,"['z0968a', 'z0767a']",[],0.8212456379617505,too moved,28.0
164,[H]Oc1c([H])nc(-c2c([H])c([H])c([H])c([H])c2[H])nc1N([H])C1=NC([H])([H])C([H])([H])C([H])([H])S1,,67.00769662582638,307.6033811184012,240.59568449257483,1.7202072005445368,20.0,0.0,2.596806049346924,"['z0968a', 'z0892b']",[],-3.3503848312913194,too moved,35.0
165,[H]c1c([H])c([H])c(C2NC([H])[C@@H]3[C@H](C(=O)N([H])C([H])([H])C([H])([H])N([H])C3([H])[H])N2F)c([H])c1[H],,-52.947975096627744,202.38768738508745,255.3356624817152,2.7004174649919945,20.0,0.0,1.758096694946289,"['z0968a', 'z0898a']",[],2.647398754831387,too moved,40.0
166,[H]O[C@@]([H])(C([H])([H])[H])C([H])([H])N([H])[C@@]1([H])N([H])[C@]([H])([C@]2(C([H])([H])C([H])([H])[H])C(=O)N([H])C(=O)N2[H])C([H])([H])C12C([H])([H])C([H])([H])C([H])([H])C([H])([H])C2([H])[H],,,,83.12245555119217,3.560416374906608,24.0,0.0,8.834108591079712,"['z0968a', 'z0903c']",[],,crashed,46.0
167,[H]Oc1c([H])nc(-c2c(F)c([H])c([H])c([H])c2F)nc1C([H])([H])[H],,126.49463103316927,356.8700778144328,230.37544678126355,1.538736643326764,16.0,0.0,1.3709771633148193,"['z0968a', 'z0927a']",[],-7.905914439573079,too moved,19.0
168,[H]OC1C([H])NC(c2c([H])c([H])c([H])c([H])c2[H])N(N([H])S(=O)(=O)C([H])([H])[H])C1[H],,60.20335616060015,261.9354159185004,201.73205975790023,1.7659151130902142,18.0,0.0,2.086676597595215,"['z0968a', 'z0991b']",[],-3.3446308978111197,too moved,28.0
169,,FragmensteinError Ideal compound failed. Something is wrong with the SMILES,,,,,,,,[],[],,crashed,
170,,ValueError No idea what this S SP3D2 is,,,,,,,,[],[],,crashed,
171,[H]c1c([H])c([H])c2c(c1[H])O[C@]([H])(C(=O)N1C([H])([H])C([H])([H])N([H])[C@]([H])(C([H])([H])[H])C1([H])[H])[C@]([H])(F)[C@@]2([H])N([H])S(=O)(=O)C([H])([H])[H],,-162.77806884789945,206.99367614168185,369.7717449895813,3.4887287304085364,25.0,0.0,6.08898663520813,"['z0991b', 'z0186a']",[],6.511122753915978,too moved,40.0
172,[H]OC([H])([H])[C@@]([H])(C([H])([H])[H])[C@@]1([H])Oc2c([H])c([H])c(Cl)c([H])c2[C@]([H])(N([H])S(=O)(=O)C([H])([H])[H])C1([H])[H],,-6.5597478364383335,97.5406527431093,104.10040057954764,2.909803334095432,20.0,0.0,1.771902084350586,"['z0991b', 'z0207a']",[],0.32798739182191666,too moved,25.0
173,[H]c1c([H])c([H])c2c(c1[H])O[C@@]([H])(C([H])([H])C(=O)N1C([H])([H])C(=O)N([H])C([H])([H])C1([H])[H])C([H])([H])[C@@]2([H])N([H])S(=O)(=O)C([H])([H])[H],,29.912251818531672,185.16927878860173,155.25702697007006,3.5325082158440813,25.0,0.0,6.622460842132568,"['z0991b', 'z0397a']",[],-1.1964900727412668,too moved,40.0
174,[H]c1c([H])c([H])c2c(c1[H])OC([H])([H])C([H])([H])[C@@]2([H])[C@]1(S(=O)(=O)C([H])([H])[H])N([H])N([H])C([H])([H])C1([H])[H],,-28.05489148409879,198.88465890491872,226.9395503890175,2.23385694922193,19.0,0.0,1.6869354248046875,"['z0991b', 'z0481b']",[],1.4765732360051995,too moved,27.0
175,[H]c1c([H])c([H])c2c(c1[H])OC([H])([H])[C@]([H])(C([H])([H])S(=O)(=O)N([H])[H])[C@@]2([H])N([H])S(=O)(=O)C([H])([H])[H],,-54.87249923765117,-42.29558140630945,12.576917831341717,2.227236609405139,20.0,0.0,1.3039703369140625,"['z0991b', 'z0625b']",[],2.7436249618825586,too moved,25.0
176,[H]c1c([H])c([H])c2c(c1[H])OC([H])([H])C([H])([H])[C@@]2([H])N([H])S(=O)(=O)C([H])([H])[H],,-18.31832724997865,-5.7086931426623035,12.609634107316346,2.502950610360027,15.0,0.0,0.9402365684509277,"['z0991b', 'z0767a']",[],1.2212218166652433,equally sized,0.0
177,[H]c1c([H])c([H])c2c(c1[H])O[C@]([H])(N([H])C1=NC([H])([H])C([H])([H])C([H])([H])S1)C([H])([H])[C@@]2([H])N([H])S(=O)(=O)C([H])([H])[H],,-37.9850428012391,-13.04548377465761,24.93955902658149,2.371962711453353,22.0,0.0,2.619112253189087,"['z0991b', 'z0892b']",[],1.7265928546017775,too moved,32.0
178,[H]c1c([H])c([H])c2c(c1[H])O[C@]([H])(C(=O)N1C([H])([H])C([H])([H])N([H])C([H])([H])C1([H])[H])[C@]([H])(F)[C@@]2([H])N([H])S(=O)(=O)C([H])([H])[H],,-119.39375226750067,193.28967979692382,312.6834320644245,3.866843343383338,24.0,0.0,6.700562000274658,"['z0991b', 'z0898a']",[],4.974739677812528,too moved,38.0
179,[H]C1=NC(=O)[C@]2(c3c([H])c([H])c([H])c([H])c3OC([H])([H])C2([H])[H])N1[H],,-26.091289699477827,77.66279307203204,103.75408277150987,2.818401387084397,15.0,0.0,0.9842939376831055,"['z0991b', 'z0903c']",[],1.7394193132985218,equally sized,27.0
180,[H]O[C@]1([H])OC2=C(C(F)(F)C([H])([H])C([H])([H])C2([H])[H])[C@]([H])(N([H])S(=O)(=O)C([H])([H])[H])[C@]1([H])C([H])([H])[H],,,,-43.30561566058893,2.211376768000298,19.0,0.0,1.6589250564575195,"['z0991b', 'z0927a']",[],,crashed,22.0
181,[H]O[C@]1([H])Oc2c([H])c([H])c([H])c([H])c2[C@]([H])(N([H])S(=O)(=O)C([H])([H])[H])C1([H])[H],,-11.047196358303204,-30.733870861583256,-19.686674503280052,2.401390659456,16.0,0.0,1.1158027648925781,"['z0991b', 'z0968a']",[],0.6904497723939502,too moved,7.0
